solid Exported from Houdini 22.0.429
  facet normal -8.136770725e-01 0.000000000e+00 -5.813170075e-01
    outer loop
      vertex 1.555315375e+00 2.132083130e+01 4.468131228e-04
      vertex -8.111602767e-08 2.221853065e+01 2.177441835e+00
      vertex -8.111602767e-08 1.110913277e+01 2.177441835e+00
    endloop
  endfacet
  facet normal -8.137335181e-01 -1.604002975e-08 -5.812381506e-01
    outer loop
      vertex 1.555315495e+00 3.332818985e+01 9.517899713e-08
      vertex -1.359699979e-07 3.332818985e+01 2.177441597e+00
      vertex -8.111602767e-08 2.221853065e+01 2.177441835e+00
    endloop
  endfacet
  facet normal -4.098039269e-01 -7.069607377e-01 -5.764263272e-01
    outer loop
      vertex -8.111602767e-08 2.221853065e+01 2.177441835e+00
      vertex -8.821939468e+00 2.910801506e+01 0.000000000e+00
      vertex -8.843362808e+00 2.912043381e+01 9.517899713e-08
    endloop
  endfacet
  facet normal -4.068809748e-01 -7.047055364e-01 -5.812382698e-01
    outer loop
      vertex -8.111602767e-08 2.221853065e+01 2.177441835e+00
      vertex -8.843362808e+00 2.912043381e+01 9.517899713e-08
      vertex -9.621018410e+00 2.777348900e+01 2.177441597e+00
    endloop
  endfacet
  facet normal -8.137187958e-01 -8.227206649e-08 -5.812587142e-01
    outer loop
      vertex 1.251531005e+00 2.170397997e+00 4.253933728e-01
      vertex 1.555315495e+00 2.692513466e+00 1.178841339e-04
      vertex -8.111602767e-08 1.110913277e+01 2.177441835e+00
    endloop
  endfacet
  facet normal -8.137184978e-01 1.259999943e-15 -5.812591910e-01
    outer loop
      vertex 1.251531005e+00 2.170397997e+00 4.253933728e-01
      vertex -8.111602767e-08 1.110913277e+01 2.177441835e+00
      vertex -4.529425368e-08 -7.845194716e-08 2.177441597e+00
    endloop
  endfacet
  facet normal 8.136776090e-01 2.316897007e-05 -5.813163519e-01
    outer loop
      vertex -8.111602767e-08 1.110913277e+01 2.177441835e+00
      vertex -1.555315495e+00 1.021143436e+01 4.068095586e-04
      vertex -1.555315495e+00 2.693314075e+00 1.072979285e-04
    endloop
  endfacet
  facet normal 4.068638980e-01 -7.046754956e-01 -5.812867880e-01
    outer loop
      vertex 1.526509643e+00 1.378665066e+01 3.019994256e-05
      vertex -8.111602767e-08 1.110913277e+01 2.177441835e+00
      vertex 9.621019363e+00 1.666409492e+01 2.177441597e+00
    endloop
  endfacet
  facet normal -4.068944454e-01 7.047047615e-01 -5.812298656e-01
    outer loop
      vertex 1.555315375e+00 1.021143436e+01 4.468131228e-04
      vertex 8.367161751e+00 1.449505901e+01 4.253892601e-01
      vertex 9.621019363e+00 1.666409492e+01 2.177441597e+00
    endloop
  endfacet
  facet normal -4.068718255e-01 7.046891451e-01 -5.812645555e-01
    outer loop
      vertex -8.111602767e-08 1.110913277e+01 2.177441835e+00
      vertex 1.555315375e+00 1.021143436e+01 4.468131228e-04
      vertex 9.621019363e+00 1.666409492e+01 2.177441597e+00
    endloop
  endfacet
  facet normal 4.068666399e-01 -7.047136426e-01 -5.812383890e-01
    outer loop
      vertex 9.621019363e+00 1.666409492e+01 2.177441597e+00
      vertex 1.924203873e+01 2.221879387e+01 2.177441120e+00
      vertex 1.846438217e+01 2.356573677e+01 0.000000000e+00
    endloop
  endfacet
  facet normal -4.068667591e-01 7.047140002e-01 -5.812380910e-01
    outer loop
      vertex 1.117629910e+01 1.576611137e+01 0.000000000e+00
      vertex 1.798817444e+01 2.004979897e+01 4.253811538e-01
      vertex 1.924203873e+01 2.221879387e+01 2.177441120e+00
    endloop
  endfacet
  facet normal -4.068613648e-01 7.047019601e-01 -5.812564492e-01
    outer loop
      vertex 1.106091976e+01 1.583380127e+01 1.628344804e-01
      vertex 1.117629910e+01 1.576611137e+01 0.000000000e+00
      vertex 1.924203873e+01 2.221879387e+01 2.177441120e+00
    endloop
  endfacet
  facet normal -4.068670273e-01 7.047144175e-01 -5.812374949e-01
    outer loop
      vertex 9.621019363e+00 1.666409492e+01 2.177441597e+00
      vertex 1.106091976e+01 1.583380127e+01 1.628344804e-01
      vertex 1.924203873e+01 2.221879387e+01 2.177441120e+00
    endloop
  endfacet
  facet normal 4.069614410e-01 7.046178579e-01 -5.812883377e-01
    outer loop
      vertex -8.066122055e+00 1.397150326e+01 0.000000000e+00
      vertex -4.224546909e+00 1.175275040e+01 0.000000000e+00
      vertex -8.111602767e-08 1.110913277e+01 2.177441835e+00
    endloop
  endfacet
  facet normal 4.069666564e-01 7.048535347e-01 -5.809988976e-01
    outer loop
      vertex -9.621020317e+00 1.666409492e+01 2.177441597e+00
      vertex -8.066122055e+00 1.397150326e+01 0.000000000e+00
      vertex -8.111602767e-08 1.110913277e+01 2.177441835e+00
    endloop
  endfacet
  facet normal -4.068666995e-01 -7.047140002e-01 -5.812379718e-01
    outer loop
      vertex -1.117633438e+01 1.935798073e+01 0.000000000e+00
      vertex -1.846438217e+01 2.356573677e+01 9.517899713e-08
      vertex -1.924203873e+01 2.221879196e+01 2.177441597e+00
    endloop
  endfacet
  facet normal 4.068634510e-01 -7.046750784e-01 -5.812874436e-01
    outer loop
      vertex 1.526509643e+00 2.489604759e+01 3.020013173e-05
      vertex -8.111602767e-08 2.221853065e+01 2.177441835e+00
      vertex 9.621020317e+00 2.777349091e+01 2.177441597e+00
    endloop
  endfacet
  facet normal -4.068777561e-01 7.046818733e-01 -5.812692046e-01
    outer loop
      vertex -8.111602767e-08 2.221853065e+01 2.177441835e+00
      vertex 1.555315375e+00 2.132083130e+01 4.468131228e-04
      vertex 8.065787315e+00 2.507965469e+01 1.179399333e-04
    endloop
  endfacet
  facet normal 4.068736434e-01 7.046928406e-01 -5.812589526e-01
    outer loop
      vertex -1.555315495e+00 2.132083130e+01 4.068095586e-04
      vertex -8.111602767e-08 2.221853065e+01 2.177441835e+00
      vertex -9.621018410e+00 2.777348900e+01 2.177441597e+00
    endloop
  endfacet
  facet normal -4.068637788e-01 7.047156096e-01 -5.812382698e-01
    outer loop
      vertex 2.964071465e+01 1.531715202e+01 0.000000000e+00
      vertex 2.886305809e+01 1.666409492e+01 2.177441597e+00
      vertex 1.925406456e+01 1.111633968e+01 2.177376747e+00
    endloop
  endfacet
  facet normal -4.068664908e-01 7.047132254e-01 -5.812391639e-01
    outer loop
      vertex 3.926173401e+01 2.087184906e+01 0.000000000e+00
      vertex 3.848407745e+01 2.221879387e+01 2.177441597e+00
      vertex 2.886305809e+01 1.666409492e+01 2.177441597e+00
    endloop
  endfacet
  facet normal 4.080610573e-01 -7.074523568e-01 -5.770593286e-01
    outer loop
      vertex 9.608730316e+00 5.561793327e+00 2.177373886e+00
      vertex 8.069892883e+00 6.450241089e+00 0.000000000e+00
      vertex 1.555315495e+00 2.692513466e+00 1.178841339e-04
    endloop
  endfacet
  facet normal 4.080609977e-01 -7.074520588e-01 -5.770596862e-01
    outer loop
      vertex 9.608730316e+00 5.561793327e+00 2.177373886e+00
      vertex 1.555315495e+00 2.692513466e+00 1.178841339e-04
      vertex 1.251531005e+00 2.170397997e+00 4.253933728e-01
    endloop
  endfacet
  facet normal -4.085233212e-01 7.069820762e-01 -5.773083568e-01
    outer loop
      vertex 3.109558582e+00 6.190854474e-04 1.147185467e-04
      vertex 9.621019363e+00 3.763115168e+00 0.000000000e+00
      vertex 9.621019363e+00 5.541111946e+00 2.177366018e+00
    endloop
  endfacet
  facet normal -4.085231721e-01 7.069819570e-01 -5.773087740e-01
    outer loop
      vertex 3.109558582e+00 6.190854474e-04 1.147185467e-04
      vertex 9.621019363e+00 5.541111946e+00 2.177366018e+00
      vertex 2.505260229e+00 -1.320978277e-03 4.253611565e-01
    endloop
  endfacet
  facet normal -4.084606469e-01 -7.107103467e-01 -5.727570653e-01
    outer loop
      vertex 1.924026489e+01 1.794856310e+00 5.240018436e-05
      vertex 1.273155689e+01 5.535197258e+00 4.915621248e-04
      vertex 9.633044243e+00 5.561640739e+00 2.177376747e+00
    endloop
  endfacet
  facet normal 4.074928761e-01 7.078552842e-01 -5.769665837e-01
    outer loop
      vertex 9.621019363e+00 5.541111946e+00 2.177366018e+00
      vertex 1.613248062e+01 5.249470705e-04 0.000000000e+00
      vertex 1.613248062e+01 6.190854474e-04 1.147185467e-04
    endloop
  endfacet
  facet normal 4.085229337e-01 7.069815993e-01 -5.773092508e-01
    outer loop
      vertex 9.621019363e+00 5.541111946e+00 2.177366018e+00
      vertex 1.613248062e+01 6.190854474e-04 1.147185467e-04
      vertex 1.673673058e+01 -1.282899058e-03 4.253731668e-01
    endloop
  endfacet
  facet normal -8.159266114e-01 3.269040099e-05 -5.781555176e-01
    outer loop
      vertex 1.117629910e+01 1.576611137e+01 0.000000000e+00
      vertex 1.106091976e+01 1.583380127e+01 1.628344804e-01
      vertex 9.633044243e+00 5.561640739e+00 2.177376747e+00
    endloop
  endfacet
  facet normal 8.145487905e-01 3.340145631e-04 -5.800949931e-01
    outer loop
      vertex 8.066891670e+00 1.397089386e+01 1.178140810e-04
      vertex 8.066807747e+00 1.397094345e+01 0.000000000e+00
      vertex 8.069892883e+00 6.450241089e+00 0.000000000e+00
    endloop
  endfacet
  facet normal 8.167023063e-01 3.348522296e-04 -5.770592093e-01
    outer loop
      vertex 8.066891670e+00 1.397089386e+01 1.178140810e-04
      vertex 8.069892883e+00 6.450241089e+00 0.000000000e+00
      vertex 8.367161751e+00 1.449505901e+01 4.253892601e-01
    endloop
  endfacet
  facet normal 8.167034984e-01 3.345187288e-04 -5.770574212e-01
    outer loop
      vertex 1.768782806e+01 1.952554321e+01 7.211023245e-08
      vertex 1.769091225e+01 1.200494003e+01 0.000000000e+00
      vertex 1.798817444e+01 2.004979897e+01 4.253811538e-01
    endloop
  endfacet
  facet normal 9.999998808e-01 4.096237826e-04 0.000000000e+00
    outer loop
      vertex 1.768782806e+01 1.952554321e+01 7.211023245e-08
      vertex 1.768782806e+01 1.952554321e+01 0.000000000e+00
      vertex 1.769091225e+01 1.200494003e+01 0.000000000e+00
    endloop
  endfacet
  facet normal 8.137333989e-01 0.000000000e+00 -5.812382698e-01
    outer loop
      vertex 8.065706253e+00 1.756205750e+01 3.039610874e-06
      vertex 9.621019363e+00 1.666409492e+01 2.177441597e+00
      vertex 9.621020317e+00 2.777349091e+01 2.177441597e+00
    endloop
  endfacet
  facet normal -2.177939415e-01 -1.224771217e-01 -9.682794809e-01
    outer loop
      vertex -1.924203873e+01 -1.109507465e+01 2.177360773e+00
      vertex -1.923015785e+01 -1.111625576e+01 2.177368402e+00
      vertex -1.115958214e+01 -8.258147240e+00 4.930282594e-04
    endloop
  endfacet
  facet normal 4.068664908e-01 -7.047132254e-01 -5.812391639e-01
    outer loop
      vertex -3.926173401e+01 -2.087184906e+01 0.000000000e+00
      vertex -3.848407745e+01 -2.221879387e+01 2.177441597e+00
      vertex -2.886305809e+01 -1.666409492e+01 2.177441597e+00
    endloop
  endfacet
  facet normal 8.197027445e-01 -1.602805220e-03 -5.727869868e-01
    outer loop
      vertex -1.117454243e+01 -1.576514053e+01 5.272573253e-05
      vertex -1.106092930e+01 -1.583380604e+01 1.628344357e-01
      vertex -9.633159637e+00 -5.561707497e+00 2.177375317e+00
    endloop
  endfacet
  facet normal 4.061254263e-01 6.997528672e-01 -5.877142549e-01
    outer loop
      vertex -1.924203300e+01 9.315131187e+00 0.000000000e+00
      vertex -1.324359512e+01 5.833733559e+00 0.000000000e+00
      vertex -9.616399765e+00 5.557365417e+00 2.177430630e+00
    endloop
  endfacet
  facet normal 4.065848291e-01 7.042255998e-01 -5.820266604e-01
    outer loop
      vertex -1.923741913e+01 1.111206341e+01 2.177430630e+00
      vertex -1.924203300e+01 9.315131187e+00 0.000000000e+00
      vertex -9.616399765e+00 5.557365417e+00 2.177430630e+00
    endloop
  endfacet
  facet normal 4.059486091e-01 7.001807690e-01 -5.873267055e-01
    outer loop
      vertex -2.964071465e+01 1.531715202e+01 0.000000000e+00
      vertex -2.963263130e+01 1.531246376e+01 0.000000000e+00
      vertex -1.923741913e+01 1.111206341e+01 2.177430630e+00
    endloop
  endfacet
  facet normal 4.065734446e-01 7.048834562e-01 -5.812377334e-01
    outer loop
      vertex -2.886305809e+01 1.666409492e+01 2.177441597e+00
      vertex -2.964071465e+01 1.531715202e+01 0.000000000e+00
      vertex -1.923741913e+01 1.111206341e+01 2.177430630e+00
    endloop
  endfacet
  facet normal -4.065739214e-01 -7.048820257e-01 -5.812391043e-01
    outer loop
      vertex -2.808539963e+01 1.801103783e+01 0.000000000e+00
      vertex -2.886305809e+01 1.666409492e+01 2.177441597e+00
      vertex -1.923741913e+01 1.111206341e+01 2.177430630e+00
    endloop
  endfacet
  facet normal -4.068667591e-01 -7.047135830e-01 -5.812384486e-01
    outer loop
      vertex -3.770642090e+01 2.356573677e+01 0.000000000e+00
      vertex -3.848407745e+01 2.221879387e+01 2.177441597e+00
      vertex -2.886305809e+01 1.666409492e+01 2.177441597e+00
    endloop
  endfacet
  facet normal -4.069002271e-01 7.047709227e-01 -5.811455846e-01
    outer loop
      vertex -1.673691177e+01 1.568462583e-03 4.253274202e-01
      vertex -1.613290024e+01 -4.248430778e-04 0.000000000e+00
      vertex -9.616399765e+00 5.557365417e+00 2.177430630e+00
    endloop
  endfacet
  facet normal -4.069005251e-01 7.047712803e-01 -5.811449289e-01
    outer loop
      vertex -1.673691177e+01 1.568462583e-03 4.253274202e-01
      vertex -9.616399765e+00 5.557365417e+00 2.177430630e+00
      vertex -1.924203873e+01 -5.887673993e-08 2.177441597e+00
    endloop
  endfacet
  facet normal 4.073709846e-01 -7.085970044e-01 -5.761415362e-01
    outer loop
      vertex -1.923741913e+01 1.111206341e+01 2.177430630e+00
      vertex -2.235261345e+01 1.109141636e+01 1.713753591e-04
      vertex -2.964071465e+01 6.901640415e+00 0.000000000e+00
    endloop
  endfacet
  facet normal 4.076289237e-01 7.049030662e-01 -5.804742575e-01
    outer loop
      vertex -9.616399765e+00 5.557365417e+00 2.177430630e+00
      vertex -3.107649326e+00 4.357206053e-04 0.000000000e+00
      vertex -2.504683495e+00 1.913900487e-03 4.252181947e-01
    endloop
  endfacet
  facet normal 4.071602821e-01 7.045441270e-01 -5.812382102e-01
    outer loop
      vertex -9.616399765e+00 5.557365417e+00 2.177430630e+00
      vertex -2.504683495e+00 1.913900487e-03 4.252181947e-01
      vertex -4.529425368e-08 -7.845194716e-08 2.177441597e+00
    endloop
  endfacet
  facet normal 8.137335777e-01 -2.566465582e-07 -5.812379718e-01
    outer loop
      vertex -1.117633438e+01 1.935798073e+01 0.000000000e+00
      vertex -9.621020317e+00 1.666409492e+01 2.177441597e+00
      vertex -9.621018410e+00 2.777348900e+01 2.177441597e+00
    endloop
  endfacet
  facet normal -8.137335777e-01 0.000000000e+00 -5.812380910e-01
    outer loop
      vertex -8.065704346e+00 1.756025696e+01 0.000000000e+00
      vertex -8.065703392e+00 2.507969284e+01 0.000000000e+00
      vertex -9.621018410e+00 2.777348900e+01 2.177441597e+00
    endloop
  endfacet
  facet normal 4.070125222e-01 -7.049673796e-01 -5.808286667e-01
    outer loop
      vertex -1.924038315e+01 1.794952989e+00 1.832517592e-05
      vertex -1.924203873e+01 -5.887673993e-08 2.177441597e+00
      vertex -9.616399765e+00 5.557365417e+00 2.177430630e+00
    endloop
  endfacet
  facet normal -4.068664908e-01 7.047141790e-01 -5.812380910e-01
    outer loop
      vertex -2.575354195e+01 -5.555341244e+00 0.000000000e+00
      vertex -1.924294281e+01 -1.662142396e+00 1.628340483e-01
      vertex -1.924203873e+01 -5.887673993e-08 2.177441597e+00
    endloop
  endfacet
  facet normal -4.068674445e-01 7.047142386e-01 -5.812372565e-01
    outer loop
      vertex -2.635770416e+01 -5.553305626e+00 4.253831208e-01
      vertex -2.575354195e+01 -5.555341244e+00 0.000000000e+00
      vertex -1.924203873e+01 -5.887673993e-08 2.177441597e+00
    endloop
  endfacet
  facet normal -4.068666995e-01 7.047137022e-01 -5.812383294e-01
    outer loop
      vertex -2.635770416e+01 -5.553305626e+00 4.253831208e-01
      vertex -1.924203873e+01 -5.887673993e-08 2.177441597e+00
      vertex -2.886305809e+01 -5.554698467e+00 2.177441597e+00
    endloop
  endfacet
  facet normal -4.067879617e-01 -7.047410011e-01 -5.812603831e-01
    outer loop
      vertex -1.945813751e+01 1.920659065e+00 0.000000000e+00
      vertex -2.575356102e+01 5.554479599e+00 0.000000000e+00
      vertex -1.924203873e+01 -5.887673993e-08 2.177441597e+00
    endloop
  endfacet
  facet normal -4.067862332e-01 -7.047418356e-01 -5.812606215e-01
    outer loop
      vertex -1.924038315e+01 1.794952989e+00 1.832517592e-05
      vertex -1.945813751e+01 1.920659065e+00 0.000000000e+00
      vertex -1.924203873e+01 -5.887673993e-08 2.177441597e+00
    endloop
  endfacet
  facet normal 4.068666995e-01 7.047138214e-01 -5.812381506e-01
    outer loop
      vertex 1.117633343e+01 -1.935798073e+01 2.883973593e-07
      vertex 1.846438217e+01 -2.356573677e+01 0.000000000e+00
      vertex 1.924203873e+01 -2.221879387e+01 2.177441120e+00
    endloop
  endfacet
  facet normal 8.139842749e-01 1.512843417e-03 -5.808849931e-01
    outer loop
      vertex -1.569563866e+00 -1.379495811e+01 0.000000000e+00
      vertex -1.568546057e+00 -1.434255981e+01 0.000000000e+00
      vertex -5.504301726e-08 -2.221856117e+01 2.177441597e+00
    endloop
  endfacet
  facet normal 8.112151027e-01 0.000000000e+00 -5.847478509e-01
    outer loop
      vertex -5.504301726e-08 -1.110916424e+01 2.177441597e+00
      vertex -1.569563866e+00 -1.379495811e+01 0.000000000e+00
      vertex -5.504301726e-08 -2.221856117e+01 2.177441597e+00
    endloop
  endfacet
  facet normal -8.130780458e-01 -3.084755270e-03 -5.821465254e-01
    outer loop
      vertex -5.504301726e-08 -2.221856117e+01 2.177441597e+00
      vertex 1.555315495e+00 -2.132083130e+01 3.924226621e-04
      vertex 1.526993513e+00 -1.378693008e+01 2.783787750e-05
    endloop
  endfacet
  facet normal 8.137335777e-01 0.000000000e+00 -5.812381506e-01
    outer loop
      vertex -1.555315495e+00 -3.332818985e+01 0.000000000e+00
      vertex 0.000000000e+00 -3.332818985e+01 2.177441597e+00
      vertex -5.504301726e-08 -2.221856117e+01 2.177441597e+00
    endloop
  endfacet
  facet normal -8.203164339e-01 -2.754103392e-03 -5.719031692e-01
    outer loop
      vertex 1.555315495e+00 -3.332818985e+01 0.000000000e+00
      vertex 1.555219054e+00 -3.329945755e+01 0.000000000e+00
      vertex -5.504301726e-08 -2.221856117e+01 2.177441597e+00
    endloop
  endfacet
  facet normal -8.137334585e-01 0.000000000e+00 -5.812382102e-01
    outer loop
      vertex 0.000000000e+00 -3.332818985e+01 2.177441597e+00
      vertex 1.555315495e+00 -3.332818985e+01 0.000000000e+00
      vertex -5.504301726e-08 -2.221856117e+01 2.177441597e+00
    endloop
  endfacet
  facet normal 8.137333393e-01 0.000000000e+00 -5.812383890e-01
    outer loop
      vertex -1.555315495e+00 -4.443758774e+01 0.000000000e+00
      vertex 0.000000000e+00 -4.443758774e+01 2.177441597e+00
      vertex 0.000000000e+00 -3.332818985e+01 2.177441597e+00
    endloop
  endfacet
  facet normal 4.068445861e-01 7.046797276e-01 -5.812950134e-01
    outer loop
      vertex -5.504301726e-08 -2.221856117e+01 2.177441597e+00
      vertex 1.526993275e+00 -2.489632797e+01 2.783800846e-05
      vertex 8.843362808e+00 -2.912043381e+01 0.000000000e+00
    endloop
  endfacet
  facet normal 8.142502904e-01 -2.536514367e-04 -5.805138350e-01
    outer loop
      vertex -1.555097580e+00 -8.690558434e+00 0.000000000e+00
      vertex -1.555315495e+00 -1.021143436e+01 3.586934181e-04
      vertex -4.529425368e-08 -7.845194716e-08 2.177441597e+00
    endloop
  endfacet
  facet normal 8.158113956e-01 -2.532833896e-04 -5.783178806e-01
    outer loop
      vertex -1.251530290e+00 -2.170319557e+00 4.253755212e-01
      vertex -1.553235173e+00 -2.691529036e+00 0.000000000e+00
      vertex -1.555097580e+00 -8.690558434e+00 0.000000000e+00
    endloop
  endfacet
  facet normal 8.136987686e-01 3.877916242e-05 -5.812867880e-01
    outer loop
      vertex -1.251530290e+00 -2.170319557e+00 4.253755212e-01
      vertex -1.555097580e+00 -8.690558434e+00 0.000000000e+00
      vertex -4.529425368e-08 -7.845194716e-08 2.177441597e+00
    endloop
  endfacet
  facet normal -8.136838078e-01 0.000000000e+00 -5.813075900e-01
    outer loop
      vertex -4.529425368e-08 -7.845194716e-08 2.177441597e+00
      vertex -5.504301726e-08 -1.110916424e+01 2.177441597e+00
      vertex 1.555315495e+00 -1.021143436e+01 3.924226621e-04
    endloop
  endfacet
  facet normal 4.070559442e-01 -7.045361400e-01 -5.813211799e-01
    outer loop
      vertex -5.504301726e-08 -1.110916424e+01 2.177441597e+00
      vertex -2.872323751e+00 -1.097206116e+01 0.000000000e+00
      vertex -8.066704750e+00 -1.397319031e+01 0.000000000e+00
    endloop
  endfacet
  facet normal 4.070985615e-01 -7.063763142e-01 -5.790538192e-01
    outer loop
      vertex -5.504301726e-08 -1.110916424e+01 2.177441597e+00
      vertex -8.066704750e+00 -1.397319031e+01 0.000000000e+00
      vertex -8.367231369e+00 -1.449509239e+01 4.253728688e-01
    endloop
  endfacet
  facet normal 4.068793654e-01 -7.047063112e-01 -5.812385678e-01
    outer loop
      vertex -5.504301726e-08 -1.110916424e+01 2.177441597e+00
      vertex -8.367231369e+00 -1.449509239e+01 4.253728688e-01
      vertex -9.621019363e+00 -1.666409492e+01 2.177441597e+00
    endloop
  endfacet
  facet normal 4.070396125e-01 -7.045634389e-01 -5.812996626e-01
    outer loop
      vertex -9.621019363e+00 -1.666409492e+01 2.177441597e+00
      vertex -1.106092930e+01 -1.583380604e+01 1.628344357e-01
      vertex -1.140856457e+01 -1.590029335e+01 0.000000000e+00
    endloop
  endfacet
  facet normal 4.070339501e-01 -7.045677900e-01 -5.812981129e-01
    outer loop
      vertex -9.621019363e+00 -1.666409492e+01 2.177441597e+00
      vertex -1.140856457e+01 -1.590029335e+01 0.000000000e+00
      vertex -1.768772507e+01 -1.952781105e+01 0.000000000e+00
    endloop
  endfacet
  facet normal 4.070735276e-01 -7.062919140e-01 -5.791741610e-01
    outer loop
      vertex -9.621019363e+00 -1.666409492e+01 2.177441597e+00
      vertex -1.768772507e+01 -1.952781105e+01 0.000000000e+00
      vertex -1.798824501e+01 -2.004982758e+01 4.253657162e-01
    endloop
  endfacet
  facet normal 4.068667591e-01 -7.047138810e-01 -5.812381506e-01
    outer loop
      vertex -9.621019363e+00 -1.666409492e+01 2.177441597e+00
      vertex -1.798824501e+01 -2.004982758e+01 4.253657162e-01
      vertex -1.924203873e+01 -2.221879387e+01 2.177441597e+00
    endloop
  endfacet
  facet normal -4.068777561e-01 -7.047035694e-01 -5.812429786e-01
    outer loop
      vertex -5.504301726e-08 -1.110916424e+01 2.177441597e+00
      vertex 9.621020317e+00 -1.666409492e+01 2.177441597e+00
      vertex 8.065704346e+00 -1.397021198e+01 9.905502520e-05
    endloop
  endfacet
  facet normal 4.068452716e-01 7.046805024e-01 -5.812935233e-01
    outer loop
      vertex -5.504301726e-08 -1.110916424e+01 2.177441597e+00
      vertex 1.526993513e+00 -1.378693008e+01 2.783787750e-05
      vertex 8.065706253e+00 -1.756205750e+01 3.299135415e-06
    endloop
  endfacet
  facet normal 4.062310457e-01 -7.038183808e-01 -5.827658772e-01
    outer loop
      vertex -8.062250137e+00 -2.507769012e+01 0.000000000e+00
      vertex -8.065703392e+00 -2.507968330e+01 0.000000000e+00
      vertex -5.504301726e-08 -2.221856117e+01 2.177441597e+00
    endloop
  endfacet
  facet normal 4.068891704e-01 -7.046824694e-01 -5.812604427e-01
    outer loop
      vertex -1.555315495e+00 -2.132083130e+01 3.586934181e-04
      vertex -8.062250137e+00 -2.507769012e+01 0.000000000e+00
      vertex -5.504301726e-08 -2.221856117e+01 2.177441597e+00
    endloop
  endfacet
  facet normal -4.069175720e-01 -7.047255635e-01 -5.811884999e-01
    outer loop
      vertex 9.621018410e+00 -2.777348900e+01 2.177441597e+00
      vertex 8.065703392e+00 -2.507968903e+01 0.000000000e+00
      vertex 1.555315495e+00 -2.132083130e+01 3.924226621e-04
    endloop
  endfacet
  facet normal 4.068429768e-01 7.046727538e-01 -5.813045502e-01
    outer loop
      vertex 8.065704346e+00 -6.452660084e+00 3.754781210e-04
      vertex 9.620802879e+00 -5.554573059e+00 2.177441835e+00
      vertex -4.529425368e-08 -7.845194716e-08 2.177441597e+00
    endloop
  endfacet
  facet normal 4.049321711e-01 7.063295245e-01 -5.806277990e-01
    outer loop
      vertex 1.115290070e+01 -8.261897087e+00 0.000000000e+00
      vertex 1.191659164e+01 -8.699714661e+00 0.000000000e+00
      vertex 1.924182129e+01 -1.110927200e+01 2.177441597e+00
    endloop
  endfacet
  facet normal 4.048126638e-01 7.011560202e-01 -5.869472027e-01
    outer loop
      vertex 9.620802879e+00 -5.554573059e+00 2.177441835e+00
      vertex 1.115290070e+01 -8.261897087e+00 0.000000000e+00
      vertex 1.924182129e+01 -1.110927200e+01 2.177441597e+00
    endloop
  endfacet
  facet normal -4.020303786e-01 -7.063066363e-01 -5.826685429e-01
    outer loop
      vertex 1.924182129e+01 -1.110927200e+01 2.177441597e+00
      vertex 1.924203873e+01 -9.313472748e+00 4.355833516e-04
      vertex 1.268565559e+01 -5.581253529e+00 4.775319394e-05
    endloop
  endfacet
  facet normal 4.068666101e-01 7.047135830e-01 -5.812386274e-01
    outer loop
      vertex 2.808539963e+01 -1.801103783e+01 0.000000000e+00
      vertex 2.886305809e+01 -1.666409492e+01 2.177441597e+00
      vertex 1.924182129e+01 -1.110927200e+01 2.177441597e+00
    endloop
  endfacet
  facet normal -4.030261934e-01 -7.069221139e-01 -5.812324286e-01
    outer loop
      vertex 2.886305809e+01 -1.666409492e+01 2.177441597e+00
      vertex 2.961159706e+01 -1.530055141e+01 0.000000000e+00
      vertex 2.230667496e+01 -1.113595200e+01 4.775331763e-05
    endloop
  endfacet
  facet normal -4.109287560e-01 -7.117494345e-01 -5.696932673e-01
    outer loop
      vertex 2.886305809e+01 -1.666409492e+01 2.177441597e+00
      vertex 2.230667496e+01 -1.113595200e+01 4.775331763e-05
      vertex 1.924182129e+01 -1.110927200e+01 2.177441597e+00
    endloop
  endfacet
  facet normal 4.068667591e-01 7.047135830e-01 -5.812384486e-01
    outer loop
      vertex 3.770642090e+01 -2.356573677e+01 0.000000000e+00
      vertex 3.848407745e+01 -2.221879387e+01 2.177441597e+00
      vertex 2.886305809e+01 -1.666409492e+01 2.177441597e+00
    endloop
  endfacet
  facet normal 4.068452418e-01 -7.047259808e-01 -5.812385082e-01
    outer loop
      vertex 1.673673058e+01 -1.282899058e-03 4.253731668e-01
      vertex 1.613248062e+01 6.190854474e-04 1.147185467e-04
      vertex 9.621019363e+00 -3.758774996e+00 4.355833516e-04
    endloop
  endfacet
  facet normal 4.068453610e-01 -7.047263384e-01 -5.812380910e-01
    outer loop
      vertex 1.673673058e+01 -1.282899058e-03 4.253731668e-01
      vertex 9.621019363e+00 -3.758774996e+00 4.355833516e-04
      vertex 1.924203873e+01 5.887673993e-08 2.177441597e+00
    endloop
  endfacet
  facet normal -4.068463147e-01 7.046717405e-01 -5.813034773e-01
    outer loop
      vertex 1.924182129e+01 -1.110927200e+01 2.177441597e+00
      vertex 2.230667496e+01 -1.113595200e+01 4.775331763e-05
      vertex 2.964071465e+01 -6.901640415e+00 0.000000000e+00
    endloop
  endfacet
  facet normal -4.068156183e-01 -7.046746016e-01 -5.813215971e-01
    outer loop
      vertex 9.620802879e+00 -5.554573059e+00 2.177441835e+00
      vertex 3.109558582e+00 6.190854474e-04 1.147185467e-04
      vertex 2.505260229e+00 -1.320978277e-03 4.253611565e-01
    endloop
  endfacet
  facet normal -4.068666101e-01 -7.047138810e-01 -5.812382698e-01
    outer loop
      vertex 9.620802879e+00 -5.554573059e+00 2.177441835e+00
      vertex 2.505260229e+00 -1.320978277e-03 4.253611565e-01
      vertex -4.529425368e-08 -7.845194716e-08 2.177441597e+00
    endloop
  endfacet
  facet normal 8.137333989e-01 2.161842531e-05 -5.812383294e-01
    outer loop
      vertex 8.065704346e+00 -6.452660084e+00 3.754781210e-04
      vertex 8.065704346e+00 -1.397021198e+01 9.905502520e-05
      vertex 9.621020317e+00 -1.666409492e+01 2.177441597e+00
    endloop
  endfacet
  facet normal -8.137339354e-01 0.000000000e+00 -5.812374949e-01
    outer loop
      vertex 1.117633343e+01 -2.777349091e+01 0.000000000e+00
      vertex 1.117633343e+01 -2.442739868e+01 0.000000000e+00
      vertex 9.621020317e+00 -1.666409492e+01 2.177441597e+00
    endloop
  endfacet
  facet normal -8.137333393e-01 1.283232507e-07 -5.812383890e-01
    outer loop
      vertex 9.621018410e+00 -2.777348900e+01 2.177441597e+00
      vertex 1.117633343e+01 -2.777349091e+01 0.000000000e+00
      vertex 9.621020317e+00 -1.666409492e+01 2.177441597e+00
    endloop
  endfacet
  facet normal 8.137333393e-01 9.249326638e-09 -5.812384486e-01
    outer loop
      vertex 9.621020317e+00 -1.666409492e+01 2.177441597e+00
      vertex 8.065706253e+00 -1.756205750e+01 3.299135415e-06
      vertex 8.065703392e+00 -2.507968903e+01 0.000000000e+00
    endloop
  endfacet
  facet normal -4.068510532e-01 7.047185302e-01 -5.812434554e-01
    outer loop
      vertex 1.924204254e+01 -1.795921564e+00 5.063438493e-06
      vertex 1.924203873e+01 5.887673993e-08 2.177441597e+00
      vertex 9.620802879e+00 -5.554573059e+00 2.177441835e+00
    endloop
  endfacet
  facet normal 4.068431556e-01 -7.047046423e-01 -5.812658668e-01
    outer loop
      vertex 1.924203873e+01 -9.313472748e+00 4.355833516e-04
      vertex 1.924182129e+01 -1.110927200e+01 2.177441597e+00
      vertex 2.886305809e+01 -5.554698467e+00 2.177441597e+00
    endloop
  endfacet
  facet normal 4.068665802e-01 -7.047137618e-01 -5.812383294e-01
    outer loop
      vertex 1.924293327e+01 1.662137389e+00 1.628341377e-01
      vertex 1.924203873e+01 5.887673993e-08 2.177441597e+00
      vertex 2.886305809e+01 5.554698467e+00 2.177441597e+00
    endloop
  endfacet
  facet normal 4.068667591e-01 -7.047141194e-01 -5.812378526e-01
    outer loop
      vertex 2.572984314e+01 5.541659355e+00 0.000000000e+00
      vertex 1.924293327e+01 1.662137389e+00 1.628341377e-01
      vertex 2.886305809e+01 5.554698467e+00 2.177441597e+00
    endloop
  endfacet
  facet normal 4.068858922e-01 -7.046648264e-01 -5.812844038e-01
    outer loop
      vertex 2.635779762e+01 5.553377151e+00 4.253612757e-01
      vertex 2.575341797e+01 5.555270672e+00 0.000000000e+00
      vertex 2.572984314e+01 5.541659355e+00 0.000000000e+00
    endloop
  endfacet
  facet normal 4.068627357e-01 -7.046583891e-01 -5.813081861e-01
    outer loop
      vertex 2.635779762e+01 5.553377151e+00 4.253612757e-01
      vertex 2.572984314e+01 5.541659355e+00 0.000000000e+00
      vertex 2.886305809e+01 5.554698467e+00 2.177441597e+00
    endloop
  endfacet
  facet normal 4.068669081e-01 7.047135830e-01 -5.812383294e-01
    outer loop
      vertex 1.924203873e+01 5.887673993e-08 2.177441597e+00
      vertex 1.924204254e+01 -1.795921564e+00 5.063438493e-06
      vertex 2.575250816e+01 -5.554745674e+00 0.000000000e+00
    endloop
  endfacet
  facet normal 8.660265803e-01 -4.999981225e-01 0.000000000e+00
    outer loop
      vertex -1.846438217e+01 2.356573677e+01 0.000000000e+00
      vertex -1.924203873e+01 2.221879196e+01 0.000000000e+00
      vertex -1.924203873e+01 2.221879196e+01 2.177441597e+00
    endloop
  endfacet
  facet normal 8.660257459e-01 -4.999994934e-01 -1.126406573e-06
    outer loop
      vertex -9.621019363e+00 2.777349091e+01 0.000000000e+00
      vertex -9.621018410e+00 2.777348900e+01 2.177441597e+00
      vertex -8.843362808e+00 2.912043381e+01 9.517899713e-08
    endloop
  endfacet
  facet normal 4.104671478e-01 -7.097738385e-01 -5.724839568e-01
    outer loop
      vertex 1.117810249e+01 8.210532188e+00 0.000000000e+00
      vertex 1.117599678e+01 8.209314346e+00 0.000000000e+00
      vertex 9.633044243e+00 5.561640739e+00 2.177376747e+00
    endloop
  endfacet
  facet normal -4.104198217e-01 7.063239217e-01 -5.767686367e-01
    outer loop
      vertex 1.924203873e+01 1.109581089e+01 2.177366018e+00
      vertex 1.273155689e+01 5.535197258e+00 4.915621248e-04
      vertex 1.328326702e+01 5.855375767e+00 0.000000000e+00
    endloop
  endfacet
  facet normal -4.984273016e-01 -8.669314384e-01 0.000000000e+00
    outer loop
      vertex 2.964071465e+01 6.901640892e+00 0.000000000e+00
      vertex 2.963789558e+01 6.903261662e+00 0.000000000e+00
      vertex 2.235257530e+01 1.108989525e+01 4.915631143e-04
    endloop
  endfacet
  facet normal -4.052986801e-01 -7.053435445e-01 5.815698504e-01
    outer loop
      vertex 1.924026489e+01 1.794813037e+00 0.000000000e+00
      vertex 1.273302555e+01 5.533947945e+00 0.000000000e+00
      vertex 1.273155689e+01 5.535197258e+00 4.915621248e-04
    endloop
  endfacet
  facet normal -1.000000000e+00 0.000000000e+00 0.000000000e+00
    outer loop
      vertex 2.886305809e+01 5.554698467e+00 2.177441597e+00
      vertex 2.964071465e+01 6.901640415e+00 0.000000000e+00
      vertex 2.964071465e+01 6.901640892e+00 0.000000000e+00
    endloop
  endfacet
  facet normal 4.098203480e-01 -7.098364830e-01 -5.728694201e-01
    outer loop
      vertex -2.232095528e+01 -1.112975311e+01 0.000000000e+00
      vertex -2.886305809e+01 -1.666409492e+01 2.177441597e+00
      vertex -1.925417709e+01 -1.111640549e+01 2.177375317e+00
    endloop
  endfacet
  facet normal -2.612519823e-02 4.546957836e-02 -9.986240864e-01
    outer loop
      vertex -2.808539963e+01 -1.801103783e+01 0.000000000e+00
      vertex -2.808257866e+01 -1.800941849e+01 0.000000000e+00
      vertex -2.078060150e+01 -1.381284618e+01 4.930232535e-04
    endloop
  endfacet
  facet normal 1.000000000e+00 0.000000000e+00 0.000000000e+00
    outer loop
      vertex -2.886305809e+01 -5.554698467e+00 2.177441597e+00
      vertex -2.964071465e+01 -6.901640415e+00 0.000000000e+00
      vertex -2.964071465e+01 -6.901640892e+00 0.000000000e+00
    endloop
  endfacet
  facet normal 8.135741353e-01 -2.316334394e-05 5.814611912e-01
    outer loop
      vertex -1.555315495e+00 2.693314075e+00 1.072979285e-04
      vertex -1.555315495e+00 1.021143436e+01 4.068095586e-04
      vertex -1.555024743e+00 1.021160316e+01 0.000000000e+00
    endloop
  endfacet
  facet normal -8.200391531e-01 3.103286494e-03 5.722991824e-01
    outer loop
      vertex 1.555315375e+00 2.132083130e+01 4.468131228e-04
      vertex 1.526509643e+00 1.378665066e+01 3.019994256e-05
      vertex 1.526488423e+00 1.378661346e+01 0.000000000e+00
    endloop
  endfacet
  facet normal 8.102760315e-01 -1.528510125e-03 -5.860463977e-01
    outer loop
      vertex -1.569806933e+00 1.379481030e+01 0.000000000e+00
      vertex -8.111602767e-08 1.110913277e+01 2.177441835e+00
      vertex -1.555315495e+00 2.132083130e+01 4.068095586e-04
    endloop
  endfacet
  facet normal 8.105500937e-01 -1.529374626e-03 -5.856673717e-01
    outer loop
      vertex -1.568764925e+00 1.434717369e+01 0.000000000e+00
      vertex -1.569806933e+00 1.379481030e+01 0.000000000e+00
      vertex -1.555315495e+00 2.132083130e+01 4.068095586e-04
    endloop
  endfacet
  facet normal -8.196459413e-01 2.802126808e-03 5.728636384e-01
    outer loop
      vertex 1.555315495e+00 3.332818985e+01 9.517899713e-08
      vertex 1.526509643e+00 2.489604759e+01 3.020013173e-05
      vertex 1.526488423e+00 2.489601135e+01 0.000000000e+00
    endloop
  endfacet
  facet normal 8.137334585e-01 -1.604002620e-08 -5.812382102e-01
    outer loop
      vertex -8.111602767e-08 2.221853065e+01 2.177441835e+00
      vertex -1.359699979e-07 3.332818985e+01 2.177441597e+00
      vertex -1.555315495e+00 3.332818985e+01 0.000000000e+00
    endloop
  endfacet
  facet normal -8.139686584e-01 -2.541284630e-05 5.809086561e-01
    outer loop
      vertex 1.555231333e+00 2.692561150e+00 0.000000000e+00
      vertex 1.554996490e+00 1.021161842e+01 0.000000000e+00
      vertex 1.555315375e+00 1.021143436e+01 4.468131228e-04
    endloop
  endfacet
  facet normal 8.137308955e-01 6.010921538e-07 -5.812416673e-01
    outer loop
      vertex -1.498838425e+00 3.649181747e+01 7.906803489e-02
      vertex -1.555315495e+00 3.645721054e+01 0.000000000e+00
      vertex -1.359699979e-07 3.332818985e+01 2.177441597e+00
    endloop
  endfacet
  facet normal 8.137338161e-01 0.000000000e+00 -5.812376738e-01
    outer loop
      vertex -1.456821366e-07 3.777194977e+01 2.177441597e+00
      vertex -1.498838425e+00 3.649181747e+01 7.906803489e-02
      vertex -1.359699979e-07 3.332818985e+01 2.177441597e+00
    endloop
  endfacet
  facet normal -8.137339354e-01 2.967746582e-08 -5.812376738e-01
    outer loop
      vertex 1.555315495e+00 3.332818985e+01 9.517899713e-08
      vertex 1.498837829e+00 3.649182129e+01 7.906897366e-02
      vertex -1.456821366e-07 3.777194977e+01 2.177441597e+00
    endloop
  endfacet
  facet normal -8.137332201e-01 0.000000000e+00 -5.812384486e-01
    outer loop
      vertex -1.359699979e-07 3.332818985e+01 2.177441597e+00
      vertex 1.555315495e+00 3.332818985e+01 9.517899713e-08
      vertex -1.456821366e-07 3.777194977e+01 2.177441597e+00
    endloop
  endfacet
  facet normal -1.000000000e+00 0.000000000e+00 0.000000000e+00
    outer loop
      vertex 1.555315495e+00 3.645721054e+01 0.000000000e+00
      vertex 1.555315495e+00 3.645721054e+01 9.517899713e-08
      vertex 1.555315495e+00 3.332818985e+01 9.517899713e-08
    endloop
  endfacet
  facet normal -4.050812125e-01 7.016721368e-01 5.861445665e-01
    outer loop
      vertex 8.066807747e+00 1.397094345e+01 0.000000000e+00
      vertex 8.066891670e+00 1.397089386e+01 1.178140810e-04
      vertex 1.555315375e+00 1.021143436e+01 4.468131228e-04
    endloop
  endfacet
  facet normal 3.440962136e-01 -5.959866643e-01 7.255327106e-01
    outer loop
      vertex 1.526509643e+00 1.378665066e+01 3.019994256e-05
      vertex 8.065706253e+00 1.756205750e+01 3.039610874e-06
      vertex 8.065709114e+00 1.756205559e+01 0.000000000e+00
    endloop
  endfacet
  facet normal -4.097766280e-01 -7.069193125e-01 -5.764964819e-01
    outer loop
      vertex -8.111602767e-08 1.110913277e+01 2.177441835e+00
      vertex -1.569806933e+00 1.379481030e+01 0.000000000e+00
      vertex -8.065704346e+00 1.756025696e+01 0.000000000e+00
    endloop
  endfacet
  facet normal 4.068665802e-01 7.047138214e-01 -5.812385082e-01
    outer loop
      vertex -1.117632198e+01 1.576612473e+01 0.000000000e+00
      vertex -9.621020317e+00 1.666409492e+01 2.177441597e+00
      vertex -1.924203873e+01 2.221879196e+01 2.177441597e+00
    endloop
  endfacet
  facet normal -4.085607529e-01 7.076994181e-01 5.764022470e-01
    outer loop
      vertex 1.554996490e+00 2.132101631e+01 0.000000000e+00
      vertex 8.065872192e+00 2.507979965e+01 0.000000000e+00
      vertex 8.065787315e+00 2.507965469e+01 1.179399333e-04
    endloop
  endfacet
  facet normal 4.068697691e-01 -7.047123909e-01 -5.812379122e-01
    outer loop
      vertex 1.925406456e+01 1.111633968e+01 2.177376747e+00
      vertex 2.886305809e+01 1.666409492e+01 2.177441597e+00
      vertex 2.808539963e+01 1.801103783e+01 0.000000000e+00
    endloop
  endfacet
  facet normal 4.068668187e-01 -7.047136426e-01 -5.812383890e-01
    outer loop
      vertex 2.886305809e+01 1.666409492e+01 2.177441597e+00
      vertex 3.848407745e+01 2.221879387e+01 2.177441597e+00
      vertex 3.770642090e+01 2.356573677e+01 0.000000000e+00
    endloop
  endfacet
  facet normal 4.085232019e-01 7.069820762e-01 -5.773086548e-01
    outer loop
      vertex 1.924203873e+01 1.109581089e+01 2.177366018e+00
      vertex 1.924203873e+01 9.317812920e+00 0.000000000e+00
      vertex 2.575341797e+01 5.555270672e+00 0.000000000e+00
    endloop
  endfacet
  facet normal 7.281640768e-01 -1.576604700e-05 6.854029298e-01
    outer loop
      vertex 8.065872192e+00 2.507979965e+01 0.000000000e+00
      vertex 8.065709114e+00 1.756205559e+01 0.000000000e+00
      vertex 8.065706253e+00 1.756205750e+01 3.039610874e-06
    endloop
  endfacet
  facet normal -8.137335777e-01 1.283232365e-07 -5.812379122e-01
    outer loop
      vertex 9.621020317e+00 2.777349091e+01 2.177441597e+00
      vertex 9.621019363e+00 1.666409492e+01 2.177441597e+00
      vertex 1.117633438e+01 1.935798073e+01 0.000000000e+00
    endloop
  endfacet
  facet normal -4.049788713e-01 7.057888508e-01 5.812523365e-01
    outer loop
      vertex -1.769052124e+01 -1.200516701e+01 0.000000000e+00
      vertex -1.115923309e+01 -8.257538795e+00 0.000000000e+00
      vertex -1.115958214e+01 -8.258147240e+00 4.930282594e-04
    endloop
  endfacet
  facet normal 4.079717696e-01 -7.130035758e-01 -5.702499151e-01
    outer loop
      vertex -9.633159637e+00 -5.561707497e+00 2.177375317e+00
      vertex -1.269782543e+01 -5.573835850e+00 0.000000000e+00
      vertex -1.924203873e+01 -9.318352699e+00 0.000000000e+00
    endloop
  endfacet
  facet normal -4.068668187e-01 7.047136426e-01 -5.812383890e-01
    outer loop
      vertex -2.886305809e+01 -1.666409492e+01 2.177441597e+00
      vertex -3.848407745e+01 -2.221879387e+01 2.177441597e+00
      vertex -3.770642090e+01 -2.356573677e+01 0.000000000e+00
    endloop
  endfacet
  facet normal -4.080140889e-01 7.073082924e-01 -5.772689581e-01
    outer loop
      vertex -1.251530290e+00 -2.170319557e+00 4.253755212e-01
      vertex -9.609138489e+00 -5.561557770e+00 2.177368402e+00
      vertex -8.069501877e+00 -6.450467587e+00 0.000000000e+00
    endloop
  endfacet
  facet normal 4.086565673e-01 -7.071380019e-01 -5.770231485e-01
    outer loop
      vertex -9.621019363e+00 -5.540375710e+00 2.177360773e+00
      vertex -2.504683495e+00 1.913900487e-03 4.252181947e-01
      vertex -3.107649326e+00 4.357206053e-04 0.000000000e+00
    endloop
  endfacet
  facet normal -4.086566865e-01 -7.071381211e-01 -5.770229697e-01
    outer loop
      vertex -9.621019363e+00 -5.540375710e+00 2.177360773e+00
      vertex -9.621019363e+00 -3.763654709e+00 0.000000000e+00
      vertex -1.613290024e+01 -4.248430778e-04 0.000000000e+00
    endloop
  endfacet
  facet normal 4.079476595e-01 7.066490650e-01 -5.781227350e-01
    outer loop
      vertex -9.633159637e+00 -5.561707497e+00 2.177375317e+00
      vertex -1.924294281e+01 -1.662142396e+00 1.628340483e-01
      vertex -1.924207497e+01 -1.795860767e+00 0.000000000e+00
    endloop
  endfacet
  facet normal -8.165537715e-01 -3.029374930e-04 -5.772693157e-01
    outer loop
      vertex -9.609138489e+00 -5.561557770e+00 2.177368402e+00
      vertex -8.367231369e+00 -1.449509239e+01 4.253728688e-01
      vertex -8.066704750e+00 -1.397319031e+01 0.000000000e+00
    endloop
  endfacet
  facet normal 8.168438077e-01 -1.662560389e-03 5.768565536e-01
    outer loop
      vertex -1.117450523e+01 -1.576516247e+01 0.000000000e+00
      vertex -1.117454243e+01 -1.576514053e+01 5.272573253e-05
      vertex -1.115958214e+01 -8.258147240e+00 4.930282594e-04
    endloop
  endfacet
  facet normal -4.086565375e-01 -7.071381211e-01 -5.770230889e-01
    outer loop
      vertex -1.924203873e+01 -1.109507465e+01 2.177360773e+00
      vertex -1.924203873e+01 -9.318352699e+00 0.000000000e+00
      vertex -2.575354195e+01 -5.555341244e+00 0.000000000e+00
    endloop
  endfacet
  facet normal -8.165549636e-01 -3.045794147e-04 -5.772675276e-01
    outer loop
      vertex -1.923015785e+01 -1.111625576e+01 2.177368402e+00
      vertex -1.798824501e+01 -2.004982758e+01 4.253657162e-01
      vertex -1.768772507e+01 -1.952781105e+01 0.000000000e+00
    endloop
  endfacet
  facet normal -8.137334585e-01 -1.895888460e-07 -5.812382698e-01
    outer loop
      vertex -8.065703392e+00 -2.507968330e+01 0.000000000e+00
      vertex -8.065704346e+00 -1.756028748e+01 0.000000000e+00
      vertex -9.621019363e+00 -1.666409492e+01 2.177441597e+00
    endloop
  endfacet
  facet normal 8.137334585e-01 1.694007921e-07 -5.812381506e-01
    outer loop
      vertex -1.117633438e+01 -1.935798073e+01 0.000000000e+00
      vertex -1.117633343e+01 -2.777349091e+01 0.000000000e+00
      vertex -9.621019363e+00 -2.777349091e+01 2.177440882e+00
    endloop
  endfacet
  facet normal -4.137066305e-01 -7.101526260e-01 -5.696756244e-01
    outer loop
      vertex -9.616399765e+00 5.557365417e+00 2.177430630e+00
      vertex -1.117621517e+01 8.212761879e+00 0.000000000e+00
      vertex -1.768830299e+01 1.200644588e+01 0.000000000e+00
    endloop
  endfacet
  facet normal 4.068665802e-01 7.047133446e-01 -5.812388659e-01
    outer loop
      vertex -2.886305809e+01 1.666409492e+01 2.177441597e+00
      vertex -3.848407745e+01 2.221879387e+01 2.177441597e+00
      vertex -3.926173401e+01 2.087184906e+01 0.000000000e+00
    endloop
  endfacet
  facet normal 4.063757062e-01 -7.069129348e-01 5.789064765e-01
    outer loop
      vertex -1.924038315e+01 1.794952989e+00 1.832517592e-05
      vertex -1.273159409e+01 5.536718369e+00 1.713763631e-04
      vertex -1.273134899e+01 5.536719322e+00 0.000000000e+00
    endloop
  endfacet
  facet normal -4.073172212e-01 -7.057457566e-01 -5.796685815e-01
    outer loop
      vertex -8.067283630e+00 6.451747894e+00 0.000000000e+00
      vertex -9.616399765e+00 5.557365417e+00 2.177430630e+00
      vertex -1.555315495e+00 2.693314075e+00 1.072979285e-04
    endloop
  endfacet
  facet normal -4.068483114e-01 -7.049332857e-01 -5.809849501e-01
    outer loop
      vertex -1.855527997e+00 2.866667986e+00 0.000000000e+00
      vertex -8.067283630e+00 6.451747894e+00 0.000000000e+00
      vertex -1.555315495e+00 2.693314075e+00 1.072979285e-04
    endloop
  endfacet
  facet normal 8.131322265e-01 3.389509220e-04 -5.820789337e-01
    outer loop
      vertex -1.117621517e+01 8.212761879e+00 0.000000000e+00
      vertex -9.616399765e+00 5.557365417e+00 2.177430630e+00
      vertex -9.621020317e+00 1.666409492e+01 2.177441597e+00
    endloop
  endfacet
  facet normal -8.148522973e-01 1.258648554e-04 -5.796687007e-01
    outer loop
      vertex -9.616399765e+00 5.557365417e+00 2.177430630e+00
      vertex -8.067283630e+00 6.451747894e+00 0.000000000e+00
      vertex -8.066122055e+00 1.397150326e+01 0.000000000e+00
    endloop
  endfacet
  facet normal 8.131320477e-01 3.390379716e-04 -5.820791125e-01
    outer loop
      vertex -2.079723549e+01 1.376745987e+01 0.000000000e+00
      vertex -1.923741913e+01 1.111206341e+01 2.177430630e+00
      vertex -1.924203873e+01 2.221879196e+01 2.177441597e+00
    endloop
  endfacet
  facet normal -8.147621155e-01 -3.387705656e-04 -5.797951221e-01
    outer loop
      vertex -1.924203873e+01 2.221879196e+01 2.177441597e+00
      vertex -1.923741913e+01 1.111206341e+01 2.177430630e+00
      vertex -1.768830299e+01 1.200644588e+01 0.000000000e+00
    endloop
  endfacet
  facet normal -4.069004953e-01 7.047710419e-01 -5.811451674e-01
    outer loop
      vertex -1.923741913e+01 1.111206341e+01 2.177430630e+00
      vertex -2.886305809e+01 5.554698467e+00 2.177441597e+00
      vertex -2.575356102e+01 5.554479599e+00 0.000000000e+00
    endloop
  endfacet
  facet normal 4.068668783e-01 -7.047138810e-01 -5.812380314e-01
    outer loop
      vertex -2.235266876e+01 -7.850231043e-08 0.000000000e+00
      vertex -2.964071465e+01 -4.207756042e+00 0.000000000e+00
      vertex -2.886305809e+01 -5.554698467e+00 2.177441597e+00
    endloop
  endfacet
  facet normal 4.068667889e-01 7.047140002e-01 -5.812378526e-01
    outer loop
      vertex -1.924203873e+01 -5.887673993e-08 2.177441597e+00
      vertex -2.886305809e+01 5.554698467e+00 2.177441597e+00
      vertex -2.964071465e+01 4.207756042e+00 0.000000000e+00
    endloop
  endfacet
  facet normal -4.068666697e-01 -7.047136426e-01 -5.812385082e-01
    outer loop
      vertex 9.621020317e+00 -1.666409492e+01 2.177441597e+00
      vertex 1.924203873e+01 -2.221879387e+01 2.177441120e+00
      vertex 1.768679428e+01 -1.952494812e+01 0.000000000e+00
    endloop
  endfacet
  facet normal -8.129372001e-01 -3.027849598e-03 5.823435187e-01
    outer loop
      vertex 1.526993513e+00 -1.378693008e+01 2.783787750e-05
      vertex 1.555315495e+00 -2.132083130e+01 3.924226621e-04
      vertex 1.555034995e+00 -2.132099342e+01 0.000000000e+00
    endloop
  endfacet
  facet normal -8.137333393e-01 0.000000000e+00 -5.812383890e-01
    outer loop
      vertex 0.000000000e+00 -3.332818985e+01 2.177441597e+00
      vertex 0.000000000e+00 -4.443758774e+01 2.177441597e+00
      vertex 1.555315495e+00 -4.443758774e+01 0.000000000e+00
    endloop
  endfacet
  facet normal -8.135440350e-01 2.234410749e-05 5.815031528e-01
    outer loop
      vertex 1.555315495e+00 -2.693881989e+00 1.034550805e-04
      vertex 1.555315495e+00 -1.021143436e+01 3.924226621e-04
      vertex 1.555034995e+00 -1.021159649e+01 0.000000000e+00
    endloop
  endfacet
  facet normal -4.080679119e-01 7.040197253e-01 -5.812373161e-01
    outer loop
      vertex -9.621019363e+00 -1.666409492e+01 2.177441597e+00
      vertex -8.065704346e+00 -1.756028748e+01 0.000000000e+00
      vertex -1.569563866e+00 -1.379495811e+01 0.000000000e+00
    endloop
  endfacet
  facet normal -4.068667293e-01 7.047137618e-01 -5.812382102e-01
    outer loop
      vertex -9.621019363e+00 -1.666409492e+01 2.177441597e+00
      vertex -1.924203873e+01 -2.221879387e+01 2.177441597e+00
      vertex -1.846438217e+01 -2.356573677e+01 0.000000000e+00
    endloop
  endfacet
  facet normal -4.083745182e-01 -7.073703408e-01 5.769379735e-01
    outer loop
      vertex 8.065773964e+00 -1.397033501e+01 0.000000000e+00
      vertex 1.555034995e+00 -1.021159649e+01 0.000000000e+00
      vertex 1.555315495e+00 -1.021143436e+01 3.924226621e-04
    endloop
  endfacet
  facet normal 4.278658926e-01 7.410815954e-01 5.174252391e-01
    outer loop
      vertex 8.065706253e+00 -1.756205750e+01 3.299135415e-06
      vertex 1.526993513e+00 -1.378693008e+01 2.783787750e-05
      vertex 1.526973963e+00 -1.378689671e+01 0.000000000e+00
    endloop
  endfacet
  facet normal -4.080678821e-01 7.040202022e-01 -5.812366605e-01
    outer loop
      vertex -9.621019363e+00 -2.777349091e+01 2.177440882e+00
      vertex -8.843362808e+00 -2.912043381e+01 0.000000000e+00
      vertex -1.569564104e+00 -2.490435600e+01 0.000000000e+00
    endloop
  endfacet
  facet normal -4.069446325e-01 -7.047991157e-01 5.810803175e-01
    outer loop
      vertex 3.109558582e+00 6.190854474e-04 1.147185467e-04
      vertex 9.621019363e+00 -3.758774996e+00 4.355833516e-04
      vertex 9.621019363e+00 -3.759134293e+00 0.000000000e+00
    endloop
  endfacet
  facet normal -4.015566409e-01 -7.053533792e-01 5.841480494e-01
    outer loop
      vertex 1.268565559e+01 -5.581253529e+00 4.775319394e-05
      vertex 1.924203873e+01 -9.313472748e+00 4.355833516e-04
      vertex 1.924203873e+01 -9.313832283e+00 0.000000000e+00
    endloop
  endfacet
  facet normal -4.068665802e-01 -7.047133446e-01 -5.812388659e-01
    outer loop
      vertex 2.886305809e+01 -1.666409492e+01 2.177441597e+00
      vertex 3.848407745e+01 -2.221879387e+01 2.177441597e+00
      vertex 3.926173401e+01 -2.087184906e+01 0.000000000e+00
    endloop
  endfacet
  facet normal -4.102682173e-01 7.106132507e-01 5.715845823e-01
    outer loop
      vertex 1.924204254e+01 -1.795917511e+00 0.000000000e+00
      vertex 1.924204254e+01 -1.795921564e+00 5.063438493e-06
      vertex 1.268565559e+01 -5.581253529e+00 4.775319394e-05
    endloop
  endfacet
  facet normal 4.069897532e-01 7.049682140e-01 5.808434486e-01
    outer loop
      vertex 8.065972328e+00 -6.452505112e+00 0.000000000e+00
      vertex 8.065704346e+00 -6.452660084e+00 3.754781210e-04
      vertex 1.555315495e+00 -2.693881989e+00 1.034550805e-04
    endloop
  endfacet
  facet normal -8.191701770e-01 -2.284624381e-03 -5.735460520e-01
    outer loop
      vertex 1.117382622e+01 -1.576468372e+01 0.000000000e+00
      vertex 1.115290070e+01 -8.261897087e+00 0.000000000e+00
      vertex 9.620802879e+00 -5.554573059e+00 2.177441835e+00
    endloop
  endfacet
  facet normal 8.181326389e-01 -2.097706420e-05 5.750295520e-01
    outer loop
      vertex 8.065773964e+00 -1.397033501e+01 0.000000000e+00
      vertex 8.065704346e+00 -1.397021198e+01 9.905502520e-05
      vertex 8.065704346e+00 -6.452660084e+00 3.754781210e-04
    endloop
  endfacet
  facet normal 4.077481925e-01 -7.061913013e-01 5.788222551e-01
    outer loop
      vertex 9.621019363e+00 -3.758774996e+00 4.355833516e-04
      vertex 1.613248062e+01 6.190854474e-04 1.147185467e-04
      vertex 1.613248062e+01 5.249470705e-04 0.000000000e+00
    endloop
  endfacet
  facet normal -8.137333393e-01 -1.565525781e-05 -5.812382698e-01
    outer loop
      vertex 1.924182129e+01 -1.110927200e+01 2.177441597e+00
      vertex 1.924203873e+01 -2.221879387e+01 2.177441120e+00
      vertex 2.079735374e+01 -2.221879387e+01 0.000000000e+00
    endloop
  endfacet
  facet normal 8.137672544e-01 3.678833673e-05 -5.811908245e-01
    outer loop
      vertex 1.768679428e+01 -1.952494812e+01 0.000000000e+00
      vertex 1.924203873e+01 -2.221879387e+01 2.177441120e+00
      vertex 1.768672371e+01 -1.200735855e+01 3.754781210e-04
    endloop
  endfacet
  facet normal 9.828109145e-01 0.000000000e+00 1.846149862e-01
    outer loop
      vertex 1.768679428e+01 -1.952258110e+01 0.000000000e+00
      vertex 1.768679428e+01 -1.952494812e+01 0.000000000e+00
      vertex 1.768672371e+01 -1.200735855e+01 3.754781210e-04
    endloop
  endfacet
  facet normal -4.068667889e-01 7.047137618e-01 -5.812382102e-01
    outer loop
      vertex 1.924203873e+01 5.887673993e-08 2.177441597e+00
      vertex 2.235266876e+01 7.850231043e-08 0.000000000e+00
      vertex 2.964071465e+01 4.207756042e+00 0.000000000e+00
    endloop
  endfacet
  facet normal -4.068667889e-01 -7.047140002e-01 -5.812378526e-01
    outer loop
      vertex 1.924203873e+01 5.887673993e-08 2.177441597e+00
      vertex 2.886305809e+01 -5.554698467e+00 2.177441597e+00
      vertex 2.964071465e+01 -4.207756042e+00 0.000000000e+00
    endloop
  endfacet
  facet normal -8.037140965e-01 -1.272958368e-01 -5.812396407e-01
    outer loop
      vertex 4.667330742e+00 4.262127686e+01 0.000000000e+00
      vertex 3.169698954e+00 4.213466644e+01 2.177441597e+00
      vertex 3.332818747e+00 4.110476685e+01 2.177441597e+00
    endloop
  endfacet
  facet normal -8.037149310e-01 1.272958070e-01 -5.812384486e-01
    outer loop
      vertex 3.169698954e+00 4.007486725e+01 2.177441597e+00
      vertex 4.667330265e+00 3.958825684e+01 0.000000000e+00
      vertex 4.907521725e+00 4.110476685e+01 0.000000000e+00
    endloop
  endfacet
  facet normal -7.250415683e-01 3.694279790e-01 -5.812382102e-01
    outer loop
      vertex 2.696307182e+00 3.914578629e+01 2.177441597e+00
      vertex 3.970268011e+00 3.822019958e+01 0.000000000e+00
      vertex 4.667330265e+00 3.958825684e+01 0.000000000e+00
    endloop
  endfacet
  facet normal -5.753960013e-01 5.753949285e-01 -5.812401772e-01
    outer loop
      vertex 1.958981752e+00 3.840845871e+01 2.177441597e+00
      vertex 2.884568930e+00 3.713449860e+01 0.000000000e+00
      vertex 3.970268011e+00 3.822019958e+01 0.000000000e+00
    endloop
  endfacet
  facet normal -3.694187999e-01 7.250458598e-01 -5.812384486e-01
    outer loop
      vertex 1.498837829e+00 3.649182129e+01 7.906897366e-02
      vertex 1.555315495e+00 3.645721054e+01 9.517899713e-08
      vertex 1.958981752e+00 3.840845871e+01 2.177441597e+00
    endloop
  endfacet
  facet normal -3.694280386e-01 7.250427008e-01 -5.812366605e-01
    outer loop
      vertex 1.029897571e+00 3.793506622e+01 2.177441597e+00
      vertex 1.498837829e+00 3.649182129e+01 7.906897366e-02
      vertex 1.958981752e+00 3.840845871e+01 2.177441597e+00
    endloop
  endfacet
  facet normal -4.539903402e-01 8.910066485e-01 0.000000000e+00
    outer loop
      vertex 1.555315495e+00 3.645721054e+01 9.517899713e-08
      vertex 1.555315495e+00 3.645721054e+01 0.000000000e+00
      vertex 2.884568930e+00 3.713449860e+01 0.000000000e+00
    endloop
  endfacet
  facet normal 5.753976107e-01 5.753972530e-01 -5.812361836e-01
    outer loop
      vertex -2.696307421e+00 3.914578629e+01 2.177441597e+00
      vertex -3.970269203e+00 3.822019958e+01 0.000000000e+00
      vertex -2.884568691e+00 3.713449860e+01 0.000000000e+00
    endloop
  endfacet
  facet normal 7.250413895e-01 3.694266081e-01 -5.812392235e-01
    outer loop
      vertex -3.169699192e+00 4.007487106e+01 2.177441597e+00
      vertex -4.667330742e+00 3.958826065e+01 0.000000000e+00
      vertex -3.970269203e+00 3.822019958e+01 0.000000000e+00
    endloop
  endfacet
  facet normal 8.037142754e-01 1.272955537e-01 -5.812394619e-01
    outer loop
      vertex -3.332818747e+00 4.110476685e+01 2.177441597e+00
      vertex -4.907521725e+00 4.110476685e+01 0.000000000e+00
      vertex -4.667330742e+00 3.958826065e+01 0.000000000e+00
    endloop
  endfacet
  facet normal 8.037153482e-01 -1.272953600e-01 -5.812378526e-01
    outer loop
      vertex -4.907521725e+00 4.110476685e+01 0.000000000e+00
      vertex -3.332818747e+00 4.110476685e+01 2.177441597e+00
      vertex -3.169698954e+00 4.213466644e+01 2.177441597e+00
    endloop
  endfacet
  facet normal -8.037164807e-01 1.272966862e-01 -5.812360644e-01
    outer loop
      vertex -1.758116364e+00 4.110476685e+01 0.000000000e+00
      vertex -1.715091825e+00 4.137641144e+01 0.000000000e+00
      vertex -3.169698954e+00 4.213466644e+01 2.177441597e+00
    endloop
  endfacet
  facet normal -8.037146926e-01 1.272955984e-01 -5.812387466e-01
    outer loop
      vertex -3.332818747e+00 4.110476685e+01 2.177441597e+00
      vertex -1.758116364e+00 4.110476685e+01 0.000000000e+00
      vertex -3.169698954e+00 4.213466644e+01 2.177441597e+00
    endloop
  endfacet
  facet normal -7.250422239e-01 3.694284856e-01 -5.812370181e-01
    outer loop
      vertex -1.422346234e+00 4.213816071e+01 1.927308375e-07
      vertex -2.696306944e+00 4.306374741e+01 2.177441597e+00
      vertex -3.169698954e+00 4.213466644e+01 2.177441597e+00
    endloop
  endfacet
  facet normal -5.753976703e-01 5.753964186e-01 -5.812369585e-01
    outer loop
      vertex -1.033393979e+00 4.252711105e+01 1.927307949e-07
      vertex -1.958981156e+00 4.380107498e+01 2.177441597e+00
      vertex -2.696306944e+00 4.306374741e+01 2.177441597e+00
    endloop
  endfacet
  facet normal -3.694279492e-01 7.250416875e-01 -5.812379718e-01
    outer loop
      vertex -5.432872772e-01 4.277683640e+01 1.927308517e-07
      vertex -1.029897928e+00 4.427446747e+01 2.177441597e+00
      vertex -1.958981156e+00 4.380107498e+01 2.177441597e+00
    endloop
  endfacet
  facet normal -1.272963434e-01 -8.037136793e-01 -5.812401175e-01
    outer loop
      vertex 1.029898047e+00 4.427446747e+01 2.177441597e+00
      vertex 1.516508341e+00 4.577209854e+01 0.000000000e+00
      vertex 3.974346896e-08 4.601229095e+01 0.000000000e+00
    endloop
  endfacet
  facet normal -3.694276214e-01 -7.250411510e-01 -5.812389255e-01
    outer loop
      vertex 1.958982587e+00 4.380107498e+01 2.177441597e+00
      vertex 2.884569883e+00 4.507503510e+01 0.000000000e+00
      vertex 1.516508341e+00 4.577209854e+01 0.000000000e+00
    endloop
  endfacet
  facet normal -5.753971934e-01 -5.753963590e-01 -5.812376738e-01
    outer loop
      vertex 2.696307898e+00 4.306374741e+01 2.177441597e+00
      vertex 3.970269203e+00 4.398933411e+01 0.000000000e+00
      vertex 2.884569883e+00 4.507503510e+01 0.000000000e+00
    endloop
  endfacet
  facet normal -7.250418663e-01 -3.694280982e-01 -5.812374949e-01
    outer loop
      vertex 3.169698954e+00 4.213466644e+01 2.177441597e+00
      vertex 4.667330742e+00 4.262127686e+01 0.000000000e+00
      vertex 3.970269203e+00 4.398933411e+01 0.000000000e+00
    endloop
  endfacet
  facet normal 8.037133813e-01 1.272957325e-01 -5.812405944e-01
    outer loop
      vertex 3.332818747e+00 4.110476685e+01 2.177441597e+00
      vertex 3.169698954e+00 4.213466644e+01 2.177441597e+00
      vertex 1.672067642e+00 4.164805603e+01 0.000000000e+00
    endloop
  endfacet
  facet normal 8.037140369e-01 -1.272956729e-01 -5.812396407e-01
    outer loop
      vertex 1.758116364e+00 4.110476685e+01 0.000000000e+00
      vertex 1.672067761e+00 4.056147766e+01 0.000000000e+00
      vertex 3.169698954e+00 4.007486725e+01 2.177441597e+00
    endloop
  endfacet
  facet normal 7.250432968e-01 -3.694287539e-01 -5.812354088e-01
    outer loop
      vertex 1.672067761e+00 4.056147766e+01 0.000000000e+00
      vertex 1.422346354e+00 4.007137299e+01 0.000000000e+00
      vertex 2.696307182e+00 3.914578629e+01 2.177441597e+00
    endloop
  endfacet
  facet normal 5.753940940e-01 -5.753963590e-01 -5.812406540e-01
    outer loop
      vertex 1.422346354e+00 4.007137299e+01 0.000000000e+00
      vertex 1.033394694e+00 3.968242264e+01 0.000000000e+00
      vertex 1.958981752e+00 3.840845871e+01 2.177441597e+00
    endloop
  endfacet
  facet normal 3.694271147e-01 -7.250409126e-01 -5.812394023e-01
    outer loop
      vertex 1.029897571e+00 3.793506622e+01 2.177441597e+00
      vertex 1.958981752e+00 3.840845871e+01 2.177441597e+00
      vertex 1.033394694e+00 3.968242264e+01 0.000000000e+00
    endloop
  endfacet
  facet normal 1.272902936e-01 -8.037161827e-01 -5.812379718e-01
    outer loop
      vertex 5.432872176e-01 3.943269730e+01 0.000000000e+00
      vertex -1.456821366e-07 3.934665298e+01 0.000000000e+00
      vertex -1.456821366e-07 3.777194977e+01 2.177441597e+00
    endloop
  endfacet
  facet normal -1.272904873e-01 -8.037172556e-01 -5.812363029e-01
    outer loop
      vertex -1.456821366e-07 3.934665298e+01 0.000000000e+00
      vertex -5.432872772e-01 3.943269730e+01 0.000000000e+00
      vertex -1.029897809e+00 3.793506622e+01 2.177441597e+00
    endloop
  endfacet
  facet normal 3.694507182e-01 7.250403762e-01 -5.812250972e-01
    outer loop
      vertex -1.555315495e+00 3.645721054e+01 0.000000000e+00
      vertex -1.498838425e+00 3.649181747e+01 7.906803489e-02
      vertex -1.958981514e+00 3.840845871e+01 2.177441597e+00
    endloop
  endfacet
  facet normal 3.694267571e-01 7.250412703e-01 -5.812392235e-01
    outer loop
      vertex -2.884568691e+00 3.713449860e+01 0.000000000e+00
      vertex -1.555315495e+00 3.645721054e+01 0.000000000e+00
      vertex -1.958981514e+00 3.840845871e+01 2.177441597e+00
    endloop
  endfacet
  facet normal -3.694306612e-01 -7.250391841e-01 -5.812393427e-01
    outer loop
      vertex -5.432872772e-01 3.943269730e+01 0.000000000e+00
      vertex -1.033394575e+00 3.968242264e+01 0.000000000e+00
      vertex -1.958981514e+00 3.840845871e+01 2.177441597e+00
    endloop
  endfacet
  facet normal -5.753942728e-01 -5.753960013e-01 -5.812408924e-01
    outer loop
      vertex -1.033394575e+00 3.968242264e+01 0.000000000e+00
      vertex -1.422345757e+00 4.007137299e+01 0.000000000e+00
      vertex -2.696307421e+00 3.914578629e+01 2.177441597e+00
    endloop
  endfacet
  facet normal -7.250388861e-01 -3.694256246e-01 -5.812429190e-01
    outer loop
      vertex -1.422345757e+00 4.007137299e+01 0.000000000e+00
      vertex -1.672067881e+00 4.056148148e+01 0.000000000e+00
      vertex -3.169699192e+00 4.007487106e+01 2.177441597e+00
    endloop
  endfacet
  facet normal -8.037145138e-01 -1.272966564e-01 -5.812388659e-01
    outer loop
      vertex -1.672067881e+00 4.056148148e+01 0.000000000e+00
      vertex -1.758116364e+00 4.110476685e+01 0.000000000e+00
      vertex -3.332818747e+00 4.110476685e+01 2.177441597e+00
    endloop
  endfacet
  facet normal -2.320971936e-01 1.182597503e-01 -9.654768109e-01
    outer loop
      vertex -1.422346234e+00 4.213816071e+01 1.927308375e-07
      vertex -1.672067523e+00 4.164805603e+01 1.927308517e-07
      vertex -1.672067642e+00 4.164805603e+01 0.000000000e+00
    endloop
  endfacet
  facet normal 7.250411510e-01 -3.694276214e-01 -5.812389255e-01
    outer loop
      vertex -3.169698954e+00 4.213466644e+01 2.177441597e+00
      vertex -2.696306944e+00 4.306374741e+01 2.177441597e+00
      vertex -3.970267296e+00 4.398933411e+01 0.000000000e+00
    endloop
  endfacet
  facet normal -3.098338284e-02 3.098352626e-02 -9.990395308e-01
    outer loop
      vertex -1.033393979e+00 4.252711105e+01 1.927307949e-07
      vertex -1.422346234e+00 4.213816071e+01 1.927308375e-07
      vertex -1.422346354e+00 4.213816071e+01 0.000000000e+00
    endloop
  endfacet
  facet normal 5.753979087e-01 -5.753961802e-01 -5.812370777e-01
    outer loop
      vertex -2.696306944e+00 4.306374741e+01 2.177441597e+00
      vertex -1.958981156e+00 4.380107498e+01 2.177441597e+00
      vertex -2.884567976e+00 4.507503510e+01 0.000000000e+00
    endloop
  endfacet
  facet normal -4.539954364e-01 8.910039663e-01 0.000000000e+00
    outer loop
      vertex -5.432873368e-01 4.277683640e+01 0.000000000e+00
      vertex -5.432872772e-01 4.277683640e+01 1.927308517e-07
      vertex -1.033393979e+00 4.252711105e+01 1.927307949e-07
    endloop
  endfacet
  facet normal 3.694280088e-01 -7.250416279e-01 -5.812379122e-01
    outer loop
      vertex -1.958981156e+00 4.380107498e+01 2.177441597e+00
      vertex -1.029897928e+00 4.427446747e+01 2.177441597e+00
      vertex -1.516508579e+00 4.577209854e+01 0.000000000e+00
    endloop
  endfacet
  facet normal 1.272962689e-01 -8.037137985e-01 -5.812400579e-01
    outer loop
      vertex 3.974346896e-08 4.601229095e+01 0.000000000e+00
      vertex -1.516508579e+00 4.577209854e+01 0.000000000e+00
      vertex 3.974346896e-08 4.443758774e+01 2.177441597e+00
    endloop
  endfacet
  facet normal 0.000000000e+00 0.000000000e+00 0.000000000e+00
    outer loop
      vertex 3.974346896e-08 4.443758774e+01 2.177441597e+00
      vertex 3.974346896e-08 4.443758774e+01 2.177441597e+00
      vertex 3.974346896e-08 4.601229095e+01 0.000000000e+00
    endloop
  endfacet
  facet normal 0.000000000e+00 0.000000000e+00 0.000000000e+00
    outer loop
      vertex 3.974346896e-08 4.443758774e+01 2.177441597e+00
      vertex -1.359699979e-07 4.443758774e+01 2.177441597e+00
      vertex 3.974346896e-08 4.443758774e+01 2.177441597e+00
    endloop
  endfacet
  facet normal 0.000000000e+00 0.000000000e+00 1.000000000e+00
    outer loop
      vertex 3.974346896e-08 4.443758774e+01 2.177441597e+00
      vertex -1.685549904e-07 4.443758774e+01 2.177441597e+00
      vertex -1.359699979e-07 4.443758774e+01 2.177441597e+00
    endloop
  endfacet
  facet normal 0.000000000e+00 0.000000000e+00 -1.000000000e+00
    outer loop
      vertex 3.974346896e-08 4.443758774e+01 2.177441597e+00
      vertex -1.634575710e-07 4.443758774e+01 2.177441597e+00
      vertex -1.685549904e-07 4.443758774e+01 2.177441597e+00
    endloop
  endfacet
  facet normal 0.000000000e+00 0.000000000e+00 0.000000000e+00
    outer loop
      vertex 3.974346896e-08 4.443758774e+01 2.177441597e+00
      vertex -1.359699979e-07 4.443758774e+01 2.177441597e+00
      vertex -1.634575710e-07 4.443758774e+01 2.177441597e+00
    endloop
  endfacet
  facet normal -1.273016930e-01 8.037124276e-01 -5.812404752e-01
    outer loop
      vertex 3.974346896e-08 4.443758774e+01 2.177441597e+00
      vertex -5.432872772e-01 4.277683640e+01 1.927308517e-07
      vertex -2.716436088e-01 4.281986237e+01 0.000000000e+00
    endloop
  endfacet
  facet normal -1.272789538e-01 8.037160635e-01 -5.812405348e-01
    outer loop
      vertex 3.974346896e-08 4.443758774e+01 2.177441597e+00
      vertex -2.716436088e-01 4.281986237e+01 0.000000000e+00
      vertex 3.974346896e-08 4.286288071e+01 0.000000000e+00
    endloop
  endfacet
  facet normal 1.272898316e-01 8.037140369e-01 -5.812410116e-01
    outer loop
      vertex 3.974346896e-08 4.286288071e+01 0.000000000e+00
      vertex 5.432879329e-01 4.277683640e+01 0.000000000e+00
      vertex 1.029898047e+00 4.427446747e+01 2.177441597e+00
    endloop
  endfacet
  facet normal 3.694294095e-01 7.250373363e-01 -5.812425017e-01
    outer loop
      vertex 5.432879329e-01 4.277683640e+01 0.000000000e+00
      vertex 1.033395529e+00 4.252711105e+01 0.000000000e+00
      vertex 1.958982587e+00 4.380107498e+01 2.177441597e+00
    endloop
  endfacet
  facet normal 5.753961802e-01 5.753972530e-01 -5.812376738e-01
    outer loop
      vertex 1.033395529e+00 4.252711105e+01 0.000000000e+00
      vertex 1.422346592e+00 4.213816071e+01 0.000000000e+00
      vertex 2.696307898e+00 4.306374741e+01 2.177441597e+00
    endloop
  endfacet
  facet normal 7.250438929e-01 3.694290519e-01 -5.812345743e-01
    outer loop
      vertex 2.696307898e+00 4.306374741e+01 2.177441597e+00
      vertex 1.422346592e+00 4.213816071e+01 0.000000000e+00
      vertex 1.672067642e+00 4.164805603e+01 0.000000000e+00
    endloop
  endfacet
  facet normal 0.000000000e+00 0.000000000e+00 1.000000000e+00
    outer loop
      vertex -2.964071465e+01 1.531715202e+01 0.000000000e+00
      vertex -3.926173401e+01 2.087184906e+01 0.000000000e+00
      vertex -3.770642090e+01 2.356573677e+01 0.000000000e+00
    endloop
  endfacet
  facet normal 0.000000000e+00 0.000000000e+00 1.000000000e+00
    outer loop
      vertex -2.808539963e+01 -1.801103783e+01 0.000000000e+00
      vertex -3.770642090e+01 -2.356573677e+01 0.000000000e+00
      vertex -2.964071465e+01 -1.531715202e+01 0.000000000e+00
    endloop
  endfacet
  facet normal 0.000000000e+00 0.000000000e+00 1.000000000e+00
    outer loop
      vertex -2.964071465e+01 1.531715202e+01 0.000000000e+00
      vertex -3.770642090e+01 2.356573677e+01 0.000000000e+00
      vertex -2.808539963e+01 1.801103783e+01 0.000000000e+00
    endloop
  endfacet
  facet normal 0.000000000e+00 0.000000000e+00 1.000000000e+00
    outer loop
      vertex -2.808539963e+01 -1.801103783e+01 0.000000000e+00
      vertex -2.964071465e+01 -1.531715202e+01 0.000000000e+00
      vertex -2.232095528e+01 -1.112975311e+01 0.000000000e+00
    endloop
  endfacet
  facet normal 0.000000000e+00 0.000000000e+00 0.000000000e+00
    outer loop
      vertex -2.231884384e+01 -1.112853432e+01 0.000000000e+00
      vertex -2.964071465e+01 -6.901640892e+00 0.000000000e+00
      vertex -2.964071465e+01 -6.901640415e+00 0.000000000e+00
    endloop
  endfacet
  facet normal 0.000000000e+00 0.000000000e+00 1.000000000e+00
    outer loop
      vertex -2.231884384e+01 -1.112853432e+01 0.000000000e+00
      vertex -2.964071465e+01 -6.901640415e+00 0.000000000e+00
      vertex -2.886305809e+01 -5.554698467e+00 0.000000000e+00
    endloop
  endfacet
  facet normal 0.000000000e+00 0.000000000e+00 1.000000000e+00
    outer loop
      vertex -2.886305809e+01 -5.554698467e+00 0.000000000e+00
      vertex -2.964071465e+01 -4.207756042e+00 0.000000000e+00
      vertex -2.235266876e+01 -7.850231043e-08 0.000000000e+00
    endloop
  endfacet
  facet normal 0.000000000e+00 0.000000000e+00 1.000000000e+00
    outer loop
      vertex -2.235266876e+01 -7.850231043e-08 0.000000000e+00
      vertex -2.964071465e+01 4.207756042e+00 0.000000000e+00
      vertex -2.886305809e+01 5.554698467e+00 0.000000000e+00
    endloop
  endfacet
  facet normal 0.000000000e+00 0.000000000e+00 1.000000000e+00
    outer loop
      vertex -2.886305809e+01 5.554698467e+00 0.000000000e+00
      vertex -2.964071465e+01 6.901640415e+00 0.000000000e+00
      vertex -2.235236740e+01 1.109141731e+01 0.000000000e+00
    endloop
  endfacet
  facet normal 0.000000000e+00 0.000000000e+00 1.000000000e+00
    outer loop
      vertex -2.963263130e+01 1.531246376e+01 0.000000000e+00
      vertex -2.964071465e+01 1.531715202e+01 0.000000000e+00
      vertex -2.808539963e+01 1.801103783e+01 0.000000000e+00
    endloop
  endfacet
  facet normal 0.000000000e+00 0.000000000e+00 9.999999404e-01
    outer loop
      vertex -2.235236740e+01 1.109141731e+01 0.000000000e+00
      vertex -2.963263130e+01 1.531246376e+01 0.000000000e+00
      vertex -2.808539963e+01 1.801103783e+01 0.000000000e+00
    endloop
  endfacet
  facet normal 0.000000000e+00 0.000000000e+00 9.999999404e-01
    outer loop
      vertex -2.808257866e+01 -1.800941849e+01 0.000000000e+00
      vertex -2.808539963e+01 -1.801103783e+01 0.000000000e+00
      vertex -2.232095528e+01 -1.112975311e+01 0.000000000e+00
    endloop
  endfacet
  facet normal 0.000000000e+00 0.000000000e+00 9.999999404e-01
    outer loop
      vertex -2.078025246e+01 -1.381223774e+01 0.000000000e+00
      vertex -2.808257866e+01 -1.800941849e+01 0.000000000e+00
      vertex -2.232095528e+01 -1.112975311e+01 0.000000000e+00
    endloop
  endfacet
  facet normal 0.000000000e+00 0.000000000e+00 1.000000000e+00
    outer loop
      vertex -2.078025246e+01 -1.381223774e+01 0.000000000e+00
      vertex -2.232095528e+01 -1.112975311e+01 0.000000000e+00
      vertex -2.231884384e+01 -1.112853432e+01 0.000000000e+00
    endloop
  endfacet
  facet normal 0.000000000e+00 0.000000000e+00 9.999999404e-01
    outer loop
      vertex -1.924203873e+01 -2.221879196e+01 0.000000000e+00
      vertex -2.079735374e+01 -2.221879387e+01 0.000000000e+00
      vertex -2.078025246e+01 -1.381223774e+01 0.000000000e+00
    endloop
  endfacet
  facet normal 0.000000000e+00 0.000000000e+00 1.000000000e+00
    outer loop
      vertex -1.269782543e+01 -5.573835850e+00 0.000000000e+00
      vertex -1.115923309e+01 -8.257538795e+00 0.000000000e+00
      vertex -1.769052124e+01 -1.200516701e+01 0.000000000e+00
    endloop
  endfacet
  facet normal 0.000000000e+00 0.000000000e+00 1.000000000e+00
    outer loop
      vertex -1.924203873e+01 -9.318352699e+00 0.000000000e+00
      vertex -1.269782543e+01 -5.573835850e+00 0.000000000e+00
      vertex -1.769052124e+01 -1.200516701e+01 0.000000000e+00
    endloop
  endfacet
  facet normal 0.000000000e+00 0.000000000e+00 1.000000000e+00
    outer loop
      vertex -1.924203873e+01 -9.318352699e+00 0.000000000e+00
      vertex -1.769052124e+01 -1.200516701e+01 0.000000000e+00
      vertex -1.768772507e+01 -1.952781105e+01 0.000000000e+00
    endloop
  endfacet
  facet normal 0.000000000e+00 0.000000000e+00 1.000000000e+00
    outer loop
      vertex -1.924203873e+01 -9.318352699e+00 0.000000000e+00
      vertex -1.768772507e+01 -1.952781105e+01 0.000000000e+00
      vertex -1.924203873e+01 -2.221879196e+01 0.000000000e+00
    endloop
  endfacet
  facet normal 0.000000000e+00 0.000000000e+00 1.000000000e+00
    outer loop
      vertex -1.924203873e+01 -9.318352699e+00 0.000000000e+00
      vertex -1.924203873e+01 -2.221879196e+01 0.000000000e+00
      vertex -2.078025246e+01 -1.381223774e+01 0.000000000e+00
    endloop
  endfacet
  facet normal 0.000000000e+00 0.000000000e+00 1.000000000e+00
    outer loop
      vertex -1.924203873e+01 -9.318352699e+00 0.000000000e+00
      vertex -2.078025246e+01 -1.381223774e+01 0.000000000e+00
      vertex -2.231884384e+01 -1.112853432e+01 0.000000000e+00
    endloop
  endfacet
  facet normal 0.000000000e+00 0.000000000e+00 1.000000000e+00
    outer loop
      vertex -2.575354195e+01 -5.555341244e+00 0.000000000e+00
      vertex -1.924203873e+01 -9.318352699e+00 0.000000000e+00
      vertex -2.231884384e+01 -1.112853432e+01 0.000000000e+00
    endloop
  endfacet
  facet normal 0.000000000e+00 0.000000000e+00 1.000000000e+00
    outer loop
      vertex -2.575354195e+01 -5.555341244e+00 0.000000000e+00
      vertex -2.231884384e+01 -1.112853432e+01 0.000000000e+00
      vertex -2.886305809e+01 -5.554698467e+00 0.000000000e+00
    endloop
  endfacet
  facet normal 0.000000000e+00 0.000000000e+00 1.000000000e+00
    outer loop
      vertex -2.575354195e+01 -5.555341244e+00 0.000000000e+00
      vertex -2.886305809e+01 -5.554698467e+00 0.000000000e+00
      vertex -2.235266876e+01 -7.850231043e-08 0.000000000e+00
    endloop
  endfacet
  facet normal 0.000000000e+00 0.000000000e+00 1.000000000e+00
    outer loop
      vertex -2.235236740e+01 1.109141731e+01 0.000000000e+00
      vertex -2.808539963e+01 1.801103783e+01 0.000000000e+00
      vertex -2.079723549e+01 1.376745987e+01 0.000000000e+00
    endloop
  endfacet
  facet normal 0.000000000e+00 0.000000000e+00 9.999999404e-01
    outer loop
      vertex -2.079723549e+01 1.376745987e+01 0.000000000e+00
      vertex -2.079735374e+01 2.221879387e+01 0.000000000e+00
      vertex -1.924203873e+01 2.221879196e+01 0.000000000e+00
    endloop
  endfacet
  facet normal 0.000000000e+00 0.000000000e+00 1.000000000e+00
    outer loop
      vertex -1.117621517e+01 8.212761879e+00 0.000000000e+00
      vertex -1.273134899e+01 5.536719322e+00 0.000000000e+00
      vertex -1.324359512e+01 5.833733559e+00 0.000000000e+00
    endloop
  endfacet
  facet normal 0.000000000e+00 0.000000000e+00 1.000000000e+00
    outer loop
      vertex -1.768830299e+01 1.200644588e+01 0.000000000e+00
      vertex -1.117621517e+01 8.212761879e+00 0.000000000e+00
      vertex -1.324359512e+01 5.833733559e+00 0.000000000e+00
    endloop
  endfacet
  facet normal 0.000000000e+00 0.000000000e+00 1.000000000e+00
    outer loop
      vertex -1.768830299e+01 1.200644588e+01 0.000000000e+00
      vertex -1.324359512e+01 5.833733559e+00 0.000000000e+00
      vertex -1.924203300e+01 9.315131187e+00 0.000000000e+00
    endloop
  endfacet
  facet normal 0.000000000e+00 0.000000000e+00 1.000000000e+00
    outer loop
      vertex -1.768714142e+01 1.952611351e+01 0.000000000e+00
      vertex -1.768830299e+01 1.200644588e+01 0.000000000e+00
      vertex -1.924203300e+01 9.315131187e+00 0.000000000e+00
    endloop
  endfacet
  facet normal 0.000000000e+00 0.000000000e+00 1.000000000e+00
    outer loop
      vertex -1.924203873e+01 2.221879196e+01 0.000000000e+00
      vertex -1.768714142e+01 1.952611351e+01 0.000000000e+00
      vertex -1.924203300e+01 9.315131187e+00 0.000000000e+00
    endloop
  endfacet
  facet normal 0.000000000e+00 0.000000000e+00 1.000000000e+00
    outer loop
      vertex -2.079723549e+01 1.376745987e+01 0.000000000e+00
      vertex -1.924203873e+01 2.221879196e+01 0.000000000e+00
      vertex -1.924203300e+01 9.315131187e+00 0.000000000e+00
    endloop
  endfacet
  facet normal 0.000000000e+00 0.000000000e+00 1.000000000e+00
    outer loop
      vertex -2.235236740e+01 1.109141731e+01 0.000000000e+00
      vertex -2.079723549e+01 1.376745987e+01 0.000000000e+00
      vertex -1.924203300e+01 9.315131187e+00 0.000000000e+00
    endloop
  endfacet
  facet normal 0.000000000e+00 0.000000000e+00 1.000000000e+00
    outer loop
      vertex -2.235236740e+01 1.109141731e+01 0.000000000e+00
      vertex -1.924203300e+01 9.315131187e+00 0.000000000e+00
      vertex -2.575356102e+01 5.554479599e+00 0.000000000e+00
    endloop
  endfacet
  facet normal 0.000000000e+00 0.000000000e+00 1.000000000e+00
    outer loop
      vertex -2.886305809e+01 5.554698467e+00 0.000000000e+00
      vertex -2.235236740e+01 1.109141731e+01 0.000000000e+00
      vertex -2.575356102e+01 5.554479599e+00 0.000000000e+00
    endloop
  endfacet
  facet normal 0.000000000e+00 0.000000000e+00 1.000000000e+00
    outer loop
      vertex -2.235266876e+01 -7.850231043e-08 0.000000000e+00
      vertex -2.886305809e+01 5.554698467e+00 0.000000000e+00
      vertex -2.575356102e+01 5.554479599e+00 0.000000000e+00
    endloop
  endfacet
  facet normal 0.000000000e+00 0.000000000e+00 1.000000000e+00
    outer loop
      vertex -2.235266876e+01 -7.850231043e-08 0.000000000e+00
      vertex -2.575356102e+01 5.554479599e+00 0.000000000e+00
      vertex -1.945813751e+01 1.920659065e+00 0.000000000e+00
    endloop
  endfacet
  facet normal 0.000000000e+00 0.000000000e+00 1.000000000e+00
    outer loop
      vertex -1.924207497e+01 -1.795860767e+00 0.000000000e+00
      vertex -2.575354195e+01 -5.555341244e+00 0.000000000e+00
      vertex -2.235266876e+01 -7.850231043e-08 0.000000000e+00
    endloop
  endfacet
  facet normal 0.000000000e+00 0.000000000e+00 1.000000000e+00
    outer loop
      vertex -1.924207497e+01 -1.795860767e+00 0.000000000e+00
      vertex -2.235266876e+01 -7.850231043e-08 0.000000000e+00
      vertex -1.945813751e+01 1.920659065e+00 0.000000000e+00
    endloop
  endfacet
  facet normal 0.000000000e+00 0.000000000e+00 1.000000000e+00
    outer loop
      vertex -1.924207497e+01 -1.795860767e+00 0.000000000e+00
      vertex -1.945813751e+01 1.920659065e+00 0.000000000e+00
      vertex -1.924038315e+01 1.794937849e+00 0.000000000e+00
    endloop
  endfacet
  facet normal 0.000000000e+00 0.000000000e+00 1.000000000e+00
    outer loop
      vertex -1.269782543e+01 -5.573835850e+00 0.000000000e+00
      vertex -1.924207497e+01 -1.795860767e+00 0.000000000e+00
      vertex -1.924038315e+01 1.794937849e+00 0.000000000e+00
    endloop
  endfacet
  facet normal 0.000000000e+00 0.000000000e+00 1.000000000e+00
    outer loop
      vertex -1.846438217e+01 -2.356573677e+01 0.000000000e+00
      vertex -1.924203873e+01 -2.221879196e+01 0.000000000e+00
      vertex -1.768772507e+01 -1.952781105e+01 0.000000000e+00
    endloop
  endfacet
  facet normal 0.000000000e+00 0.000000000e+00 1.000000000e+00
    outer loop
      vertex -1.768714142e+01 1.952611351e+01 0.000000000e+00
      vertex -1.924203873e+01 2.221879196e+01 0.000000000e+00
      vertex -1.846438217e+01 2.356573677e+01 0.000000000e+00
    endloop
  endfacet
  facet normal 0.000000000e+00 0.000000000e+00 1.000000000e+00
    outer loop
      vertex -1.768714142e+01 1.952611351e+01 0.000000000e+00
      vertex -1.846438217e+01 2.356573677e+01 0.000000000e+00
      vertex -1.117633438e+01 1.935798073e+01 0.000000000e+00
    endloop
  endfacet
  facet normal 0.000000000e+00 0.000000000e+00 1.000000000e+00
    outer loop
      vertex -1.117632198e+01 1.576612473e+01 0.000000000e+00
      vertex -1.768714142e+01 1.952611351e+01 0.000000000e+00
      vertex -1.117633438e+01 1.935798073e+01 0.000000000e+00
    endloop
  endfacet
  facet normal 0.000000000e+00 0.000000000e+00 1.000000000e+00
    outer loop
      vertex -1.117632198e+01 1.576612473e+01 0.000000000e+00
      vertex -1.117633438e+01 1.935798073e+01 0.000000000e+00
      vertex -1.117633343e+01 2.777349091e+01 0.000000000e+00
    endloop
  endfacet
  facet normal 0.000000000e+00 0.000000000e+00 1.000000000e+00
    outer loop
      vertex -1.117632198e+01 1.576612473e+01 0.000000000e+00
      vertex -1.117633343e+01 2.777349091e+01 0.000000000e+00
      vertex -9.621019363e+00 2.777349091e+01 0.000000000e+00
    endloop
  endfacet
  facet normal 0.000000000e+00 0.000000000e+00 1.000000000e+00
    outer loop
      vertex -1.117621517e+01 8.212761879e+00 0.000000000e+00
      vertex -1.117632198e+01 1.576612473e+01 0.000000000e+00
      vertex -9.621019363e+00 2.777349091e+01 0.000000000e+00
    endloop
  endfacet
  facet normal 0.000000000e+00 0.000000000e+00 1.000000000e+00
    outer loop
      vertex -8.069501877e+00 -6.450467587e+00 0.000000000e+00
      vertex -9.621019363e+00 -3.763654709e+00 0.000000000e+00
      vertex -3.107649326e+00 4.357206053e-04 0.000000000e+00
    endloop
  endfacet
  facet normal 0.000000000e+00 0.000000000e+00 1.000000000e+00
    outer loop
      vertex -3.107649326e+00 4.357206053e-04 0.000000000e+00
      vertex -9.621015549e+00 3.760432482e+00 0.000000000e+00
      vertex -8.067283630e+00 6.451747894e+00 0.000000000e+00
    endloop
  endfacet
  facet normal 0.000000000e+00 0.000000000e+00 1.000000000e+00
    outer loop
      vertex 1.526488423e+00 1.378661346e+01 0.000000000e+00
      vertex -1.569806933e+00 1.379481030e+01 0.000000000e+00
      vertex -1.568764925e+00 1.434717369e+01 0.000000000e+00
    endloop
  endfacet
  facet normal 0.000000000e+00 0.000000000e+00 9.999999404e-01
    outer loop
      vertex 1.526488423e+00 1.378661346e+01 0.000000000e+00
      vertex -1.568764925e+00 1.434717369e+01 0.000000000e+00
      vertex -1.555024743e+00 2.132099724e+01 0.000000000e+00
    endloop
  endfacet
  facet normal 0.000000000e+00 0.000000000e+00 1.000000000e+00
    outer loop
      vertex 1.555315495e+00 3.645721054e+01 0.000000000e+00
      vertex 1.555315495e+00 3.332818985e+01 0.000000000e+00
      vertex 1.526488423e+00 2.489601135e+01 0.000000000e+00
    endloop
  endfacet
  facet normal 0.000000000e+00 0.000000000e+00 9.999999404e-01
    outer loop
      vertex 1.516507983e+00 3.643743896e+01 0.000000000e+00
      vertex 1.555315495e+00 3.645721054e+01 0.000000000e+00
      vertex 1.526488423e+00 2.489601135e+01 0.000000000e+00
    endloop
  endfacet
  facet normal 0.000000000e+00 0.000000000e+00 1.000000000e+00
    outer loop
      vertex 8.843362808e+00 2.912043381e+01 0.000000000e+00
      vertex 9.621019363e+00 2.777349091e+01 0.000000000e+00
      vertex 8.065872192e+00 2.507979965e+01 0.000000000e+00
    endloop
  endfacet
  facet normal 0.000000000e+00 0.000000000e+00 1.000000000e+00
    outer loop
      vertex 8.843362808e+00 2.912043381e+01 0.000000000e+00
      vertex 8.065872192e+00 2.507979965e+01 0.000000000e+00
      vertex 1.554996490e+00 2.132101631e+01 0.000000000e+00
    endloop
  endfacet
  facet normal 0.000000000e+00 0.000000000e+00 9.999999404e-01
    outer loop
      vertex 1.526488423e+00 2.489601135e+01 0.000000000e+00
      vertex 8.843362808e+00 2.912043381e+01 0.000000000e+00
      vertex 1.554996490e+00 2.132101631e+01 0.000000000e+00
    endloop
  endfacet
  facet normal 0.000000000e+00 0.000000000e+00 1.000000000e+00
    outer loop
      vertex 1.526488423e+00 2.489601135e+01 0.000000000e+00
      vertex 1.554996490e+00 2.132101631e+01 0.000000000e+00
      vertex 1.526488423e+00 1.378661346e+01 0.000000000e+00
    endloop
  endfacet
  facet normal 0.000000000e+00 0.000000000e+00 9.999999404e-01
    outer loop
      vertex 1.516507983e+00 3.643743896e+01 0.000000000e+00
      vertex 1.526488423e+00 2.489601135e+01 0.000000000e+00
      vertex 1.526488423e+00 1.378661346e+01 0.000000000e+00
    endloop
  endfacet
  facet normal 0.000000000e+00 0.000000000e+00 1.000000000e+00
    outer loop
      vertex -1.456821366e-07 3.619724274e+01 0.000000000e+00
      vertex 1.516507983e+00 3.643743896e+01 0.000000000e+00
      vertex 1.526488423e+00 1.378661346e+01 0.000000000e+00
    endloop
  endfacet
  facet normal 0.000000000e+00 0.000000000e+00 1.000000000e+00
    outer loop
      vertex -1.516508341e+00 3.643743896e+01 0.000000000e+00
      vertex -1.456821366e-07 3.619724274e+01 0.000000000e+00
      vertex 1.526488423e+00 1.378661346e+01 0.000000000e+00
    endloop
  endfacet
  facet normal 0.000000000e+00 0.000000000e+00 9.999999404e-01
    outer loop
      vertex -1.516508341e+00 3.643743896e+01 0.000000000e+00
      vertex 1.526488423e+00 1.378661346e+01 0.000000000e+00
      vertex -1.555024743e+00 2.132099724e+01 0.000000000e+00
    endloop
  endfacet
  facet normal 0.000000000e+00 0.000000000e+00 1.000000000e+00
    outer loop
      vertex -1.555315495e+00 3.645721054e+01 0.000000000e+00
      vertex -1.516508341e+00 3.643743896e+01 0.000000000e+00
      vertex -1.555024743e+00 2.132099724e+01 0.000000000e+00
    endloop
  endfacet
  facet normal 0.000000000e+00 0.000000000e+00 1.000000000e+00
    outer loop
      vertex -1.555315495e+00 3.332818985e+01 0.000000000e+00
      vertex -1.555315495e+00 3.645721054e+01 0.000000000e+00
      vertex -1.555024743e+00 2.132099724e+01 0.000000000e+00
    endloop
  endfacet
  facet normal 0.000000000e+00 0.000000000e+00 1.000000000e+00
    outer loop
      vertex -1.569806576e+00 2.490420723e+01 0.000000000e+00
      vertex -1.555315495e+00 3.332818985e+01 0.000000000e+00
      vertex -1.555024743e+00 2.132099724e+01 0.000000000e+00
    endloop
  endfacet
  facet normal 0.000000000e+00 0.000000000e+00 9.999999404e-01
    outer loop
      vertex -1.569806576e+00 2.490420723e+01 0.000000000e+00
      vertex -1.555024743e+00 2.132099724e+01 0.000000000e+00
      vertex -8.065703392e+00 2.507969284e+01 0.000000000e+00
    endloop
  endfacet
  facet normal 0.000000000e+00 0.000000000e+00 1.000000000e+00
    outer loop
      vertex -8.821939468e+00 2.910801506e+01 0.000000000e+00
      vertex -1.569806576e+00 2.490420723e+01 0.000000000e+00
      vertex -8.065703392e+00 2.507969284e+01 0.000000000e+00
    endloop
  endfacet
  facet normal 0.000000000e+00 0.000000000e+00 9.999999404e-01
    outer loop
      vertex -1.553235173e+00 -2.691529036e+00 0.000000000e+00
      vertex -8.069501877e+00 -6.450467587e+00 0.000000000e+00
      vertex -3.107649326e+00 4.357206053e-04 0.000000000e+00
    endloop
  endfacet
  facet normal 0.000000000e+00 0.000000000e+00 1.000000000e+00
    outer loop
      vertex -3.107649326e+00 4.357206053e-04 0.000000000e+00
      vertex -8.067283630e+00 6.451747894e+00 0.000000000e+00
      vertex -1.855527997e+00 2.866667986e+00 0.000000000e+00
    endloop
  endfacet
  facet normal 0.000000000e+00 0.000000000e+00 1.000000000e+00
    outer loop
      vertex -1.553235173e+00 -2.691529036e+00 0.000000000e+00
      vertex -3.107649326e+00 4.357206053e-04 0.000000000e+00
      vertex -1.855527997e+00 2.866667986e+00 0.000000000e+00
    endloop
  endfacet
  facet normal 0.000000000e+00 0.000000000e+00 1.000000000e+00
    outer loop
      vertex -1.569563866e+00 -1.379495811e+01 0.000000000e+00
      vertex -2.872323751e+00 -1.097206116e+01 0.000000000e+00
      vertex -1.555059314e+00 -1.021158314e+01 0.000000000e+00
    endloop
  endfacet
  facet normal 0.000000000e+00 0.000000000e+00 9.999999404e-01
    outer loop
      vertex -1.553235173e+00 -2.691529036e+00 0.000000000e+00
      vertex -1.855527997e+00 2.866667986e+00 0.000000000e+00
      vertex -1.555238843e+00 2.693181276e+00 0.000000000e+00
    endloop
  endfacet
  facet normal 0.000000000e+00 0.000000000e+00 1.000000000e+00
    outer loop
      vertex 1.526973963e+00 -1.378689671e+01 0.000000000e+00
      vertex -1.569563866e+00 -1.379495811e+01 0.000000000e+00
      vertex -1.555059314e+00 -1.021158314e+01 0.000000000e+00
    endloop
  endfacet
  facet normal 0.000000000e+00 0.000000000e+00 1.000000000e+00
    outer loop
      vertex -1.553235173e+00 -2.691529036e+00 0.000000000e+00
      vertex -1.555238843e+00 2.693181276e+00 0.000000000e+00
      vertex -1.555024743e+00 1.021160316e+01 0.000000000e+00
    endloop
  endfacet
  facet normal 0.000000000e+00 0.000000000e+00 9.999999404e-01
    outer loop
      vertex -1.555059314e+00 -1.021158314e+01 0.000000000e+00
      vertex -1.555097580e+00 -8.690558434e+00 0.000000000e+00
      vertex -1.553235173e+00 -2.691529036e+00 0.000000000e+00
    endloop
  endfacet
  facet normal 0.000000000e+00 0.000000000e+00 9.999999404e-01
    outer loop
      vertex 1.526973963e+00 -1.378689671e+01 0.000000000e+00
      vertex -1.555059314e+00 -1.021158314e+01 0.000000000e+00
      vertex -1.553235173e+00 -2.691529036e+00 0.000000000e+00
    endloop
  endfacet
  facet normal 0.000000000e+00 0.000000000e+00 1.000000000e+00
    outer loop
      vertex -1.553235173e+00 -2.691529036e+00 0.000000000e+00
      vertex -1.555024743e+00 1.021160316e+01 0.000000000e+00
      vertex 1.554996490e+00 1.021161842e+01 0.000000000e+00
    endloop
  endfacet
  facet normal 0.000000000e+00 0.000000000e+00 1.000000000e+00
    outer loop
      vertex 1.555241704e+00 -2.693753958e+00 0.000000000e+00
      vertex -1.553235173e+00 -2.691529036e+00 0.000000000e+00
      vertex 1.554996490e+00 1.021161842e+01 0.000000000e+00
    endloop
  endfacet
  facet normal 0.000000000e+00 0.000000000e+00 1.000000000e+00
    outer loop
      vertex 1.526973963e+00 -1.378689671e+01 0.000000000e+00
      vertex -1.553235173e+00 -2.691529036e+00 0.000000000e+00
      vertex 1.555241704e+00 -2.693753958e+00 0.000000000e+00
    endloop
  endfacet
  facet normal 0.000000000e+00 0.000000000e+00 1.000000000e+00
    outer loop
      vertex 1.526973963e+00 -1.378689671e+01 0.000000000e+00
      vertex 1.555241704e+00 -2.693753958e+00 0.000000000e+00
      vertex 1.555034995e+00 -1.021159649e+01 0.000000000e+00
    endloop
  endfacet
  facet normal 0.000000000e+00 0.000000000e+00 9.999999404e-01
    outer loop
      vertex 8.065709114e+00 -1.756205559e+01 0.000000000e+00
      vertex 1.526973963e+00 -1.378689671e+01 0.000000000e+00
      vertex 1.555034995e+00 -1.021159649e+01 0.000000000e+00
    endloop
  endfacet
  facet normal 0.000000000e+00 0.000000000e+00 9.999999404e-01
    outer loop
      vertex 1.555241704e+00 -2.693753958e+00 0.000000000e+00
      vertex 1.554996490e+00 1.021161842e+01 0.000000000e+00
      vertex 1.555231333e+00 2.692561150e+00 0.000000000e+00
    endloop
  endfacet
  facet normal 0.000000000e+00 0.000000000e+00 1.000000000e+00
    outer loop
      vertex 8.065709114e+00 -1.756205559e+01 0.000000000e+00
      vertex 1.555034995e+00 -1.021159649e+01 0.000000000e+00
      vertex 8.065773964e+00 -1.397033501e+01 0.000000000e+00
    endloop
  endfacet
  facet normal 0.000000000e+00 0.000000000e+00 1.000000000e+00
    outer loop
      vertex 8.069892883e+00 6.450241089e+00 0.000000000e+00
      vertex 9.621019363e+00 3.763115168e+00 0.000000000e+00
      vertex 3.109557629e+00 5.249367678e-04 0.000000000e+00
    endloop
  endfacet
  facet normal 0.000000000e+00 0.000000000e+00 1.000000000e+00
    outer loop
      vertex 1.555231333e+00 2.692561150e+00 0.000000000e+00
      vertex 8.069892883e+00 6.450241089e+00 0.000000000e+00
      vertex 3.109557629e+00 5.249367678e-04 0.000000000e+00
    endloop
  endfacet
  facet normal 0.000000000e+00 0.000000000e+00 1.000000000e+00
    outer loop
      vertex 1.555241704e+00 -2.693753958e+00 0.000000000e+00
      vertex 1.555231333e+00 2.692561150e+00 0.000000000e+00
      vertex 3.109557629e+00 5.249367678e-04 0.000000000e+00
    endloop
  endfacet
  facet normal 0.000000000e+00 0.000000000e+00 1.000000000e+00
    outer loop
      vertex 8.065972328e+00 -6.452505112e+00 0.000000000e+00
      vertex 1.555241704e+00 -2.693753958e+00 0.000000000e+00
      vertex 3.109557629e+00 5.249367678e-04 0.000000000e+00
    endloop
  endfacet
  facet normal 0.000000000e+00 0.000000000e+00 1.000000000e+00
    outer loop
      vertex 8.065972328e+00 -6.452505112e+00 0.000000000e+00
      vertex 3.109557629e+00 5.249367678e-04 0.000000000e+00
      vertex 9.621019363e+00 -3.759134293e+00 0.000000000e+00
    endloop
  endfacet
  facet normal 0.000000000e+00 0.000000000e+00 1.000000000e+00
    outer loop
      vertex 9.621019363e+00 -2.777349091e+01 0.000000000e+00
      vertex 8.065703392e+00 -2.507968903e+01 0.000000000e+00
      vertex 8.065709114e+00 -1.756205559e+01 0.000000000e+00
    endloop
  endfacet
  facet normal 0.000000000e+00 0.000000000e+00 9.999999404e-01
    outer loop
      vertex 9.621019363e+00 -2.777349091e+01 0.000000000e+00
      vertex 8.065709114e+00 -1.756205559e+01 0.000000000e+00
      vertex 8.065773964e+00 -1.397033501e+01 0.000000000e+00
    endloop
  endfacet
  facet normal 0.000000000e+00 0.000000000e+00 1.000000000e+00
    outer loop
      vertex 9.621019363e+00 -2.777349091e+01 0.000000000e+00
      vertex 8.065773964e+00 -1.397033501e+01 0.000000000e+00
      vertex 8.065972328e+00 -6.452505112e+00 0.000000000e+00
    endloop
  endfacet
  facet normal 0.000000000e+00 0.000000000e+00 1.000000000e+00
    outer loop
      vertex 9.621019363e+00 -2.777349091e+01 0.000000000e+00
      vertex 8.065972328e+00 -6.452505112e+00 0.000000000e+00
      vertex 9.621019363e+00 -3.759134293e+00 0.000000000e+00
    endloop
  endfacet
  facet normal 0.000000000e+00 0.000000000e+00 1.000000000e+00
    outer loop
      vertex 1.117633343e+01 -2.777349091e+01 0.000000000e+00
      vertex 9.621019363e+00 -2.777349091e+01 0.000000000e+00
      vertex 9.621019363e+00 -3.759134293e+00 0.000000000e+00
    endloop
  endfacet
  facet normal 0.000000000e+00 0.000000000e+00 1.000000000e+00
    outer loop
      vertex 1.191659164e+01 -8.699714661e+00 0.000000000e+00
      vertex 1.115290070e+01 -8.261897087e+00 0.000000000e+00
      vertex 1.268558884e+01 -5.581253052e+00 0.000000000e+00
    endloop
  endfacet
  facet normal 0.000000000e+00 0.000000000e+00 1.000000000e+00
    outer loop
      vertex 1.768699074e+01 -1.200720406e+01 0.000000000e+00
      vertex 1.191659164e+01 -8.699714661e+00 0.000000000e+00
      vertex 1.268558884e+01 -5.581253052e+00 0.000000000e+00
    endloop
  endfacet
  facet normal 0.000000000e+00 0.000000000e+00 1.000000000e+00
    outer loop
      vertex 1.768699074e+01 -1.200720406e+01 0.000000000e+00
      vertex 1.268558884e+01 -5.581253052e+00 0.000000000e+00
      vertex 1.924203873e+01 -9.313832283e+00 0.000000000e+00
    endloop
  endfacet
  facet normal 0.000000000e+00 0.000000000e+00 1.000000000e+00
    outer loop
      vertex 2.575250816e+01 -5.554745674e+00 0.000000000e+00
      vertex 2.886305809e+01 -5.554697990e+00 0.000000000e+00
      vertex 2.964071465e+01 -6.901640415e+00 0.000000000e+00
    endloop
  endfacet
  facet normal 0.000000000e+00 0.000000000e+00 1.000000000e+00
    outer loop
      vertex 2.575250816e+01 -5.554745674e+00 0.000000000e+00
      vertex 2.964071465e+01 -6.901640415e+00 0.000000000e+00
      vertex 2.230660629e+01 -1.113595104e+01 0.000000000e+00
    endloop
  endfacet
  facet normal 0.000000000e+00 0.000000000e+00 1.000000000e+00
    outer loop
      vertex 1.924203873e+01 -9.313832283e+00 0.000000000e+00
      vertex 2.575250816e+01 -5.554745674e+00 0.000000000e+00
      vertex 2.230660629e+01 -1.113595104e+01 0.000000000e+00
    endloop
  endfacet
  facet normal 0.000000000e+00 0.000000000e+00 1.000000000e+00
    outer loop
      vertex 2.964071465e+01 -1.531715202e+01 0.000000000e+00
      vertex 3.926173401e+01 -2.087184906e+01 0.000000000e+00
      vertex 3.770642090e+01 -2.356573677e+01 0.000000000e+00
    endloop
  endfacet
  facet normal 0.000000000e+00 0.000000000e+00 1.000000000e+00
    outer loop
      vertex 2.961159706e+01 -1.530055141e+01 0.000000000e+00
      vertex 2.964071465e+01 -1.531715202e+01 0.000000000e+00
      vertex 3.770642090e+01 -2.356573677e+01 0.000000000e+00
    endloop
  endfacet
  facet normal 0.000000000e+00 0.000000000e+00 1.000000000e+00
    outer loop
      vertex 2.961159706e+01 -1.530055141e+01 0.000000000e+00
      vertex 3.770642090e+01 -2.356573677e+01 0.000000000e+00
      vertex 2.808539963e+01 -1.801103783e+01 0.000000000e+00
    endloop
  endfacet
  facet normal 0.000000000e+00 0.000000000e+00 1.000000000e+00
    outer loop
      vertex 2.230660629e+01 -1.113595104e+01 0.000000000e+00
      vertex 2.961159706e+01 -1.530055141e+01 0.000000000e+00
      vertex 2.808539963e+01 -1.801103783e+01 0.000000000e+00
    endloop
  endfacet
  facet normal 0.000000000e+00 0.000000000e+00 1.000000000e+00
    outer loop
      vertex 2.230660629e+01 -1.113595104e+01 0.000000000e+00
      vertex 2.808539963e+01 -1.801103783e+01 0.000000000e+00
      vertex 2.077392006e+01 -1.381659603e+01 0.000000000e+00
    endloop
  endfacet
  facet normal 0.000000000e+00 0.000000000e+00 1.000000000e+00
    outer loop
      vertex 1.924203873e+01 -9.313832283e+00 0.000000000e+00
      vertex 2.230660629e+01 -1.113595104e+01 0.000000000e+00
      vertex 2.077392006e+01 -1.381659603e+01 0.000000000e+00
    endloop
  endfacet
  facet normal 0.000000000e+00 0.000000000e+00 1.000000000e+00
    outer loop
      vertex 2.077392006e+01 -1.381659603e+01 0.000000000e+00
      vertex 2.079735374e+01 -2.221879387e+01 0.000000000e+00
      vertex 1.924204063e+01 -2.221879387e+01 0.000000000e+00
    endloop
  endfacet
  facet normal 0.000000000e+00 0.000000000e+00 1.000000000e+00
    outer loop
      vertex 1.924203873e+01 -9.313832283e+00 0.000000000e+00
      vertex 2.077392006e+01 -1.381659603e+01 0.000000000e+00
      vertex 1.924204063e+01 -2.221879387e+01 0.000000000e+00
    endloop
  endfacet
  facet normal 0.000000000e+00 0.000000000e+00 1.000000000e+00
    outer loop
      vertex 1.924203873e+01 -9.313832283e+00 0.000000000e+00
      vertex 1.924204063e+01 -2.221879387e+01 0.000000000e+00
      vertex 1.846438217e+01 -2.356573677e+01 0.000000000e+00
    endloop
  endfacet
  facet normal 0.000000000e+00 0.000000000e+00 1.000000000e+00
    outer loop
      vertex 1.768699074e+01 -1.200720406e+01 0.000000000e+00
      vertex 1.924203873e+01 -9.313832283e+00 0.000000000e+00
      vertex 1.846438217e+01 -2.356573677e+01 0.000000000e+00
    endloop
  endfacet
  facet normal 0.000000000e+00 0.000000000e+00 1.000000000e+00
    outer loop
      vertex 1.768679428e+01 -1.952258110e+01 0.000000000e+00
      vertex 1.768699074e+01 -1.200720406e+01 0.000000000e+00
      vertex 1.846438217e+01 -2.356573677e+01 0.000000000e+00
    endloop
  endfacet
  facet normal 0.000000000e+00 0.000000000e+00 1.000000000e+00
    outer loop
      vertex 1.768679428e+01 -1.952494812e+01 0.000000000e+00
      vertex 1.768679428e+01 -1.952258110e+01 0.000000000e+00
      vertex 1.846438217e+01 -2.356573677e+01 0.000000000e+00
    endloop
  endfacet
  facet normal 0.000000000e+00 0.000000000e+00 9.999999404e-01
    outer loop
      vertex 1.768679428e+01 -1.952494812e+01 0.000000000e+00
      vertex 1.846438217e+01 -2.356573677e+01 0.000000000e+00
      vertex 1.117633343e+01 -1.935798073e+01 0.000000000e+00
    endloop
  endfacet
  facet normal 0.000000000e+00 0.000000000e+00 1.000000000e+00
    outer loop
      vertex 1.117382622e+01 -1.576468372e+01 0.000000000e+00
      vertex 1.768679428e+01 -1.952494812e+01 0.000000000e+00
      vertex 1.117633343e+01 -1.935798073e+01 0.000000000e+00
    endloop
  endfacet
  facet normal 0.000000000e+00 0.000000000e+00 1.000000000e+00
    outer loop
      vertex 1.117382622e+01 -1.576468372e+01 0.000000000e+00
      vertex 1.117633343e+01 -1.935798073e+01 0.000000000e+00
      vertex 1.117633343e+01 -2.442739868e+01 0.000000000e+00
    endloop
  endfacet
  facet normal 0.000000000e+00 0.000000000e+00 1.000000000e+00
    outer loop
      vertex 1.117382622e+01 -1.576468372e+01 0.000000000e+00
      vertex 1.117633343e+01 -2.442739868e+01 0.000000000e+00
      vertex 1.117633343e+01 -2.777349091e+01 0.000000000e+00
    endloop
  endfacet
  facet normal 0.000000000e+00 0.000000000e+00 1.000000000e+00
    outer loop
      vertex 1.115290070e+01 -8.261897087e+00 0.000000000e+00
      vertex 1.117382622e+01 -1.576468372e+01 0.000000000e+00
      vertex 1.117633343e+01 -2.777349091e+01 0.000000000e+00
    endloop
  endfacet
  facet normal 0.000000000e+00 0.000000000e+00 1.000000000e+00
    outer loop
      vertex 1.115290070e+01 -8.261897087e+00 0.000000000e+00
      vertex 1.117633343e+01 -2.777349091e+01 0.000000000e+00
      vertex 9.621019363e+00 -3.759134293e+00 0.000000000e+00
    endloop
  endfacet
  facet normal 0.000000000e+00 0.000000000e+00 1.000000000e+00
    outer loop
      vertex 1.268558884e+01 -5.581253052e+00 0.000000000e+00
      vertex 1.115290070e+01 -8.261897087e+00 0.000000000e+00
      vertex 9.621019363e+00 -3.759134293e+00 0.000000000e+00
    endloop
  endfacet
  facet normal 0.000000000e+00 0.000000000e+00 9.999999404e-01
    outer loop
      vertex 1.268558884e+01 -5.581253052e+00 0.000000000e+00
      vertex 9.621019363e+00 -3.759134293e+00 0.000000000e+00
      vertex 1.613248062e+01 5.249470705e-04 0.000000000e+00
    endloop
  endfacet
  facet normal 0.000000000e+00 0.000000000e+00 1.000000000e+00
    outer loop
      vertex 1.273085403e+01 5.535201550e+00 0.000000000e+00
      vertex 1.117810249e+01 8.210532188e+00 0.000000000e+00
      vertex 1.769091225e+01 1.200494003e+01 0.000000000e+00
    endloop
  endfacet
  facet normal 0.000000000e+00 0.000000000e+00 1.000000000e+00
    outer loop
      vertex 1.924204254e+01 -1.795917511e+00 0.000000000e+00
      vertex 1.268558884e+01 -5.581253052e+00 0.000000000e+00
      vertex 1.613248062e+01 5.249470705e-04 0.000000000e+00
    endloop
  endfacet
  facet normal 0.000000000e+00 0.000000000e+00 1.000000000e+00
    outer loop
      vertex 1.328326702e+01 5.855375767e+00 0.000000000e+00
      vertex 1.273085403e+01 5.535201550e+00 0.000000000e+00
      vertex 1.769091225e+01 1.200494003e+01 0.000000000e+00
    endloop
  endfacet
  facet normal 0.000000000e+00 0.000000000e+00 1.000000000e+00
    outer loop
      vertex 1.924203873e+01 9.317812920e+00 0.000000000e+00
      vertex 1.328326702e+01 5.855375767e+00 0.000000000e+00
      vertex 1.769091225e+01 1.200494003e+01 0.000000000e+00
    endloop
  endfacet
  facet normal 0.000000000e+00 0.000000000e+00 1.000000000e+00
    outer loop
      vertex 1.769091225e+01 1.200494003e+01 0.000000000e+00
      vertex 1.768782806e+01 1.952554321e+01 0.000000000e+00
      vertex 1.924203873e+01 2.221879387e+01 0.000000000e+00
    endloop
  endfacet
  facet normal 0.000000000e+00 0.000000000e+00 1.000000000e+00
    outer loop
      vertex 1.924203873e+01 9.317812920e+00 0.000000000e+00
      vertex 1.769091225e+01 1.200494003e+01 0.000000000e+00
      vertex 1.924203873e+01 2.221879387e+01 0.000000000e+00
    endloop
  endfacet
  facet normal 0.000000000e+00 0.000000000e+00 1.000000000e+00
    outer loop
      vertex 1.924203873e+01 2.221879387e+01 0.000000000e+00
      vertex 2.079735374e+01 2.221879387e+01 0.000000000e+00
      vertex 2.079701424e+01 1.376401234e+01 0.000000000e+00
    endloop
  endfacet
  facet normal 0.000000000e+00 0.000000000e+00 1.000000000e+00
    outer loop
      vertex 1.924203873e+01 9.317812920e+00 0.000000000e+00
      vertex 1.924203873e+01 2.221879387e+01 0.000000000e+00
      vertex 2.079701424e+01 1.376401234e+01 0.000000000e+00
    endloop
  endfacet
  facet normal 0.000000000e+00 0.000000000e+00 1.000000000e+00
    outer loop
      vertex 3.770642090e+01 2.356573677e+01 0.000000000e+00
      vertex 3.926173401e+01 2.087184906e+01 0.000000000e+00
      vertex 2.964071465e+01 1.531715202e+01 0.000000000e+00
    endloop
  endfacet
  facet normal 0.000000000e+00 0.000000000e+00 1.000000000e+00
    outer loop
      vertex 2.808539963e+01 1.801103783e+01 0.000000000e+00
      vertex 3.770642090e+01 2.356573677e+01 0.000000000e+00
      vertex 2.964071465e+01 1.531715202e+01 0.000000000e+00
    endloop
  endfacet
  facet normal 0.000000000e+00 0.000000000e+00 9.999999404e-01
    outer loop
      vertex 2.808539963e+01 1.801103783e+01 0.000000000e+00
      vertex 2.964071465e+01 1.531715202e+01 0.000000000e+00
      vertex 2.235187340e+01 1.108990002e+01 0.000000000e+00
    endloop
  endfacet
  facet normal 0.000000000e+00 0.000000000e+00 1.000000000e+00
    outer loop
      vertex 2.079701424e+01 1.376401234e+01 0.000000000e+00
      vertex 2.808539963e+01 1.801103783e+01 0.000000000e+00
      vertex 2.235187340e+01 1.108990002e+01 0.000000000e+00
    endloop
  endfacet
  facet normal 0.000000000e+00 0.000000000e+00 1.000000000e+00
    outer loop
      vertex 1.924203873e+01 9.317812920e+00 0.000000000e+00
      vertex 2.079701424e+01 1.376401234e+01 0.000000000e+00
      vertex 2.235187340e+01 1.108990002e+01 0.000000000e+00
    endloop
  endfacet
  facet normal 0.000000000e+00 0.000000000e+00 1.000000000e+00
    outer loop
      vertex 2.575341797e+01 5.555270672e+00 0.000000000e+00
      vertex 1.924203873e+01 9.317812920e+00 0.000000000e+00
      vertex 2.235187340e+01 1.108990002e+01 0.000000000e+00
    endloop
  endfacet
  facet normal 0.000000000e+00 0.000000000e+00 1.000000000e+00
    outer loop
      vertex 2.964071465e+01 -4.207756042e+00 0.000000000e+00
      vertex 2.886305809e+01 -5.554697990e+00 0.000000000e+00
      vertex 2.575250816e+01 -5.554745674e+00 0.000000000e+00
    endloop
  endfacet
  facet normal 0.000000000e+00 0.000000000e+00 1.000000000e+00
    outer loop
      vertex 2.235266876e+01 7.850231043e-08 0.000000000e+00
      vertex 2.964071465e+01 -4.207756042e+00 0.000000000e+00
      vertex 2.575250816e+01 -5.554745674e+00 0.000000000e+00
    endloop
  endfacet
  facet normal 0.000000000e+00 0.000000000e+00 9.999999404e-01
    outer loop
      vertex 2.235266876e+01 7.850231043e-08 0.000000000e+00
      vertex 2.575250816e+01 -5.554745674e+00 0.000000000e+00
      vertex 1.924204254e+01 -1.795917511e+00 0.000000000e+00
    endloop
  endfacet
  facet normal 0.000000000e+00 0.000000000e+00 1.000000000e+00
    outer loop
      vertex 2.575341797e+01 5.555270672e+00 0.000000000e+00
      vertex 2.235187340e+01 1.108990002e+01 0.000000000e+00
      vertex 2.235404587e+01 1.108864689e+01 0.000000000e+00
    endloop
  endfacet
  facet normal 0.000000000e+00 0.000000000e+00 1.000000000e+00
    outer loop
      vertex 2.575341797e+01 5.555270672e+00 0.000000000e+00
      vertex 2.235404587e+01 1.108864689e+01 0.000000000e+00
      vertex 2.963789558e+01 6.903261662e+00 0.000000000e+00
    endloop
  endfacet
  facet normal 0.000000000e+00 0.000000000e+00 1.000000000e+00
    outer loop
      vertex 2.963789558e+01 6.903261662e+00 0.000000000e+00
      vertex 2.964071465e+01 6.901640892e+00 0.000000000e+00
      vertex 2.964071465e+01 6.901640415e+00 0.000000000e+00
    endloop
  endfacet
  facet normal 0.000000000e+00 0.000000000e+00 1.000000000e+00
    outer loop
      vertex 2.963789558e+01 6.903261662e+00 0.000000000e+00
      vertex 2.964071465e+01 6.901640415e+00 0.000000000e+00
      vertex 2.886305809e+01 5.554698467e+00 0.000000000e+00
    endloop
  endfacet
  facet normal 0.000000000e+00 0.000000000e+00 1.000000000e+00
    outer loop
      vertex 2.575341797e+01 5.555270672e+00 0.000000000e+00
      vertex 2.963789558e+01 6.903261662e+00 0.000000000e+00
      vertex 2.886305809e+01 5.554698467e+00 0.000000000e+00
    endloop
  endfacet
  facet normal 0.000000000e+00 0.000000000e+00 1.000000000e+00
    outer loop
      vertex 2.575341797e+01 5.555270672e+00 0.000000000e+00
      vertex 2.886305809e+01 5.554698467e+00 0.000000000e+00
      vertex 2.964071465e+01 4.207756042e+00 0.000000000e+00
    endloop
  endfacet
  facet normal 0.000000000e+00 0.000000000e+00 1.000000000e+00
    outer loop
      vertex 2.572984314e+01 5.541659355e+00 0.000000000e+00
      vertex 2.575341797e+01 5.555270672e+00 0.000000000e+00
      vertex 2.964071465e+01 4.207756042e+00 0.000000000e+00
    endloop
  endfacet
  facet normal 0.000000000e+00 0.000000000e+00 1.000000000e+00
    outer loop
      vertex 2.572984314e+01 5.541659355e+00 0.000000000e+00
      vertex 2.964071465e+01 4.207756042e+00 0.000000000e+00
      vertex 2.235266876e+01 7.850231043e-08 0.000000000e+00
    endloop
  endfacet
  facet normal 0.000000000e+00 0.000000000e+00 1.000000000e+00
    outer loop
      vertex 2.572984314e+01 5.541659355e+00 0.000000000e+00
      vertex 2.235266876e+01 7.850231043e-08 0.000000000e+00
      vertex 1.924204254e+01 -1.795917511e+00 0.000000000e+00
    endloop
  endfacet
  facet normal 0.000000000e+00 0.000000000e+00 1.000000000e+00
    outer loop
      vertex 1.924026489e+01 1.794813037e+00 0.000000000e+00
      vertex 2.572984314e+01 5.541659355e+00 0.000000000e+00
      vertex 1.924204254e+01 -1.795917511e+00 0.000000000e+00
    endloop
  endfacet
  facet normal 0.000000000e+00 0.000000000e+00 1.000000000e+00
    outer loop
      vertex 1.924026489e+01 1.794813037e+00 0.000000000e+00
      vertex 1.924204254e+01 -1.795917511e+00 0.000000000e+00
      vertex 1.613248062e+01 5.249470705e-04 0.000000000e+00
    endloop
  endfacet
  facet normal 0.000000000e+00 0.000000000e+00 1.000000000e+00
    outer loop
      vertex 1.273302555e+01 5.533947945e+00 0.000000000e+00
      vertex 1.924026489e+01 1.794813037e+00 0.000000000e+00
      vertex 1.613248062e+01 5.249470705e-04 0.000000000e+00
    endloop
  endfacet
  facet normal 0.000000000e+00 0.000000000e+00 1.000000000e+00
    outer loop
      vertex 1.273085403e+01 5.535201550e+00 0.000000000e+00
      vertex 1.273302555e+01 5.533947945e+00 0.000000000e+00
      vertex 1.613248062e+01 5.249470705e-04 0.000000000e+00
    endloop
  endfacet
  facet normal 0.000000000e+00 0.000000000e+00 1.000000000e+00
    outer loop
      vertex 1.273085403e+01 5.535201550e+00 0.000000000e+00
      vertex 1.613248062e+01 5.249470705e-04 0.000000000e+00
      vertex 9.621019363e+00 3.763115168e+00 0.000000000e+00
    endloop
  endfacet
  facet normal 0.000000000e+00 0.000000000e+00 1.000000000e+00
    outer loop
      vertex 1.117599678e+01 8.209314346e+00 0.000000000e+00
      vertex 1.117810249e+01 8.210532188e+00 0.000000000e+00
      vertex 1.273085403e+01 5.535201550e+00 0.000000000e+00
    endloop
  endfacet
  facet normal 0.000000000e+00 0.000000000e+00 1.000000000e+00
    outer loop
      vertex 1.117599678e+01 8.209314346e+00 0.000000000e+00
      vertex 1.273085403e+01 5.535201550e+00 0.000000000e+00
      vertex 9.621019363e+00 3.763115168e+00 0.000000000e+00
    endloop
  endfacet
  facet normal 0.000000000e+00 0.000000000e+00 1.000000000e+00
    outer loop
      vertex 1.846438217e+01 2.356573677e+01 0.000000000e+00
      vertex 1.924203873e+01 2.221879387e+01 0.000000000e+00
      vertex 1.768782806e+01 1.952554321e+01 0.000000000e+00
    endloop
  endfacet
  facet normal 0.000000000e+00 0.000000000e+00 9.999999404e-01
    outer loop
      vertex 1.117633438e+01 1.935798073e+01 0.000000000e+00
      vertex 1.846438217e+01 2.356573677e+01 0.000000000e+00
      vertex 1.768782806e+01 1.952554321e+01 0.000000000e+00
    endloop
  endfacet
  facet normal 0.000000000e+00 0.000000000e+00 1.000000000e+00
    outer loop
      vertex 1.117633438e+01 1.935798073e+01 0.000000000e+00
      vertex 1.768782806e+01 1.952554321e+01 0.000000000e+00
      vertex 1.117629910e+01 1.576611137e+01 0.000000000e+00
    endloop
  endfacet
  facet normal 0.000000000e+00 0.000000000e+00 9.999999404e-01
    outer loop
      vertex 1.117633343e+01 2.777349091e+01 0.000000000e+00
      vertex 1.117633438e+01 1.935798073e+01 0.000000000e+00
      vertex 1.117629910e+01 1.576611137e+01 0.000000000e+00
    endloop
  endfacet
  facet normal 0.000000000e+00 0.000000000e+00 1.000000000e+00
    outer loop
      vertex 1.117633343e+01 2.777349091e+01 0.000000000e+00
      vertex 1.117629910e+01 1.576611137e+01 0.000000000e+00
      vertex 1.117599678e+01 8.209314346e+00 0.000000000e+00
    endloop
  endfacet
  facet normal 0.000000000e+00 0.000000000e+00 1.000000000e+00
    outer loop
      vertex 9.621019363e+00 2.777349091e+01 0.000000000e+00
      vertex 1.117633343e+01 2.777349091e+01 0.000000000e+00
      vertex 1.117599678e+01 8.209314346e+00 0.000000000e+00
    endloop
  endfacet
  facet normal 0.000000000e+00 0.000000000e+00 1.000000000e+00
    outer loop
      vertex 9.621019363e+00 2.777349091e+01 0.000000000e+00
      vertex 1.117599678e+01 8.209314346e+00 0.000000000e+00
      vertex 9.621019363e+00 3.763115168e+00 0.000000000e+00
    endloop
  endfacet
  facet normal 0.000000000e+00 0.000000000e+00 1.000000000e+00
    outer loop
      vertex 9.621019363e+00 2.777349091e+01 0.000000000e+00
      vertex 9.621019363e+00 3.763115168e+00 0.000000000e+00
      vertex 8.069892883e+00 6.450241089e+00 0.000000000e+00
    endloop
  endfacet
  facet normal 0.000000000e+00 0.000000000e+00 9.999999404e-01
    outer loop
      vertex 9.621019363e+00 2.777349091e+01 0.000000000e+00
      vertex 8.069892883e+00 6.450241089e+00 0.000000000e+00
      vertex 8.066807747e+00 1.397094345e+01 0.000000000e+00
    endloop
  endfacet
  facet normal 0.000000000e+00 0.000000000e+00 1.000000000e+00
    outer loop
      vertex 8.065872192e+00 2.507979965e+01 0.000000000e+00
      vertex 9.621019363e+00 2.777349091e+01 0.000000000e+00
      vertex 8.066807747e+00 1.397094345e+01 0.000000000e+00
    endloop
  endfacet
  facet normal 0.000000000e+00 0.000000000e+00 1.000000000e+00
    outer loop
      vertex 8.065709114e+00 1.756205559e+01 0.000000000e+00
      vertex 8.065872192e+00 2.507979965e+01 0.000000000e+00
      vertex 8.066807747e+00 1.397094345e+01 0.000000000e+00
    endloop
  endfacet
  facet normal 0.000000000e+00 0.000000000e+00 9.999999404e-01
    outer loop
      vertex 8.065709114e+00 1.756205559e+01 0.000000000e+00
      vertex 8.066807747e+00 1.397094345e+01 0.000000000e+00
      vertex 1.554996490e+00 1.021161842e+01 0.000000000e+00
    endloop
  endfacet
  facet normal 0.000000000e+00 0.000000000e+00 1.000000000e+00
    outer loop
      vertex 1.526488423e+00 1.378661346e+01 0.000000000e+00
      vertex 8.065709114e+00 1.756205559e+01 0.000000000e+00
      vertex 1.554996490e+00 1.021161842e+01 0.000000000e+00
    endloop
  endfacet
  facet normal 0.000000000e+00 0.000000000e+00 1.000000000e+00
    outer loop
      vertex 1.526488423e+00 1.378661346e+01 0.000000000e+00
      vertex 1.554996490e+00 1.021161842e+01 0.000000000e+00
      vertex -1.555024743e+00 1.021160316e+01 0.000000000e+00
    endloop
  endfacet
  facet normal 0.000000000e+00 0.000000000e+00 1.000000000e+00
    outer loop
      vertex -1.569806933e+00 1.379481030e+01 0.000000000e+00
      vertex 1.526488423e+00 1.378661346e+01 0.000000000e+00
      vertex -1.555024743e+00 1.021160316e+01 0.000000000e+00
    endloop
  endfacet
  facet normal 0.000000000e+00 0.000000000e+00 1.000000000e+00
    outer loop
      vertex -1.569806933e+00 1.379481030e+01 0.000000000e+00
      vertex -1.555024743e+00 1.021160316e+01 0.000000000e+00
      vertex -4.224546909e+00 1.175275040e+01 0.000000000e+00
    endloop
  endfacet
  facet normal 0.000000000e+00 0.000000000e+00 1.000000000e+00
    outer loop
      vertex -8.065704346e+00 1.756025696e+01 0.000000000e+00
      vertex -1.569806933e+00 1.379481030e+01 0.000000000e+00
      vertex -4.224546909e+00 1.175275040e+01 0.000000000e+00
    endloop
  endfacet
  facet normal 0.000000000e+00 0.000000000e+00 1.000000000e+00
    outer loop
      vertex -8.065704346e+00 1.756025696e+01 0.000000000e+00
      vertex -4.224546909e+00 1.175275040e+01 0.000000000e+00
      vertex -8.066122055e+00 1.397150326e+01 0.000000000e+00
    endloop
  endfacet
  facet normal 0.000000000e+00 0.000000000e+00 9.999999404e-01
    outer loop
      vertex -8.065703392e+00 2.507969284e+01 0.000000000e+00
      vertex -8.065704346e+00 1.756025696e+01 0.000000000e+00
      vertex -8.066122055e+00 1.397150326e+01 0.000000000e+00
    endloop
  endfacet
  facet normal 0.000000000e+00 0.000000000e+00 1.000000000e+00
    outer loop
      vertex -8.065703392e+00 2.507969284e+01 0.000000000e+00
      vertex -8.066122055e+00 1.397150326e+01 0.000000000e+00
      vertex -8.067283630e+00 6.451747894e+00 0.000000000e+00
    endloop
  endfacet
  facet normal 0.000000000e+00 0.000000000e+00 9.999999404e-01
    outer loop
      vertex -8.821939468e+00 2.910801506e+01 0.000000000e+00
      vertex -8.065703392e+00 2.507969284e+01 0.000000000e+00
      vertex -8.067283630e+00 6.451747894e+00 0.000000000e+00
    endloop
  endfacet
  facet normal 0.000000000e+00 0.000000000e+00 1.000000000e+00
    outer loop
      vertex -8.843362808e+00 2.912043381e+01 0.000000000e+00
      vertex -8.821939468e+00 2.910801506e+01 0.000000000e+00
      vertex -8.067283630e+00 6.451747894e+00 0.000000000e+00
    endloop
  endfacet
  facet normal 0.000000000e+00 0.000000000e+00 1.000000000e+00
    outer loop
      vertex -8.843362808e+00 2.912043381e+01 0.000000000e+00
      vertex -8.067283630e+00 6.451747894e+00 0.000000000e+00
      vertex -9.621015549e+00 3.760432482e+00 0.000000000e+00
    endloop
  endfacet
  facet normal 0.000000000e+00 0.000000000e+00 1.000000000e+00
    outer loop
      vertex -9.621019363e+00 2.777349091e+01 0.000000000e+00
      vertex -8.843362808e+00 2.912043381e+01 0.000000000e+00
      vertex -9.621015549e+00 3.760432482e+00 0.000000000e+00
    endloop
  endfacet
  facet normal 0.000000000e+00 0.000000000e+00 1.000000000e+00
    outer loop
      vertex -1.117621517e+01 8.212761879e+00 0.000000000e+00
      vertex -9.621019363e+00 2.777349091e+01 0.000000000e+00
      vertex -9.621015549e+00 3.760432482e+00 0.000000000e+00
    endloop
  endfacet
  facet normal 0.000000000e+00 0.000000000e+00 1.000000000e+00
    outer loop
      vertex -1.273134899e+01 5.536719322e+00 0.000000000e+00
      vertex -1.117621517e+01 8.212761879e+00 0.000000000e+00
      vertex -9.621015549e+00 3.760432482e+00 0.000000000e+00
    endloop
  endfacet
  facet normal 0.000000000e+00 0.000000000e+00 1.000000000e+00
    outer loop
      vertex -1.273134899e+01 5.536719322e+00 0.000000000e+00
      vertex -9.621015549e+00 3.760432482e+00 0.000000000e+00
      vertex -1.613290024e+01 -4.248430778e-04 0.000000000e+00
    endloop
  endfacet
  facet normal 0.000000000e+00 0.000000000e+00 1.000000000e+00
    outer loop
      vertex -1.924038315e+01 1.794937849e+00 0.000000000e+00
      vertex -1.273134899e+01 5.536719322e+00 0.000000000e+00
      vertex -1.613290024e+01 -4.248430778e-04 0.000000000e+00
    endloop
  endfacet
  facet normal 0.000000000e+00 0.000000000e+00 1.000000000e+00
    outer loop
      vertex -1.269782543e+01 -5.573835850e+00 0.000000000e+00
      vertex -1.924038315e+01 1.794937849e+00 0.000000000e+00
      vertex -1.613290024e+01 -4.248430778e-04 0.000000000e+00
    endloop
  endfacet
  facet normal 0.000000000e+00 0.000000000e+00 9.999999404e-01
    outer loop
      vertex -1.117633438e+01 -1.935798073e+01 0.000000000e+00
      vertex -1.846438217e+01 -2.356573677e+01 0.000000000e+00
      vertex -1.768772507e+01 -1.952781105e+01 0.000000000e+00
    endloop
  endfacet
  facet normal 0.000000000e+00 0.000000000e+00 9.999999404e-01
    outer loop
      vertex -1.117633438e+01 -1.935798073e+01 0.000000000e+00
      vertex -1.768772507e+01 -1.952781105e+01 0.000000000e+00
      vertex -1.140856457e+01 -1.590029335e+01 0.000000000e+00
    endloop
  endfacet
  facet normal 0.000000000e+00 0.000000000e+00 1.000000000e+00
    outer loop
      vertex -1.269782543e+01 -5.573835850e+00 0.000000000e+00
      vertex -1.613290024e+01 -4.248430778e-04 0.000000000e+00
      vertex -9.621019363e+00 -3.763654709e+00 0.000000000e+00
    endloop
  endfacet
  facet normal 0.000000000e+00 0.000000000e+00 1.000000000e+00
    outer loop
      vertex -1.115923309e+01 -8.257538795e+00 0.000000000e+00
      vertex -1.269782543e+01 -5.573835850e+00 0.000000000e+00
      vertex -9.621019363e+00 -3.763654709e+00 0.000000000e+00
    endloop
  endfacet
  facet normal 0.000000000e+00 0.000000000e+00 1.000000000e+00
    outer loop
      vertex -1.568546057e+00 -1.434255981e+01 0.000000000e+00
      vertex -1.569563866e+00 -1.379495811e+01 0.000000000e+00
      vertex 1.526973963e+00 -1.378689671e+01 0.000000000e+00
    endloop
  endfacet
  facet normal 0.000000000e+00 0.000000000e+00 1.000000000e+00
    outer loop
      vertex -1.555059314e+00 -2.132097816e+01 0.000000000e+00
      vertex -1.568546057e+00 -1.434255981e+01 0.000000000e+00
      vertex 1.526973963e+00 -1.378689671e+01 0.000000000e+00
    endloop
  endfacet
  facet normal 0.000000000e+00 0.000000000e+00 1.000000000e+00
    outer loop
      vertex 1.555315495e+00 -4.443758774e+01 0.000000000e+00
      vertex -1.555315495e+00 -4.443758774e+01 0.000000000e+00
      vertex -1.555315495e+00 -3.332818985e+01 0.000000000e+00
    endloop
  endfacet
  facet normal 0.000000000e+00 0.000000000e+00 1.000000000e+00
    outer loop
      vertex 8.065703392e+00 -2.507968903e+01 0.000000000e+00
      vertex 9.621019363e+00 -2.777349091e+01 0.000000000e+00
      vertex 8.843362808e+00 -2.912043381e+01 0.000000000e+00
    endloop
  endfacet
  facet normal 0.000000000e+00 0.000000000e+00 1.000000000e+00
    outer loop
      vertex 1.555034995e+00 -2.132099342e+01 0.000000000e+00
      vertex 8.065703392e+00 -2.507968903e+01 0.000000000e+00
      vertex 8.843362808e+00 -2.912043381e+01 0.000000000e+00
    endloop
  endfacet
  facet normal 0.000000000e+00 0.000000000e+00 1.000000000e+00
    outer loop
      vertex 1.555034995e+00 -2.132099342e+01 0.000000000e+00
      vertex 8.843362808e+00 -2.912043381e+01 0.000000000e+00
      vertex 1.526973724e+00 -2.489629173e+01 0.000000000e+00
    endloop
  endfacet
  facet normal 0.000000000e+00 0.000000000e+00 9.999999404e-01
    outer loop
      vertex 1.526973963e+00 -1.378689671e+01 0.000000000e+00
      vertex 1.555034995e+00 -2.132099342e+01 0.000000000e+00
      vertex 1.526973724e+00 -2.489629173e+01 0.000000000e+00
    endloop
  endfacet
  facet normal 0.000000000e+00 0.000000000e+00 1.000000000e+00
    outer loop
      vertex -1.555059314e+00 -2.132097816e+01 0.000000000e+00
      vertex 1.526973963e+00 -1.378689671e+01 0.000000000e+00
      vertex 1.526973724e+00 -2.489629173e+01 0.000000000e+00
    endloop
  endfacet
  facet normal 0.000000000e+00 0.000000000e+00 1.000000000e+00
    outer loop
      vertex 1.555219054e+00 -3.329945755e+01 0.000000000e+00
      vertex 1.555315495e+00 -3.332818985e+01 0.000000000e+00
      vertex 1.555315495e+00 -4.443758774e+01 0.000000000e+00
    endloop
  endfacet
  facet normal 0.000000000e+00 0.000000000e+00 1.000000000e+00
    outer loop
      vertex 1.526973724e+00 -2.489629173e+01 0.000000000e+00
      vertex 1.555219054e+00 -3.329945755e+01 0.000000000e+00
      vertex 1.555315495e+00 -4.443758774e+01 0.000000000e+00
    endloop
  endfacet
  facet normal 0.000000000e+00 0.000000000e+00 1.000000000e+00
    outer loop
      vertex -1.555059314e+00 -2.132097816e+01 0.000000000e+00
      vertex 1.526973724e+00 -2.489629173e+01 0.000000000e+00
      vertex 1.555315495e+00 -4.443758774e+01 0.000000000e+00
    endloop
  endfacet
  facet normal 0.000000000e+00 0.000000000e+00 1.000000000e+00
    outer loop
      vertex -1.555059314e+00 -2.132097816e+01 0.000000000e+00
      vertex 1.555315495e+00 -4.443758774e+01 0.000000000e+00
      vertex -1.555315495e+00 -3.332818985e+01 0.000000000e+00
    endloop
  endfacet
  facet normal 0.000000000e+00 0.000000000e+00 1.000000000e+00
    outer loop
      vertex -1.555059314e+00 -2.132097816e+01 0.000000000e+00
      vertex -1.555315495e+00 -3.332818985e+01 0.000000000e+00
      vertex -1.569564104e+00 -2.490435600e+01 0.000000000e+00
    endloop
  endfacet
  facet normal 0.000000000e+00 0.000000000e+00 1.000000000e+00
    outer loop
      vertex -8.062250137e+00 -2.507769012e+01 0.000000000e+00
      vertex -1.555059314e+00 -2.132097816e+01 0.000000000e+00
      vertex -1.569564104e+00 -2.490435600e+01 0.000000000e+00
    endloop
  endfacet
  facet normal 0.000000000e+00 0.000000000e+00 1.000000000e+00
    outer loop
      vertex -8.065703392e+00 -2.507968330e+01 0.000000000e+00
      vertex -8.062250137e+00 -2.507769012e+01 0.000000000e+00
      vertex -1.569564104e+00 -2.490435600e+01 0.000000000e+00
    endloop
  endfacet
  facet normal 0.000000000e+00 0.000000000e+00 1.000000000e+00
    outer loop
      vertex -8.065703392e+00 -2.507968330e+01 0.000000000e+00
      vertex -1.569564104e+00 -2.490435600e+01 0.000000000e+00
      vertex -8.843362808e+00 -2.912043381e+01 0.000000000e+00
    endloop
  endfacet
  facet normal 0.000000000e+00 0.000000000e+00 1.000000000e+00
    outer loop
      vertex -2.872323751e+00 -1.097206116e+01 0.000000000e+00
      vertex -1.569563866e+00 -1.379495811e+01 0.000000000e+00
      vertex -8.065704346e+00 -1.756028748e+01 0.000000000e+00
    endloop
  endfacet
  facet normal 0.000000000e+00 0.000000000e+00 1.000000000e+00
    outer loop
      vertex -8.066704750e+00 -1.397319031e+01 0.000000000e+00
      vertex -2.872323751e+00 -1.097206116e+01 0.000000000e+00
      vertex -8.065704346e+00 -1.756028748e+01 0.000000000e+00
    endloop
  endfacet
  facet normal 0.000000000e+00 0.000000000e+00 1.000000000e+00
    outer loop
      vertex -8.066704750e+00 -1.397319031e+01 0.000000000e+00
      vertex -8.065704346e+00 -1.756028748e+01 0.000000000e+00
      vertex -8.065703392e+00 -2.507968330e+01 0.000000000e+00
    endloop
  endfacet
  facet normal 0.000000000e+00 0.000000000e+00 9.999999404e-01
    outer loop
      vertex -8.069501877e+00 -6.450467587e+00 0.000000000e+00
      vertex -8.066704750e+00 -1.397319031e+01 0.000000000e+00
      vertex -8.065703392e+00 -2.507968330e+01 0.000000000e+00
    endloop
  endfacet
  facet normal 0.000000000e+00 0.000000000e+00 1.000000000e+00
    outer loop
      vertex -8.069501877e+00 -6.450467587e+00 0.000000000e+00
      vertex -8.065703392e+00 -2.507968330e+01 0.000000000e+00
      vertex -8.843362808e+00 -2.912043381e+01 0.000000000e+00
    endloop
  endfacet
  facet normal 0.000000000e+00 0.000000000e+00 9.999999404e-01
    outer loop
      vertex -9.621019363e+00 -3.763654709e+00 0.000000000e+00
      vertex -8.069501877e+00 -6.450467587e+00 0.000000000e+00
      vertex -8.843362808e+00 -2.912043381e+01 0.000000000e+00
    endloop
  endfacet
  facet normal 0.000000000e+00 0.000000000e+00 1.000000000e+00
    outer loop
      vertex -9.621019363e+00 -3.763654709e+00 0.000000000e+00
      vertex -8.843362808e+00 -2.912043381e+01 0.000000000e+00
      vertex -9.621019363e+00 -2.777349091e+01 0.000000000e+00
    endloop
  endfacet
  facet normal 0.000000000e+00 0.000000000e+00 1.000000000e+00
    outer loop
      vertex -1.115923309e+01 -8.257538795e+00 0.000000000e+00
      vertex -9.621019363e+00 -3.763654709e+00 0.000000000e+00
      vertex -9.621019363e+00 -2.777349091e+01 0.000000000e+00
    endloop
  endfacet
  facet normal 0.000000000e+00 0.000000000e+00 1.000000000e+00
    outer loop
      vertex -1.117450523e+01 -1.576516247e+01 0.000000000e+00
      vertex -1.115923309e+01 -8.257538795e+00 0.000000000e+00
      vertex -9.621019363e+00 -2.777349091e+01 0.000000000e+00
    endloop
  endfacet
  facet normal 0.000000000e+00 0.000000000e+00 1.000000000e+00
    outer loop
      vertex -1.117450523e+01 -1.576516247e+01 0.000000000e+00
      vertex -9.621019363e+00 -2.777349091e+01 0.000000000e+00
      vertex -1.117633343e+01 -2.777349091e+01 0.000000000e+00
    endloop
  endfacet
  facet normal 0.000000000e+00 0.000000000e+00 1.000000000e+00
    outer loop
      vertex -1.117450523e+01 -1.576516247e+01 0.000000000e+00
      vertex -1.117633343e+01 -2.777349091e+01 0.000000000e+00
      vertex -1.117633438e+01 -1.935798073e+01 0.000000000e+00
    endloop
  endfacet
  facet normal 0.000000000e+00 0.000000000e+00 1.000000000e+00
    outer loop
      vertex -1.117450523e+01 -1.576516247e+01 0.000000000e+00
      vertex -1.117633438e+01 -1.935798073e+01 0.000000000e+00
      vertex -1.140856457e+01 -1.590029335e+01 0.000000000e+00
    endloop
  endfacet
  facet normal 0.000000000e+00 0.000000000e+00 1.000000000e+00
    outer loop
      vertex -3.970269203e+00 3.822019958e+01 0.000000000e+00
      vertex -4.667330742e+00 3.958826065e+01 0.000000000e+00
      vertex -4.667330265e+00 4.262127686e+01 0.000000000e+00
    endloop
  endfacet
  facet normal 0.000000000e+00 0.000000000e+00 1.000000000e+00
    outer loop
      vertex -3.970269203e+00 3.822019958e+01 0.000000000e+00
      vertex -4.667330265e+00 4.262127686e+01 0.000000000e+00
      vertex -3.970267296e+00 4.398933411e+01 0.000000000e+00
    endloop
  endfacet
  facet normal 0.000000000e+00 0.000000000e+00 1.000000000e+00
    outer loop
      vertex -2.884568691e+00 3.713449860e+01 0.000000000e+00
      vertex -3.970269203e+00 3.822019958e+01 0.000000000e+00
      vertex -3.970267296e+00 4.398933411e+01 0.000000000e+00
    endloop
  endfacet
  facet normal 0.000000000e+00 0.000000000e+00 1.000000000e+00
    outer loop
      vertex -6.798499896e-08 4.443758774e+01 0.000000000e+00
      vertex -1.555315495e+00 4.443758774e+01 0.000000000e+00
      vertex -1.516508579e+00 4.577209854e+01 0.000000000e+00
    endloop
  endfacet
  facet normal 0.000000000e+00 0.000000000e+00 9.999999404e-01
    outer loop
      vertex -6.798499896e-08 4.443758774e+01 0.000000000e+00
      vertex -1.516508579e+00 4.577209854e+01 0.000000000e+00
      vertex 3.974346896e-08 4.601229095e+01 0.000000000e+00
    endloop
  endfacet
  facet normal 0.000000000e+00 0.000000000e+00 1.000000000e+00
    outer loop
      vertex 3.974346896e-08 4.443758774e+01 0.000000000e+00
      vertex -6.798499896e-08 4.443758774e+01 0.000000000e+00
      vertex 3.974346896e-08 4.601229095e+01 0.000000000e+00
    endloop
  endfacet
  facet normal 0.000000000e+00 0.000000000e+00 1.000000000e+00
    outer loop
      vertex 1.555315495e+00 4.443758774e+01 0.000000000e+00
      vertex 3.974346896e-08 4.443758774e+01 0.000000000e+00
      vertex 3.974346896e-08 4.601229095e+01 0.000000000e+00
    endloop
  endfacet
  facet normal 0.000000000e+00 0.000000000e+00 1.000000000e+00
    outer loop
      vertex 1.555315495e+00 4.443758774e+01 0.000000000e+00
      vertex 3.974346896e-08 4.601229095e+01 0.000000000e+00
      vertex 1.516508341e+00 4.577209854e+01 0.000000000e+00
    endloop
  endfacet
  facet normal 0.000000000e+00 0.000000000e+00 1.000000000e+00
    outer loop
      vertex 1.555315495e+00 3.820278168e+01 0.000000000e+00
      vertex 1.033394694e+00 3.968242264e+01 0.000000000e+00
      vertex 1.422346354e+00 4.007137299e+01 0.000000000e+00
    endloop
  endfacet
  facet normal 0.000000000e+00 0.000000000e+00 1.000000000e+00
    outer loop
      vertex 1.555315495e+00 3.820278168e+01 0.000000000e+00
      vertex 1.422346354e+00 4.007137299e+01 0.000000000e+00
      vertex 1.672067761e+00 4.056147766e+01 0.000000000e+00
    endloop
  endfacet
  facet normal 0.000000000e+00 0.000000000e+00 1.000000000e+00
    outer loop
      vertex 1.555315495e+00 4.443758774e+01 0.000000000e+00
      vertex 1.516508341e+00 4.577209854e+01 0.000000000e+00
      vertex 2.884569883e+00 4.507503510e+01 0.000000000e+00
    endloop
  endfacet
  facet normal 0.000000000e+00 0.000000000e+00 1.000000000e+00
    outer loop
      vertex 2.884568930e+00 3.713449860e+01 0.000000000e+00
      vertex 1.555315495e+00 3.645721054e+01 0.000000000e+00
      vertex 1.555315495e+00 3.820278168e+01 0.000000000e+00
    endloop
  endfacet
  facet normal 0.000000000e+00 0.000000000e+00 1.000000000e+00
    outer loop
      vertex 2.884568930e+00 3.713449860e+01 0.000000000e+00
      vertex 1.555315495e+00 3.820278168e+01 0.000000000e+00
      vertex 1.672067761e+00 4.056147766e+01 0.000000000e+00
    endloop
  endfacet
  facet normal 0.000000000e+00 0.000000000e+00 9.999999404e-01
    outer loop
      vertex 2.884568930e+00 3.713449860e+01 0.000000000e+00
      vertex 1.672067761e+00 4.056147766e+01 0.000000000e+00
      vertex 1.758116364e+00 4.110476685e+01 0.000000000e+00
    endloop
  endfacet
  facet normal 0.000000000e+00 0.000000000e+00 9.999999404e-01
    outer loop
      vertex 4.667330742e+00 4.262127686e+01 0.000000000e+00
      vertex 4.907521725e+00 4.110476685e+01 0.000000000e+00
      vertex 4.667330265e+00 3.958825684e+01 0.000000000e+00
    endloop
  endfacet
  facet normal 0.000000000e+00 0.000000000e+00 1.000000000e+00
    outer loop
      vertex 3.970269203e+00 4.398933411e+01 0.000000000e+00
      vertex 4.667330742e+00 4.262127686e+01 0.000000000e+00
      vertex 4.667330265e+00 3.958825684e+01 0.000000000e+00
    endloop
  endfacet
  facet normal 0.000000000e+00 0.000000000e+00 1.000000000e+00
    outer loop
      vertex 3.970269203e+00 4.398933411e+01 0.000000000e+00
      vertex 4.667330265e+00 3.958825684e+01 0.000000000e+00
      vertex 3.970268011e+00 3.822019958e+01 0.000000000e+00
    endloop
  endfacet
  facet normal 0.000000000e+00 0.000000000e+00 1.000000000e+00
    outer loop
      vertex 2.884569883e+00 4.507503510e+01 0.000000000e+00
      vertex 3.970269203e+00 4.398933411e+01 0.000000000e+00
      vertex 3.970268011e+00 3.822019958e+01 0.000000000e+00
    endloop
  endfacet
  facet normal 0.000000000e+00 0.000000000e+00 1.000000000e+00
    outer loop
      vertex 2.884569883e+00 4.507503510e+01 0.000000000e+00
      vertex 3.970268011e+00 3.822019958e+01 0.000000000e+00
      vertex 2.884568930e+00 3.713449860e+01 0.000000000e+00
    endloop
  endfacet
  facet normal 0.000000000e+00 0.000000000e+00 1.000000000e+00
    outer loop
      vertex 2.884569883e+00 4.507503510e+01 0.000000000e+00
      vertex 2.884568930e+00 3.713449860e+01 0.000000000e+00
      vertex 1.758116364e+00 4.110476685e+01 0.000000000e+00
    endloop
  endfacet
  facet normal 0.000000000e+00 0.000000000e+00 9.999999404e-01
    outer loop
      vertex 2.884569883e+00 4.507503510e+01 0.000000000e+00
      vertex 1.758116364e+00 4.110476685e+01 0.000000000e+00
      vertex 1.672067642e+00 4.164805603e+01 0.000000000e+00
    endloop
  endfacet
  facet normal 0.000000000e+00 0.000000000e+00 1.000000000e+00
    outer loop
      vertex 1.555315495e+00 4.443758774e+01 0.000000000e+00
      vertex 2.884569883e+00 4.507503510e+01 0.000000000e+00
      vertex 1.672067642e+00 4.164805603e+01 0.000000000e+00
    endloop
  endfacet
  facet normal 0.000000000e+00 0.000000000e+00 1.000000000e+00
    outer loop
      vertex 1.555315495e+00 4.400675583e+01 0.000000000e+00
      vertex 1.555315495e+00 4.443758774e+01 0.000000000e+00
      vertex 1.672067642e+00 4.164805603e+01 0.000000000e+00
    endloop
  endfacet
  facet normal 0.000000000e+00 0.000000000e+00 1.000000000e+00
    outer loop
      vertex 1.555315495e+00 4.400675583e+01 0.000000000e+00
      vertex 1.672067642e+00 4.164805603e+01 0.000000000e+00
      vertex 1.422346592e+00 4.213816071e+01 0.000000000e+00
    endloop
  endfacet
  facet normal 0.000000000e+00 0.000000000e+00 1.000000000e+00
    outer loop
      vertex 1.555315495e+00 4.400675583e+01 0.000000000e+00
      vertex 1.422346592e+00 4.213816071e+01 0.000000000e+00
      vertex 1.033395529e+00 4.252711105e+01 0.000000000e+00
    endloop
  endfacet
  facet normal 0.000000000e+00 0.000000000e+00 1.000000000e+00
    outer loop
      vertex 1.029898047e+00 4.427446747e+01 0.000000000e+00
      vertex 1.555315495e+00 4.400675583e+01 0.000000000e+00
      vertex 1.033395529e+00 4.252711105e+01 0.000000000e+00
    endloop
  endfacet
  facet normal 0.000000000e+00 0.000000000e+00 1.000000000e+00
    outer loop
      vertex 1.029898047e+00 4.427446747e+01 0.000000000e+00
      vertex 1.033395529e+00 4.252711105e+01 0.000000000e+00
      vertex 5.432879329e-01 4.277683640e+01 0.000000000e+00
    endloop
  endfacet
  facet normal 0.000000000e+00 0.000000000e+00 1.000000000e+00
    outer loop
      vertex 3.974346896e-08 4.443758774e+01 0.000000000e+00
      vertex 1.029898047e+00 4.427446747e+01 0.000000000e+00
      vertex 5.432879329e-01 4.277683640e+01 0.000000000e+00
    endloop
  endfacet
  facet normal 0.000000000e+00 0.000000000e+00 1.000000000e+00
    outer loop
      vertex 3.974346896e-08 4.443758774e+01 0.000000000e+00
      vertex 5.432879329e-01 4.277683640e+01 0.000000000e+00
      vertex 3.974346896e-08 4.286288071e+01 0.000000000e+00
    endloop
  endfacet
  facet normal 0.000000000e+00 0.000000000e+00 1.000000000e+00
    outer loop
      vertex -6.798499896e-08 4.443758774e+01 0.000000000e+00
      vertex 3.974346896e-08 4.443758774e+01 0.000000000e+00
      vertex 3.974346896e-08 4.286288071e+01 0.000000000e+00
    endloop
  endfacet
  facet normal 0.000000000e+00 0.000000000e+00 1.000000000e+00
    outer loop
      vertex -6.798499896e-08 4.443758774e+01 0.000000000e+00
      vertex 3.974346896e-08 4.286288071e+01 0.000000000e+00
      vertex -2.716436088e-01 4.281986237e+01 0.000000000e+00
    endloop
  endfacet
  facet normal 0.000000000e+00 0.000000000e+00 1.000000000e+00
    outer loop
      vertex -6.798499896e-08 4.443758774e+01 0.000000000e+00
      vertex -2.716436088e-01 4.281986237e+01 0.000000000e+00
      vertex -5.432873368e-01 4.277683640e+01 0.000000000e+00
    endloop
  endfacet
  facet normal 0.000000000e+00 0.000000000e+00 9.999999404e-01
    outer loop
      vertex -1.029897928e+00 4.427446747e+01 0.000000000e+00
      vertex -6.798499896e-08 4.443758774e+01 0.000000000e+00
      vertex -5.432873368e-01 4.277683640e+01 0.000000000e+00
    endloop
  endfacet
  facet normal 0.000000000e+00 0.000000000e+00 1.000000000e+00
    outer loop
      vertex -1.029897928e+00 4.427446747e+01 0.000000000e+00
      vertex -5.432873368e-01 4.277683640e+01 0.000000000e+00
      vertex -1.033394098e+00 4.252711105e+01 0.000000000e+00
    endloop
  endfacet
  facet normal 0.000000000e+00 0.000000000e+00 9.999999404e-01
    outer loop
      vertex -1.029897928e+00 4.427446747e+01 0.000000000e+00
      vertex -1.033394098e+00 4.252711105e+01 0.000000000e+00
      vertex -1.422346354e+00 4.213816071e+01 0.000000000e+00
    endloop
  endfacet
  facet normal 0.000000000e+00 0.000000000e+00 1.000000000e+00
    outer loop
      vertex -1.555315495e+00 4.400675201e+01 0.000000000e+00
      vertex -1.029897928e+00 4.427446747e+01 0.000000000e+00
      vertex -1.422346354e+00 4.213816071e+01 0.000000000e+00
    endloop
  endfacet
  facet normal 0.000000000e+00 0.000000000e+00 1.000000000e+00
    outer loop
      vertex -1.555315495e+00 4.400675201e+01 0.000000000e+00
      vertex -1.422346354e+00 4.213816071e+01 0.000000000e+00
      vertex -1.672067642e+00 4.164805603e+01 0.000000000e+00
    endloop
  endfacet
  facet normal 0.000000000e+00 0.000000000e+00 1.000000000e+00
    outer loop
      vertex -1.555315495e+00 4.443758774e+01 0.000000000e+00
      vertex -1.555315495e+00 4.400675201e+01 0.000000000e+00
      vertex -1.672067642e+00 4.164805603e+01 0.000000000e+00
    endloop
  endfacet
  facet normal 0.000000000e+00 0.000000000e+00 1.000000000e+00
    outer loop
      vertex -1.516508579e+00 4.577209854e+01 0.000000000e+00
      vertex -1.555315495e+00 4.443758774e+01 0.000000000e+00
      vertex -1.672067642e+00 4.164805603e+01 0.000000000e+00
    endloop
  endfacet
  facet normal 0.000000000e+00 0.000000000e+00 1.000000000e+00
    outer loop
      vertex -1.516508579e+00 4.577209854e+01 0.000000000e+00
      vertex -1.672067642e+00 4.164805603e+01 0.000000000e+00
      vertex -1.715091825e+00 4.137641144e+01 0.000000000e+00
    endloop
  endfacet
  facet normal 0.000000000e+00 0.000000000e+00 1.000000000e+00
    outer loop
      vertex -1.516508579e+00 4.577209854e+01 0.000000000e+00
      vertex -1.715091825e+00 4.137641144e+01 0.000000000e+00
      vertex -1.758116364e+00 4.110476685e+01 0.000000000e+00
    endloop
  endfacet
  facet normal 0.000000000e+00 0.000000000e+00 1.000000000e+00
    outer loop
      vertex -2.884567976e+00 4.507503510e+01 0.000000000e+00
      vertex -1.516508579e+00 4.577209854e+01 0.000000000e+00
      vertex -1.758116364e+00 4.110476685e+01 0.000000000e+00
    endloop
  endfacet
  facet normal 0.000000000e+00 0.000000000e+00 1.000000000e+00
    outer loop
      vertex 1.033394694e+00 3.968242264e+01 0.000000000e+00
      vertex 1.555315495e+00 3.820278168e+01 0.000000000e+00
      vertex 1.029897571e+00 3.793506622e+01 0.000000000e+00
    endloop
  endfacet
  facet normal 0.000000000e+00 0.000000000e+00 1.000000000e+00
    outer loop
      vertex 5.432872176e-01 3.943269730e+01 0.000000000e+00
      vertex 1.033394694e+00 3.968242264e+01 0.000000000e+00
      vertex 1.029897571e+00 3.793506622e+01 0.000000000e+00
    endloop
  endfacet
  facet normal 0.000000000e+00 0.000000000e+00 1.000000000e+00
    outer loop
      vertex 5.432872176e-01 3.943269730e+01 0.000000000e+00
      vertex 1.029897571e+00 3.793506622e+01 0.000000000e+00
      vertex -7.284106829e-08 3.777194977e+01 0.000000000e+00
    endloop
  endfacet
  facet normal 0.000000000e+00 0.000000000e+00 1.000000000e+00
    outer loop
      vertex -1.456821366e-07 3.934665298e+01 0.000000000e+00
      vertex 5.432872176e-01 3.943269730e+01 0.000000000e+00
      vertex -7.284106829e-08 3.777194977e+01 0.000000000e+00
    endloop
  endfacet
  facet normal 0.000000000e+00 0.000000000e+00 1.000000000e+00
    outer loop
      vertex -5.432872772e-01 3.943269730e+01 0.000000000e+00
      vertex -1.456821366e-07 3.934665298e+01 0.000000000e+00
      vertex -7.284106829e-08 3.777194977e+01 0.000000000e+00
    endloop
  endfacet
  facet normal 0.000000000e+00 0.000000000e+00 9.999999404e-01
    outer loop
      vertex -5.432872772e-01 3.943269730e+01 0.000000000e+00
      vertex -7.284106829e-08 3.777194977e+01 0.000000000e+00
      vertex -1.029897809e+00 3.793506622e+01 0.000000000e+00
    endloop
  endfacet
  facet normal 0.000000000e+00 0.000000000e+00 1.000000000e+00
    outer loop
      vertex -1.033394575e+00 3.968242264e+01 0.000000000e+00
      vertex -5.432872772e-01 3.943269730e+01 0.000000000e+00
      vertex -1.029897809e+00 3.793506622e+01 0.000000000e+00
    endloop
  endfacet
  facet normal 0.000000000e+00 0.000000000e+00 1.000000000e+00
    outer loop
      vertex -1.422345757e+00 4.007137299e+01 0.000000000e+00
      vertex -1.033394575e+00 3.968242264e+01 0.000000000e+00
      vertex -1.029897809e+00 3.793506622e+01 0.000000000e+00
    endloop
  endfacet
  facet normal 0.000000000e+00 0.000000000e+00 1.000000000e+00
    outer loop
      vertex -1.422345757e+00 4.007137299e+01 0.000000000e+00
      vertex -1.029897809e+00 3.793506622e+01 0.000000000e+00
      vertex -1.555315495e+00 3.820278168e+01 0.000000000e+00
    endloop
  endfacet
  facet normal 0.000000000e+00 0.000000000e+00 9.999999404e-01
    outer loop
      vertex -1.672067881e+00 4.056148148e+01 0.000000000e+00
      vertex -1.422345757e+00 4.007137299e+01 0.000000000e+00
      vertex -1.555315495e+00 3.820278168e+01 0.000000000e+00
    endloop
  endfacet
  facet normal 0.000000000e+00 0.000000000e+00 1.000000000e+00
    outer loop
      vertex -1.672067881e+00 4.056148148e+01 0.000000000e+00
      vertex -1.555315495e+00 3.820278168e+01 0.000000000e+00
      vertex -1.555315495e+00 3.645721054e+01 0.000000000e+00
    endloop
  endfacet
  facet normal 0.000000000e+00 0.000000000e+00 1.000000000e+00
    outer loop
      vertex -1.758116364e+00 4.110476685e+01 0.000000000e+00
      vertex -1.672067881e+00 4.056148148e+01 0.000000000e+00
      vertex -1.555315495e+00 3.645721054e+01 0.000000000e+00
    endloop
  endfacet
  facet normal 0.000000000e+00 0.000000000e+00 1.000000000e+00
    outer loop
      vertex -2.884567976e+00 4.507503510e+01 0.000000000e+00
      vertex -1.758116364e+00 4.110476685e+01 0.000000000e+00
      vertex -1.555315495e+00 3.645721054e+01 0.000000000e+00
    endloop
  endfacet
  facet normal 0.000000000e+00 0.000000000e+00 1.000000000e+00
    outer loop
      vertex -2.884567976e+00 4.507503510e+01 0.000000000e+00
      vertex -1.555315495e+00 3.645721054e+01 0.000000000e+00
      vertex -2.884568691e+00 3.713449860e+01 0.000000000e+00
    endloop
  endfacet
  facet normal 0.000000000e+00 0.000000000e+00 1.000000000e+00
    outer loop
      vertex -2.884567976e+00 4.507503510e+01 0.000000000e+00
      vertex -2.884568691e+00 3.713449860e+01 0.000000000e+00
      vertex -3.970267296e+00 4.398933411e+01 0.000000000e+00
    endloop
  endfacet
  facet normal 0.000000000e+00 0.000000000e+00 1.000000000e+00
    outer loop
      vertex -1.516508341e+00 3.643743896e+01 0.000000000e+00
      vertex -1.555315495e+00 3.820278168e+01 0.000000000e+00
      vertex -1.029897809e+00 3.793506622e+01 0.000000000e+00
    endloop
  endfacet
  facet normal 0.000000000e+00 0.000000000e+00 9.999999404e-01
    outer loop
      vertex -1.456821366e-07 3.619724274e+01 0.000000000e+00
      vertex -1.516508341e+00 3.643743896e+01 0.000000000e+00
      vertex -1.029897809e+00 3.793506622e+01 0.000000000e+00
    endloop
  endfacet
  facet normal 0.000000000e+00 0.000000000e+00 1.000000000e+00
    outer loop
      vertex -1.456821366e-07 3.619724274e+01 0.000000000e+00
      vertex -1.029897809e+00 3.793506622e+01 0.000000000e+00
      vertex -7.284106829e-08 3.777194977e+01 0.000000000e+00
    endloop
  endfacet
  facet normal 0.000000000e+00 0.000000000e+00 1.000000000e+00
    outer loop
      vertex 1.516507983e+00 3.643743896e+01 0.000000000e+00
      vertex -1.456821366e-07 3.619724274e+01 0.000000000e+00
      vertex -7.284106829e-08 3.777194977e+01 0.000000000e+00
    endloop
  endfacet
  facet normal 0.000000000e+00 0.000000000e+00 1.000000000e+00
    outer loop
      vertex 1.555315495e+00 3.820278168e+01 0.000000000e+00
      vertex 1.555315495e+00 3.645721054e+01 0.000000000e+00
      vertex 1.516507983e+00 3.643743896e+01 0.000000000e+00
    endloop
  endfacet
  facet normal 0.000000000e+00 0.000000000e+00 1.000000000e+00
    outer loop
      vertex 1.029897571e+00 3.793506622e+01 0.000000000e+00
      vertex 1.555315495e+00 3.820278168e+01 0.000000000e+00
      vertex 1.516507983e+00 3.643743896e+01 0.000000000e+00
    endloop
  endfacet
  facet normal 0.000000000e+00 0.000000000e+00 1.000000000e+00
    outer loop
      vertex 1.029897571e+00 3.793506622e+01 0.000000000e+00
      vertex 1.516507983e+00 3.643743896e+01 0.000000000e+00
      vertex -7.284106829e-08 3.777194977e+01 0.000000000e+00
    endloop
  endfacet
  facet normal 0.000000000e+00 0.000000000e+00 9.999999404e-01
    outer loop
      vertex 1.555315495e+00 4.443758774e+01 0.000000000e+00
      vertex 1.555315495e+00 4.400675583e+01 0.000000000e+00
      vertex 1.029898047e+00 4.427446747e+01 0.000000000e+00
    endloop
  endfacet
  facet normal 0.000000000e+00 0.000000000e+00 9.999999404e-01
    outer loop
      vertex -1.029897928e+00 4.427446747e+01 0.000000000e+00
      vertex -1.555315495e+00 4.400675201e+01 0.000000000e+00
      vertex -1.555315495e+00 4.443758774e+01 0.000000000e+00
    endloop
  endfacet
  facet normal 0.000000000e+00 0.000000000e+00 1.000000000e+00
    outer loop
      vertex -1.555315495e+00 4.443758774e+01 0.000000000e+00
      vertex -6.798499896e-08 4.443758774e+01 0.000000000e+00
      vertex -1.029897928e+00 4.427446747e+01 0.000000000e+00
    endloop
  endfacet
  facet normal 0.000000000e+00 0.000000000e+00 1.000000000e+00
    outer loop
      vertex 1.029898047e+00 4.427446747e+01 0.000000000e+00
      vertex 3.974346896e-08 4.443758774e+01 0.000000000e+00
      vertex 1.555315495e+00 4.443758774e+01 0.000000000e+00
    endloop
  endfacet
  facet normal 0.000000000e+00 0.000000000e+00 1.000000000e+00
    outer loop
      vertex -1.516508341e+00 3.643743896e+01 0.000000000e+00
      vertex -1.555315495e+00 3.645721054e+01 0.000000000e+00
      vertex -1.555315495e+00 3.820278168e+01 0.000000000e+00
    endloop
  endfacet
  facet normal 0.000000000e+00 0.000000000e+00 1.000000000e+00
    outer loop
      vertex -4.667330742e+00 3.958826065e+01 0.000000000e+00
      vertex -4.907521725e+00 4.110476685e+01 0.000000000e+00
      vertex -4.667330265e+00 4.262127686e+01 0.000000000e+00
    endloop
  endfacet
  facet normal 0.000000000e+00 0.000000000e+00 1.000000000e+00
    outer loop
      vertex -3.770642090e+01 -2.356573677e+01 0.000000000e+00
      vertex -3.926173401e+01 -2.087184906e+01 0.000000000e+00
      vertex -2.964071465e+01 -1.531715202e+01 0.000000000e+00
    endloop
  endfacet
  facet normal 0.000000000e+00 0.000000000e+00 0.000000000e+00
    outer loop
      vertex -1.634575710e-07 4.443758774e+01 2.177441597e+00
      vertex -1.359699979e-07 4.443758774e+01 2.177441597e+00
      vertex -1.685549904e-07 4.443758774e+01 2.177441597e+00
    endloop
  endfacet
  facet normal 0.000000000e+00 0.000000000e+00 0.000000000e+00
    outer loop
      vertex -1.359699979e-07 4.443758774e+01 2.177441597e+00
      vertex -1.359699979e-07 4.443758774e+01 2.177441597e+00
      vertex -1.634575710e-07 4.443758774e+01 2.177441597e+00
    endloop
  endfacet
  facet normal 0.000000000e+00 0.000000000e+00 0.000000000e+00
    outer loop
      vertex -1.685549904e-07 4.443758774e+01 2.177441597e+00
      vertex -1.359699979e-07 4.443758774e+01 2.177441597e+00
      vertex -1.359699979e-07 4.443758774e+01 2.177441597e+00
    endloop
  endfacet
  facet normal 7.250418663e-01 3.694275916e-01 -5.812380314e-01
    outer loop
      vertex 1.672067642e+00 4.164805603e+01 0.000000000e+00
      vertex 3.169698954e+00 4.213466644e+01 2.177441597e+00
      vertex 2.696307898e+00 4.306374741e+01 2.177441597e+00
    endloop
  endfacet
  facet normal 5.753970742e-01 5.753950477e-01 -5.812389851e-01
    outer loop
      vertex 2.696307898e+00 4.306374741e+01 2.177441597e+00
      vertex 1.958982587e+00 4.380107498e+01 2.177441597e+00
      vertex 1.033395529e+00 4.252711105e+01 0.000000000e+00
    endloop
  endfacet
  facet normal 3.694279194e-01 7.250428200e-01 -5.812365413e-01
    outer loop
      vertex 1.958982587e+00 4.380107498e+01 2.177441597e+00
      vertex 1.029898047e+00 4.427446747e+01 2.177441597e+00
      vertex 5.432879329e-01 4.277683640e+01 0.000000000e+00
    endloop
  endfacet
  facet normal 1.272962391e-01 8.037140965e-01 -5.812393427e-01
    outer loop
      vertex 1.029898047e+00 4.427446747e+01 2.177441597e+00
      vertex 3.974346896e-08 4.443758774e+01 2.177441597e+00
      vertex 3.974346896e-08 4.286288071e+01 0.000000000e+00
    endloop
  endfacet
  facet normal -1.272963881e-01 8.037161231e-01 -5.812366605e-01
    outer loop
      vertex 3.974346896e-08 4.443758774e+01 2.177441597e+00
      vertex -1.029897928e+00 4.427446747e+01 2.177441597e+00
      vertex -5.432872772e-01 4.277683640e+01 1.927308517e-07
    endloop
  endfacet
  facet normal 1.272963881e-01 -8.037154675e-01 -5.812374949e-01
    outer loop
      vertex -1.516508579e+00 4.577209854e+01 0.000000000e+00
      vertex -1.029897928e+00 4.427446747e+01 2.177441597e+00
      vertex 3.974346896e-08 4.443758774e+01 2.177441597e+00
    endloop
  endfacet
  facet normal -1.564410031e-01 9.876872897e-01 0.000000000e+00
    outer loop
      vertex -5.432872772e-01 4.277683640e+01 1.927308517e-07
      vertex -5.432873368e-01 4.277683640e+01 0.000000000e+00
      vertex -2.716436088e-01 4.281986237e+01 0.000000000e+00
    endloop
  endfacet
  facet normal 3.694282174e-01 -7.250415087e-01 -5.812379718e-01
    outer loop
      vertex -1.516508579e+00 4.577209854e+01 0.000000000e+00
      vertex -2.884567976e+00 4.507503510e+01 0.000000000e+00
      vertex -1.958981156e+00 4.380107498e+01 2.177441597e+00
    endloop
  endfacet
  facet normal -1.261205971e-02 2.475221641e-02 -9.996140599e-01
    outer loop
      vertex -1.033393979e+00 4.252711105e+01 1.927307949e-07
      vertex -1.033394098e+00 4.252711105e+01 0.000000000e+00
      vertex -5.432873368e-01 4.277683640e+01 0.000000000e+00
    endloop
  endfacet
  facet normal 5.753970742e-01 -5.753964782e-01 -5.812375546e-01
    outer loop
      vertex -2.884567976e+00 4.507503510e+01 0.000000000e+00
      vertex -3.970267296e+00 4.398933411e+01 0.000000000e+00
      vertex -2.696306944e+00 4.306374741e+01 2.177441597e+00
    endloop
  endfacet
  facet normal -2.984069102e-02 2.984084003e-02 9.991090894e-01
    outer loop
      vertex -1.422346354e+00 4.213816071e+01 0.000000000e+00
      vertex -1.033394098e+00 4.252711105e+01 0.000000000e+00
      vertex -1.033393979e+00 4.252711105e+01 1.927307949e-07
    endloop
  endfacet
  facet normal 7.250408530e-01 -3.694287539e-01 -5.812385678e-01
    outer loop
      vertex -3.970267296e+00 4.398933411e+01 0.000000000e+00
      vertex -4.667330265e+00 4.262127686e+01 0.000000000e+00
      vertex -3.169698954e+00 4.213466644e+01 2.177441597e+00
    endloop
  endfacet
  facet normal -1.814119965e-01 9.243407845e-02 9.790534377e-01
    outer loop
      vertex -1.672067642e+00 4.164805603e+01 0.000000000e+00
      vertex -1.422346354e+00 4.213816071e+01 0.000000000e+00
      vertex -1.422346234e+00 4.213816071e+01 1.927308375e-07
    endloop
  endfacet
  facet normal -2.143559903e-01 3.395059332e-02 9.761654139e-01
    outer loop
      vertex -1.672067523e+00 4.164805603e+01 1.927308517e-07
      vertex -1.715091825e+00 4.137641144e+01 0.000000000e+00
      vertex -1.672067642e+00 4.164805603e+01 0.000000000e+00
    endloop
  endfacet
  facet normal -8.037162423e-01 -1.272959709e-01 -5.812366009e-01
    outer loop
      vertex -3.332818747e+00 4.110476685e+01 2.177441597e+00
      vertex -3.169699192e+00 4.007487106e+01 2.177441597e+00
      vertex -1.672067881e+00 4.056148148e+01 0.000000000e+00
    endloop
  endfacet
  facet normal -7.250449061e-01 -3.694279492e-01 -5.812339783e-01
    outer loop
      vertex -3.169699192e+00 4.007487106e+01 2.177441597e+00
      vertex -2.696307421e+00 3.914578629e+01 2.177441597e+00
      vertex -1.422345757e+00 4.007137299e+01 0.000000000e+00
    endloop
  endfacet
  facet normal -5.753968358e-01 -5.753955245e-01 -5.812387466e-01
    outer loop
      vertex -2.696307421e+00 3.914578629e+01 2.177441597e+00
      vertex -1.958981514e+00 3.840845871e+01 2.177441597e+00
      vertex -1.033394575e+00 3.968242264e+01 0.000000000e+00
    endloop
  endfacet
  facet normal -3.694278300e-01 -7.250418663e-01 -5.812377334e-01
    outer loop
      vertex -1.958981514e+00 3.840845871e+01 2.177441597e+00
      vertex -1.029897809e+00 3.793506622e+01 2.177441597e+00
      vertex -5.432872772e-01 3.943269730e+01 0.000000000e+00
    endloop
  endfacet
  facet normal 3.694278598e-01 7.250420451e-01 -5.812374949e-01
    outer loop
      vertex -1.498838425e+00 3.649181747e+01 7.906803489e-02
      vertex -1.029897809e+00 3.793506622e+01 2.177441597e+00
      vertex -1.958981514e+00 3.840845871e+01 2.177441597e+00
    endloop
  endfacet
  facet normal -1.272933334e-01 -8.037144542e-01 -5.812397599e-01
    outer loop
      vertex -1.029897809e+00 3.793506622e+01 2.177441597e+00
      vertex -1.456821366e-07 3.777194977e+01 2.177441597e+00
      vertex -1.456821366e-07 3.934665298e+01 0.000000000e+00
    endloop
  endfacet
  facet normal 1.272932589e-01 8.037144542e-01 -5.812395811e-01
    outer loop
      vertex -1.029897809e+00 3.793506622e+01 2.177441597e+00
      vertex -1.498838425e+00 3.649181747e+01 7.906803489e-02
      vertex -1.456821366e-07 3.777194977e+01 2.177441597e+00
    endloop
  endfacet
  facet normal 1.272934377e-01 -8.037150502e-01 -5.812388659e-01
    outer loop
      vertex -1.456821366e-07 3.777194977e+01 2.177441597e+00
      vertex 1.029897571e+00 3.793506622e+01 2.177441597e+00
      vertex 5.432872176e-01 3.943269730e+01 0.000000000e+00
    endloop
  endfacet
  facet normal -1.272934228e-01 8.037157059e-01 -5.812379122e-01
    outer loop
      vertex 1.029897571e+00 3.793506622e+01 2.177441597e+00
      vertex -1.456821366e-07 3.777194977e+01 2.177441597e+00
      vertex 1.498837829e+00 3.649182129e+01 7.906897366e-02
    endloop
  endfacet
  facet normal 3.694317341e-01 -7.250414491e-01 -5.812358260e-01
    outer loop
      vertex 1.033394694e+00 3.968242264e+01 0.000000000e+00
      vertex 5.432872176e-01 3.943269730e+01 0.000000000e+00
      vertex 1.029897571e+00 3.793506622e+01 2.177441597e+00
    endloop
  endfacet
  facet normal 5.753969550e-01 -5.753951669e-01 -5.812389255e-01
    outer loop
      vertex 1.958981752e+00 3.840845871e+01 2.177441597e+00
      vertex 2.696307182e+00 3.914578629e+01 2.177441597e+00
      vertex 1.422346354e+00 4.007137299e+01 0.000000000e+00
    endloop
  endfacet
  facet normal 7.250409722e-01 -3.694281578e-01 -5.812386870e-01
    outer loop
      vertex 2.696307182e+00 3.914578629e+01 2.177441597e+00
      vertex 3.169698954e+00 4.007486725e+01 2.177441597e+00
      vertex 1.672067761e+00 4.056147766e+01 0.000000000e+00
    endloop
  endfacet
  facet normal 8.037146926e-01 -1.272955984e-01 -5.812387466e-01
    outer loop
      vertex 3.169698954e+00 4.007486725e+01 2.177441597e+00
      vertex 3.332818747e+00 4.110476685e+01 2.177441597e+00
      vertex 1.758116364e+00 4.110476685e+01 0.000000000e+00
    endloop
  endfacet
  facet normal 8.037164211e-01 1.272960752e-01 -5.812362432e-01
    outer loop
      vertex 1.672067642e+00 4.164805603e+01 0.000000000e+00
      vertex 1.758116364e+00 4.110476685e+01 0.000000000e+00
      vertex 3.332818747e+00 4.110476685e+01 2.177441597e+00
    endloop
  endfacet
  facet normal -7.250406146e-01 -3.694269955e-01 -5.812398791e-01
    outer loop
      vertex 3.970269203e+00 4.398933411e+01 0.000000000e+00
      vertex 2.696307898e+00 4.306374741e+01 2.177441597e+00
      vertex 3.169698954e+00 4.213466644e+01 2.177441597e+00
    endloop
  endfacet
  facet normal -5.753969550e-01 -5.753952265e-01 -5.812388659e-01
    outer loop
      vertex 2.884569883e+00 4.507503510e+01 0.000000000e+00
      vertex 1.958982587e+00 4.380107498e+01 2.177441597e+00
      vertex 2.696307898e+00 4.306374741e+01 2.177441597e+00
    endloop
  endfacet
  facet normal -3.694270551e-01 -7.250410914e-01 -5.812391639e-01
    outer loop
      vertex 1.516508341e+00 4.577209854e+01 0.000000000e+00
      vertex 1.029898047e+00 4.427446747e+01 2.177441597e+00
      vertex 1.958982587e+00 4.380107498e+01 2.177441597e+00
    endloop
  endfacet
  facet normal -1.272963136e-01 -8.037154675e-01 -5.812375546e-01
    outer loop
      vertex 3.974346896e-08 4.601229095e+01 0.000000000e+00
      vertex 3.974346896e-08 4.443758774e+01 2.177441597e+00
      vertex 1.029898047e+00 4.427446747e+01 2.177441597e+00
    endloop
  endfacet
  facet normal -3.694308698e-01 7.250387669e-01 -5.812397599e-01
    outer loop
      vertex -1.958981156e+00 4.380107498e+01 2.177441597e+00
      vertex -1.033393979e+00 4.252711105e+01 1.927307949e-07
      vertex -5.432872772e-01 4.277683640e+01 1.927308517e-07
    endloop
  endfacet
  facet normal -5.753920674e-01 5.753951073e-01 -5.812438726e-01
    outer loop
      vertex -2.696306944e+00 4.306374741e+01 2.177441597e+00
      vertex -1.422346234e+00 4.213816071e+01 1.927308375e-07
      vertex -1.033393979e+00 4.252711105e+01 1.927307949e-07
    endloop
  endfacet
  facet normal -7.250432372e-01 3.694288135e-01 -5.812354684e-01
    outer loop
      vertex -3.169698954e+00 4.213466644e+01 2.177441597e+00
      vertex -1.672067523e+00 4.164805603e+01 1.927308517e-07
      vertex -1.422346234e+00 4.213816071e+01 1.927308375e-07
    endloop
  endfacet
  facet normal -8.037114739e-01 1.272959709e-01 -5.812431574e-01
    outer loop
      vertex -1.715091825e+00 4.137641144e+01 0.000000000e+00
      vertex -1.672067523e+00 4.164805603e+01 1.927308517e-07
      vertex -3.169698954e+00 4.213466644e+01 2.177441597e+00
    endloop
  endfacet
  facet normal 8.037150502e-01 -1.272958219e-01 -5.812380910e-01
    outer loop
      vertex -3.169698954e+00 4.213466644e+01 2.177441597e+00
      vertex -4.667330265e+00 4.262127686e+01 0.000000000e+00
      vertex -4.907521725e+00 4.110476685e+01 0.000000000e+00
    endloop
  endfacet
  facet normal 8.037164807e-01 1.272967011e-01 -5.812360644e-01
    outer loop
      vertex -4.667330742e+00 3.958826065e+01 0.000000000e+00
      vertex -3.169699192e+00 4.007487106e+01 2.177441597e+00
      vertex -3.332818747e+00 4.110476685e+01 2.177441597e+00
    endloop
  endfacet
  facet normal 7.250406742e-01 3.694264889e-01 -5.812401772e-01
    outer loop
      vertex -3.970269203e+00 3.822019958e+01 0.000000000e+00
      vertex -2.696307421e+00 3.914578629e+01 2.177441597e+00
      vertex -3.169699192e+00 4.007487106e+01 2.177441597e+00
    endloop
  endfacet
  facet normal 5.753968358e-01 5.753955245e-01 -5.812387466e-01
    outer loop
      vertex -2.884568691e+00 3.713449860e+01 0.000000000e+00
      vertex -1.958981514e+00 3.840845871e+01 2.177441597e+00
      vertex -2.696307421e+00 3.914578629e+01 2.177441597e+00
    endloop
  endfacet
  facet normal -3.694271743e-01 7.250421047e-01 -5.812380314e-01
    outer loop
      vertex 1.555315495e+00 3.645721054e+01 9.517899713e-08
      vertex 2.884568930e+00 3.713449860e+01 0.000000000e+00
      vertex 1.958981752e+00 3.840845871e+01 2.177441597e+00
    endloop
  endfacet
  facet normal -5.753986835e-01 5.753973126e-01 -5.812351108e-01
    outer loop
      vertex 3.970268011e+00 3.822019958e+01 0.000000000e+00
      vertex 2.696307182e+00 3.914578629e+01 2.177441597e+00
      vertex 1.958981752e+00 3.840845871e+01 2.177441597e+00
    endloop
  endfacet
  facet normal -7.250403166e-01 3.694281578e-01 -5.812395215e-01
    outer loop
      vertex 4.667330265e+00 3.958825684e+01 0.000000000e+00
      vertex 3.169698954e+00 4.007486725e+01 2.177441597e+00
      vertex 2.696307182e+00 3.914578629e+01 2.177441597e+00
    endloop
  endfacet
  facet normal -8.037158251e-01 1.272954345e-01 -5.812371969e-01
    outer loop
      vertex 4.907521725e+00 4.110476685e+01 0.000000000e+00
      vertex 3.332818747e+00 4.110476685e+01 2.177441597e+00
      vertex 3.169698954e+00 4.007486725e+01 2.177441597e+00
    endloop
  endfacet
  facet normal -8.037152886e-01 -1.272954047e-01 -5.812378526e-01
    outer loop
      vertex 3.332818747e+00 4.110476685e+01 2.177441597e+00
      vertex 4.907521725e+00 4.110476685e+01 0.000000000e+00
      vertex 4.667330742e+00 4.262127686e+01 0.000000000e+00
    endloop
  endfacet
  facet normal -4.068667889e-01 -7.047137618e-01 -5.812382102e-01
    outer loop
      vertex 2.964071465e+01 -4.207756042e+00 0.000000000e+00
      vertex 2.235266876e+01 7.850231043e-08 0.000000000e+00
      vertex 1.924203873e+01 5.887673993e-08 2.177441597e+00
    endloop
  endfacet
  facet normal 4.093269706e-01 7.089736462e-01 5.742889643e-01
    outer loop
      vertex 1.924204254e+01 -1.795921564e+00 5.063438493e-06
      vertex 1.924204254e+01 -1.795917511e+00 0.000000000e+00
      vertex 2.575250816e+01 -5.554745674e+00 0.000000000e+00
    endloop
  endfacet
  facet normal -4.068667889e-01 7.047140002e-01 -5.812379122e-01
    outer loop
      vertex 2.964071465e+01 4.207756042e+00 0.000000000e+00
      vertex 2.886305809e+01 5.554698467e+00 2.177441597e+00
      vertex 1.924203873e+01 5.887673993e-08 2.177441597e+00
    endloop
  endfacet
  facet normal 4.078547657e-01 -7.064085603e-01 5.784819126e-01
    outer loop
      vertex 1.924026489e+01 1.794856310e+00 5.240018436e-05
      vertex 2.572984314e+01 5.541659355e+00 0.000000000e+00
      vertex 1.924026489e+01 1.794813037e+00 0.000000000e+00
    endloop
  endfacet
  facet normal -4.063622952e-01 7.038462162e-01 5.826407075e-01
    outer loop
      vertex 2.230667496e+01 -1.113595200e+01 4.775331763e-05
      vertex 2.230660629e+01 -1.113595104e+01 0.000000000e+00
      vertex 2.964071465e+01 -6.901640415e+00 0.000000000e+00
    endloop
  endfacet
  facet normal 4.066995978e-01 -7.043744326e-01 5.817663670e-01
    outer loop
      vertex 1.924203873e+01 -9.313832283e+00 0.000000000e+00
      vertex 1.924203873e+01 -9.313472748e+00 4.355833516e-04
      vertex 2.575250816e+01 -5.554745674e+00 0.000000000e+00
    endloop
  endfacet
  facet normal 8.149367571e-01 -2.124788625e-05 5.795498490e-01
    outer loop
      vertex 1.768699074e+01 -1.200720406e+01 0.000000000e+00
      vertex 1.768679428e+01 -1.952258110e+01 0.000000000e+00
      vertex 1.768672371e+01 -1.200735855e+01 3.754781210e-04
    endloop
  endfacet
  facet normal 8.137215376e-01 1.591441287e-05 -5.812548995e-01
    outer loop
      vertex 1.924203873e+01 -2.221879387e+01 2.177441120e+00
      vertex 1.924182129e+01 -1.110927200e+01 2.177441597e+00
      vertex 1.768672371e+01 -1.200735855e+01 3.754781210e-04
    endloop
  endfacet
  facet normal -8.191698790e-01 -2.284998307e-03 -5.735463500e-01
    outer loop
      vertex 2.079735374e+01 -2.221879387e+01 0.000000000e+00
      vertex 2.077392006e+01 -1.381659603e+01 0.000000000e+00
      vertex 1.924182129e+01 -1.110927200e+01 2.177441597e+00
    endloop
  endfacet
  facet normal 4.068325758e-01 -7.046049833e-01 5.813940763e-01
    outer loop
      vertex 1.613248062e+01 5.249470705e-04 0.000000000e+00
      vertex 9.621019363e+00 -3.759134293e+00 0.000000000e+00
      vertex 9.621019363e+00 -3.758774996e+00 4.355833516e-04
    endloop
  endfacet
  facet normal -1.000000000e+00 0.000000000e+00 0.000000000e+00
    outer loop
      vertex 1.117633343e+01 -1.935798073e+01 2.883973593e-07
      vertex 1.117633343e+01 -2.442739868e+01 0.000000000e+00
      vertex 1.117633343e+01 -1.935798073e+01 0.000000000e+00
    endloop
  endfacet
  facet normal 7.554881573e-01 -7.757192861e-07 6.551623344e-01
    outer loop
      vertex 8.065706253e+00 -1.756205750e+01 3.299135415e-06
      vertex 8.065709114e+00 -1.756205559e+01 0.000000000e+00
      vertex 8.065703392e+00 -2.507968903e+01 0.000000000e+00
    endloop
  endfacet
  facet normal 8.139592409e-01 -2.134974966e-05 5.809220076e-01
    outer loop
      vertex 8.065704346e+00 -6.452660084e+00 3.754781210e-04
      vertex 8.065972328e+00 -6.452505112e+00 0.000000000e+00
      vertex 8.065773964e+00 -1.397033501e+01 0.000000000e+00
    endloop
  endfacet
  facet normal -8.141738772e-01 -1.579212403e-05 -5.806210637e-01
    outer loop
      vertex 9.620802879e+00 -5.554573059e+00 2.177441835e+00
      vertex 9.621020317e+00 -1.666409492e+01 2.177441597e+00
      vertex 1.117382622e+01 -1.576468372e+01 0.000000000e+00
    endloop
  endfacet
  facet normal 4.074451327e-01 7.057572603e-01 5.795645714e-01
    outer loop
      vertex 1.555315495e+00 -2.693881989e+00 1.034550805e-04
      vertex 1.555241704e+00 -2.693753958e+00 0.000000000e+00
      vertex 8.065972328e+00 -6.452505112e+00 0.000000000e+00
    endloop
  endfacet
  facet normal -4.082736373e-01 7.071571350e-01 5.772705674e-01
    outer loop
      vertex 1.268565559e+01 -5.581253529e+00 4.775319394e-05
      vertex 1.268558884e+01 -5.581253052e+00 0.000000000e+00
      vertex 1.924204254e+01 -1.795917511e+00 0.000000000e+00
    endloop
  endfacet
  facet normal -4.068671465e-01 -7.047145963e-01 -5.812370777e-01
    outer loop
      vertex 3.926173401e+01 -2.087184906e+01 0.000000000e+00
      vertex 2.964071465e+01 -1.531715202e+01 0.000000000e+00
      vertex 2.886305809e+01 -1.666409492e+01 2.177441597e+00
    endloop
  endfacet
  facet normal -8.660263419e-01 4.999983609e-01 1.126406573e-06
    outer loop
      vertex 3.926173401e+01 -2.087184906e+01 0.000000000e+00
      vertex 3.848407745e+01 -2.221879387e+01 2.177441597e+00
      vertex 3.770642090e+01 -2.356573677e+01 0.000000000e+00
    endloop
  endfacet
  facet normal -4.104078710e-01 -7.198832631e-01 5.597619414e-01
    outer loop
      vertex 2.961159706e+01 -1.530055141e+01 0.000000000e+00
      vertex 2.230660629e+01 -1.113595104e+01 0.000000000e+00
      vertex 2.230667496e+01 -1.113595200e+01 4.775331763e-05
    endloop
  endfacet
  facet normal -4.082406163e-01 -7.170934677e-01 5.649039745e-01
    outer loop
      vertex 1.924203873e+01 -9.313832283e+00 0.000000000e+00
      vertex 1.268558884e+01 -5.581253052e+00 0.000000000e+00
      vertex 1.268565559e+01 -5.581253529e+00 4.775319394e-05
    endloop
  endfacet
  facet normal 4.051301479e-01 7.068088651e-01 5.799058080e-01
    outer loop
      vertex 1.768672371e+01 -1.200735855e+01 3.754781210e-04
      vertex 1.191659164e+01 -8.699714661e+00 0.000000000e+00
      vertex 1.768699074e+01 -1.200720406e+01 0.000000000e+00
    endloop
  endfacet
  facet normal -4.064714611e-01 -7.039795518e-01 5.824033022e-01
    outer loop
      vertex 9.621019363e+00 -3.759134293e+00 0.000000000e+00
      vertex 3.109557629e+00 5.249367678e-04 0.000000000e+00
      vertex 3.109558582e+00 6.190854474e-04 1.147185467e-04
    endloop
  endfacet
  facet normal 3.701119125e-01 6.410490274e-01 6.723640561e-01
    outer loop
      vertex 1.526993275e+00 -2.489632797e+01 2.783800846e-05
      vertex 1.526973724e+00 -2.489629173e+01 0.000000000e+00
      vertex 8.843362808e+00 -2.912043381e+01 0.000000000e+00
    endloop
  endfacet
  facet normal -4.089374542e-01 -7.083458900e-01 5.753400922e-01
    outer loop
      vertex 1.555034995e+00 -2.132099342e+01 0.000000000e+00
      vertex 1.555315495e+00 -2.132083130e+01 3.924226621e-04
      vertex 8.065703392e+00 -2.507968903e+01 0.000000000e+00
    endloop
  endfacet
  facet normal 4.092057645e-01 -7.088059783e-01 5.745822787e-01
    outer loop
      vertex -1.555315495e+00 -2.132083130e+01 3.586934181e-04
      vertex -1.555059314e+00 -2.132097816e+01 0.000000000e+00
      vertex -8.062250137e+00 -2.507769012e+01 0.000000000e+00
    endloop
  endfacet
  facet normal -4.081323147e-01 7.068765759e-01 -5.777140856e-01
    outer loop
      vertex -1.569564104e+00 -2.490435600e+01 0.000000000e+00
      vertex -5.504301726e-08 -2.221856117e+01 2.177441597e+00
      vertex -9.621019363e+00 -2.777349091e+01 2.177440882e+00
    endloop
  endfacet
  facet normal 4.706211388e-01 8.151358962e-01 3.377414644e-01
    outer loop
      vertex 1.526973963e+00 -1.378689671e+01 0.000000000e+00
      vertex 8.065709114e+00 -1.756205559e+01 0.000000000e+00
      vertex 8.065706253e+00 -1.756205750e+01 3.299135415e-06
    endloop
  endfacet
  facet normal -4.002880454e-01 -6.933634281e-01 5.991800427e-01
    outer loop
      vertex 1.555315495e+00 -1.021143436e+01 3.924226621e-04
      vertex 8.065704346e+00 -1.397021198e+01 9.905502520e-05
      vertex 8.065773964e+00 -1.397033501e+01 0.000000000e+00
    endloop
  endfacet
  facet normal -4.068666101e-01 7.047136426e-01 -5.812385082e-01
    outer loop
      vertex -1.846438217e+01 -2.356573677e+01 0.000000000e+00
      vertex -1.117633438e+01 -1.935798073e+01 0.000000000e+00
      vertex -9.621019363e+00 -1.666409492e+01 2.177441597e+00
    endloop
  endfacet
  facet normal 4.090893567e-01 -7.085746527e-01 5.749503374e-01
    outer loop
      vertex -1.117454243e+01 -1.576514053e+01 5.272573253e-05
      vertex -1.117450523e+01 -1.576516247e+01 0.000000000e+00
      vertex -1.140856457e+01 -1.590029335e+01 0.000000000e+00
    endloop
  endfacet
  facet normal 4.063882232e-01 -7.039265037e-01 5.825256109e-01
    outer loop
      vertex -1.555059314e+00 -1.021158314e+01 0.000000000e+00
      vertex -2.872323751e+00 -1.097206116e+01 0.000000000e+00
      vertex -1.555315495e+00 -1.021143436e+01 3.586934181e-04
    endloop
  endfacet
  facet normal -4.081329405e-01 7.068774104e-01 -5.777125955e-01
    outer loop
      vertex -1.569563866e+00 -1.379495811e+01 0.000000000e+00
      vertex -5.504301726e-08 -1.110916424e+01 2.177441597e+00
      vertex -9.621019363e+00 -1.666409492e+01 2.177441597e+00
    endloop
  endfacet
  facet normal -8.141145110e-01 2.236076398e-05 5.807043910e-01
    outer loop
      vertex 1.555034995e+00 -1.021159649e+01 0.000000000e+00
      vertex 1.555241704e+00 -2.693753958e+00 0.000000000e+00
      vertex 1.555315495e+00 -2.693881989e+00 1.034550805e-04
    endloop
  endfacet
  facet normal 8.137682080e-01 2.048958595e-05 5.811895132e-01
    outer loop
      vertex -1.555059314e+00 -1.021158314e+01 0.000000000e+00
      vertex -1.555315495e+00 -1.021143436e+01 3.586934181e-04
      vertex -1.555097580e+00 -8.690558434e+00 0.000000000e+00
    endloop
  endfacet
  facet normal -8.137335181e-01 0.000000000e+00 -5.812382102e-01
    outer loop
      vertex 1.555315495e+00 -4.443758774e+01 0.000000000e+00
      vertex 1.555315495e+00 -3.332818985e+01 0.000000000e+00
      vertex 0.000000000e+00 -3.332818985e+01 2.177441597e+00
    endloop
  endfacet
  facet normal 0.000000000e+00 1.000000000e+00 0.000000000e+00
    outer loop
      vertex 0.000000000e+00 -4.443758774e+01 2.177441597e+00
      vertex -1.555315495e+00 -4.443758774e+01 0.000000000e+00
      vertex 1.555315495e+00 -4.443758774e+01 0.000000000e+00
    endloop
  endfacet
  facet normal -8.201363683e-01 -2.756717382e-03 5.721613765e-01
    outer loop
      vertex 1.526993275e+00 -2.489632797e+01 2.783800846e-05
      vertex 1.555219054e+00 -3.329945755e+01 0.000000000e+00
      vertex 1.526973724e+00 -2.489629173e+01 0.000000000e+00
    endloop
  endfacet
  facet normal -8.200301528e-01 -3.054240718e-03 5.723121762e-01
    outer loop
      vertex 1.555034995e+00 -2.132099342e+01 0.000000000e+00
      vertex 1.526973963e+00 -1.378689671e+01 0.000000000e+00
      vertex 1.526993513e+00 -1.378693008e+01 2.783787750e-05
    endloop
  endfacet
  facet normal 8.140635490e-01 1.573261339e-03 5.807738304e-01
    outer loop
      vertex -1.555315495e+00 -2.132083130e+01 3.586934181e-04
      vertex -1.568546057e+00 -1.434255981e+01 0.000000000e+00
      vertex -1.555059314e+00 -2.132097816e+01 0.000000000e+00
    endloop
  endfacet
  facet normal -4.068666101e-01 -7.047138810e-01 -5.812383294e-01
    outer loop
      vertex 1.768679428e+01 -1.952494812e+01 0.000000000e+00
      vertex 1.117382622e+01 -1.576468372e+01 0.000000000e+00
      vertex 9.621020317e+00 -1.666409492e+01 2.177441597e+00
    endloop
  endfacet
  facet normal 4.999999106e-01 8.660255075e-01 0.000000000e+00
    outer loop
      vertex 1.846438217e+01 -2.356573677e+01 0.000000000e+00
      vertex 1.117633343e+01 -1.935798073e+01 2.883973593e-07
      vertex 1.117633343e+01 -1.935798073e+01 0.000000000e+00
    endloop
  endfacet
  facet normal 4.068667889e-01 7.047137618e-01 -5.812382102e-01
    outer loop
      vertex -2.964071465e+01 4.207756042e+00 0.000000000e+00
      vertex -2.235266876e+01 -7.850231043e-08 0.000000000e+00
      vertex -1.924203873e+01 -5.887673993e-08 2.177441597e+00
    endloop
  endfacet
  facet normal -4.074108005e-01 -7.056490779e-01 5.797204375e-01
    outer loop
      vertex -1.924038315e+01 1.794952989e+00 1.832517592e-05
      vertex -1.924038315e+01 1.794937849e+00 0.000000000e+00
      vertex -1.945813751e+01 1.920659065e+00 0.000000000e+00
    endloop
  endfacet
  facet normal 4.068667889e-01 -7.047140002e-01 -5.812380314e-01
    outer loop
      vertex -2.886305809e+01 -5.554698467e+00 2.177441597e+00
      vertex -1.924203873e+01 -5.887673993e-08 2.177441597e+00
      vertex -2.235266876e+01 -7.850231043e-08 0.000000000e+00
    endloop
  endfacet
  facet normal -4.071029127e-01 7.048945427e-01 -5.808534622e-01
    outer loop
      vertex -2.575356102e+01 5.554479599e+00 0.000000000e+00
      vertex -1.924203300e+01 9.315131187e+00 0.000000000e+00
      vertex -1.923741913e+01 1.111206341e+01 2.177430630e+00
    endloop
  endfacet
  facet normal 4.044148028e-01 -7.035020590e-01 5.844087601e-01
    outer loop
      vertex -2.235261345e+01 1.109141636e+01 1.713753591e-04
      vertex -2.235236740e+01 1.109141731e+01 0.000000000e+00
      vertex -2.964071465e+01 6.901640415e+00 0.000000000e+00
    endloop
  endfacet
  facet normal -8.137340546e-01 1.258825359e-04 -5.812373757e-01
    outer loop
      vertex -1.768830299e+01 1.200644588e+01 0.000000000e+00
      vertex -1.768714142e+01 1.952611351e+01 0.000000000e+00
      vertex -1.924203873e+01 2.221879196e+01 2.177441597e+00
    endloop
  endfacet
  facet normal 8.137336373e-01 1.113305825e-05 -5.812380314e-01
    outer loop
      vertex -1.924203873e+01 2.221879196e+01 2.177441597e+00
      vertex -2.079735374e+01 2.221879387e+01 0.000000000e+00
      vertex -2.079723549e+01 1.376745987e+01 0.000000000e+00
    endloop
  endfacet
  facet normal -8.140048385e-01 -3.380297858e-04 -5.808579922e-01
    outer loop
      vertex -8.066122055e+00 1.397150326e+01 0.000000000e+00
      vertex -9.621020317e+00 1.666409492e+01 2.177441597e+00
      vertex -9.616399765e+00 5.557365417e+00 2.177430630e+00
    endloop
  endfacet
  facet normal 8.137335777e-01 1.151291508e-05 -5.812379122e-01
    outer loop
      vertex -9.621020317e+00 1.666409492e+01 2.177441597e+00
      vertex -1.117632198e+01 1.576612473e+01 0.000000000e+00
      vertex -1.117621517e+01 8.212761879e+00 0.000000000e+00
    endloop
  endfacet
  facet normal -4.064294994e-01 -7.034906745e-01 5.830230713e-01
    outer loop
      vertex -1.555315495e+00 2.693314075e+00 1.072979285e-04
      vertex -1.555238843e+00 2.693181276e+00 0.000000000e+00
      vertex -1.855527997e+00 2.866667986e+00 0.000000000e+00
    endloop
  endfacet
  facet normal -4.072953165e-01 -7.047800422e-01 -5.808576941e-01
    outer loop
      vertex -9.616399765e+00 5.557365417e+00 2.177430630e+00
      vertex -4.529425368e-08 -7.845194716e-08 2.177441597e+00
      vertex -1.555315495e+00 2.693314075e+00 1.072979285e-04
    endloop
  endfacet
  facet normal 4.096003473e-01 -7.125222683e-01 5.696837306e-01
    outer loop
      vertex -1.273134899e+01 5.536719322e+00 0.000000000e+00
      vertex -1.924038315e+01 1.794937849e+00 0.000000000e+00
      vertex -1.924038315e+01 1.794952989e+00 1.832517592e-05
    endloop
  endfacet
  facet normal 4.068671465e-01 7.047145963e-01 -5.812370777e-01
    outer loop
      vertex -3.926173401e+01 2.087184906e+01 0.000000000e+00
      vertex -2.964071465e+01 1.531715202e+01 0.000000000e+00
      vertex -2.886305809e+01 1.666409492e+01 2.177441597e+00
    endloop
  endfacet
  facet normal 8.660263419e-01 -4.999983609e-01 1.126406573e-06
    outer loop
      vertex -3.770642090e+01 2.356573677e+01 0.000000000e+00
      vertex -3.926173401e+01 2.087184906e+01 0.000000000e+00
      vertex -3.848407745e+01 2.221879387e+01 2.177441597e+00
    endloop
  endfacet
  facet normal 4.071576893e-01 7.022466660e-01 5.840138197e-01
    outer loop
      vertex -2.235261345e+01 1.109141636e+01 1.713753591e-04
      vertex -2.963263130e+01 1.531246376e+01 0.000000000e+00
      vertex -2.235236740e+01 1.109141731e+01 0.000000000e+00
    endloop
  endfacet
  facet normal 4.072750807e-01 7.024043798e-01 5.837423205e-01
    outer loop
      vertex -1.273159409e+01 5.536718369e+00 1.713763631e-04
      vertex -1.324359512e+01 5.833733559e+00 0.000000000e+00
      vertex -1.273134899e+01 5.536719322e+00 0.000000000e+00
    endloop
  endfacet
  facet normal -4.074141383e-01 -7.056616545e-01 -5.797027946e-01
    outer loop
      vertex -1.768830299e+01 1.200644588e+01 0.000000000e+00
      vertex -1.923741913e+01 1.111206341e+01 2.177430630e+00
      vertex -9.616399765e+00 5.557365417e+00 2.177430630e+00
    endloop
  endfacet
  facet normal 8.137335777e-01 0.000000000e+00 -5.812380910e-01
    outer loop
      vertex -9.621019363e+00 -2.777349091e+01 2.177440882e+00
      vertex -9.621019363e+00 -1.666409492e+01 2.177441597e+00
      vertex -1.117633438e+01 -1.935798073e+01 0.000000000e+00
    endloop
  endfacet
  facet normal -8.137333393e-01 1.283232507e-07 -5.812383890e-01
    outer loop
      vertex -9.621019363e+00 -1.666409492e+01 2.177441597e+00
      vertex -9.621019363e+00 -2.777349091e+01 2.177440882e+00
      vertex -8.065703392e+00 -2.507968330e+01 0.000000000e+00
    endloop
  endfacet
  facet normal -8.165541291e-01 -3.031314409e-04 -5.772687197e-01
    outer loop
      vertex -1.768772507e+01 -1.952781105e+01 0.000000000e+00
      vertex -1.769052124e+01 -1.200516701e+01 0.000000000e+00
      vertex -1.923015785e+01 -1.111625576e+01 2.177368402e+00
    endloop
  endfacet
  facet normal -4.086572230e-01 -7.071379423e-01 -5.770226717e-01
    outer loop
      vertex -2.575354195e+01 -5.555341244e+00 0.000000000e+00
      vertex -2.635770416e+01 -5.553305626e+00 4.253831208e-01
      vertex -1.924203873e+01 -1.109507465e+01 2.177360773e+00
    endloop
  endfacet
  facet normal 8.171344399e-01 -1.662261551e-03 5.764447451e-01
    outer loop
      vertex -1.115958214e+01 -8.258147240e+00 4.930282594e-04
      vertex -1.115923309e+01 -8.257538795e+00 0.000000000e+00
      vertex -1.117450523e+01 -1.576516247e+01 0.000000000e+00
    endloop
  endfacet
  facet normal -8.165541887e-01 -3.036987328e-04 -5.772687197e-01
    outer loop
      vertex -8.066704750e+00 -1.397319031e+01 0.000000000e+00
      vertex -8.069501877e+00 -6.450467587e+00 0.000000000e+00
      vertex -9.609138489e+00 -5.561557770e+00 2.177368402e+00
    endloop
  endfacet
  facet normal 4.079465568e-01 7.066494226e-01 -5.781229734e-01
    outer loop
      vertex -1.924207497e+01 -1.795860767e+00 0.000000000e+00
      vertex -1.269782543e+01 -5.573835850e+00 0.000000000e+00
      vertex -9.633159637e+00 -5.561707497e+00 2.177375317e+00
    endloop
  endfacet
  facet normal -4.086563885e-01 -7.071380019e-01 -5.770232677e-01
    outer loop
      vertex -1.613290024e+01 -4.248430778e-04 0.000000000e+00
      vertex -1.673691177e+01 1.568462583e-03 4.253274202e-01
      vertex -9.621019363e+00 -5.540375710e+00 2.177360773e+00
    endloop
  endfacet
  facet normal 4.086565673e-01 -7.071381807e-01 -5.770229697e-01
    outer loop
      vertex -3.107649326e+00 4.357206053e-04 0.000000000e+00
      vertex -9.621019363e+00 -3.763654709e+00 0.000000000e+00
      vertex -9.621019363e+00 -5.540375710e+00 2.177360773e+00
    endloop
  endfacet
  facet normal -4.080138803e-01 7.073080540e-01 -5.772693753e-01
    outer loop
      vertex -8.069501877e+00 -6.450467587e+00 0.000000000e+00
      vertex -1.553235173e+00 -2.691529036e+00 0.000000000e+00
      vertex -1.251530290e+00 -2.170319557e+00 4.253755212e-01
    endloop
  endfacet
  facet normal -4.068664610e-01 7.047137022e-01 -5.812385678e-01
    outer loop
      vertex -3.770642090e+01 -2.356573677e+01 0.000000000e+00
      vertex -2.808539963e+01 -1.801103783e+01 0.000000000e+00
      vertex -2.886305809e+01 -1.666409492e+01 2.177441597e+00
    endloop
  endfacet
  facet normal 8.660263419e-01 4.999983609e-01 1.126406573e-06
    outer loop
      vertex -3.926173401e+01 -2.087184906e+01 0.000000000e+00
      vertex -3.770642090e+01 -2.356573677e+01 0.000000000e+00
      vertex -3.848407745e+01 -2.221879387e+01 2.177441597e+00
    endloop
  endfacet
  facet normal 4.074531198e-01 -7.075546384e-01 -5.773631930e-01
    outer loop
      vertex -1.924203873e+01 -9.318352699e+00 0.000000000e+00
      vertex -1.924203873e+01 -1.109507465e+01 2.177360773e+00
      vertex -9.633159637e+00 -5.561707497e+00 2.177375317e+00
    endloop
  endfacet
  facet normal -4.065091014e-01 7.086083889e-01 -5.767360330e-01
    outer loop
      vertex -1.115958214e+01 -8.258147240e+00 4.930282594e-04
      vertex -1.923015785e+01 -1.111625576e+01 2.177368402e+00
      vertex -1.769052124e+01 -1.200516701e+01 0.000000000e+00
    endloop
  endfacet
  facet normal -8.137337565e-01 -1.694007921e-07 -5.812378526e-01
    outer loop
      vertex 1.117633438e+01 1.935798073e+01 0.000000000e+00
      vertex 1.117633343e+01 2.777349091e+01 0.000000000e+00
      vertex 9.621020317e+00 2.777349091e+01 2.177441597e+00
    endloop
  endfacet
  facet normal 8.116742373e-01 -1.801069629e-05 5.841103196e-01
    outer loop
      vertex 8.065706253e+00 1.756205750e+01 3.039610874e-06
      vertex 8.065787315e+00 2.507965469e+01 1.179399333e-04
      vertex 8.065872192e+00 2.507979965e+01 0.000000000e+00
    endloop
  endfacet
  facet normal 4.085232317e-01 7.069819570e-01 -5.773085952e-01
    outer loop
      vertex 2.575341797e+01 5.555270672e+00 0.000000000e+00
      vertex 2.635779762e+01 5.553377151e+00 4.253612757e-01
      vertex 1.924203873e+01 1.109581089e+01 2.177366018e+00
    endloop
  endfacet
  facet normal 4.068664610e-01 -7.047137022e-01 -5.812385678e-01
    outer loop
      vertex 3.770642090e+01 2.356573677e+01 0.000000000e+00
      vertex 2.808539963e+01 1.801103783e+01 0.000000000e+00
      vertex 2.886305809e+01 1.666409492e+01 2.177441597e+00
    endloop
  endfacet
  facet normal -8.660263419e-01 -4.999983609e-01 1.126406573e-06
    outer loop
      vertex 3.770642090e+01 2.356573677e+01 0.000000000e+00
      vertex 3.848407745e+01 2.221879387e+01 2.177441597e+00
      vertex 3.926173401e+01 2.087184906e+01 0.000000000e+00
    endloop
  endfacet
  facet normal 4.136483669e-01 -7.098678350e-01 -5.700725913e-01
    outer loop
      vertex 2.808539963e+01 1.801103783e+01 0.000000000e+00
      vertex 2.079701424e+01 1.376401234e+01 0.000000000e+00
      vertex 1.925406456e+01 1.111633968e+01 2.177376747e+00
    endloop
  endfacet
  facet normal -4.062237740e-01 7.004317045e-01 5.868369341e-01
    outer loop
      vertex 2.964071465e+01 1.531715202e+01 0.000000000e+00
      vertex 2.235257530e+01 1.108989525e+01 4.915631143e-04
      vertex 2.235187340e+01 1.108990002e+01 0.000000000e+00
    endloop
  endfacet
  facet normal -5.015273094e-01 -8.651416898e-01 0.000000000e+00
    outer loop
      vertex -8.843362808e+00 2.912043381e+01 9.517899713e-08
      vertex -8.821939468e+00 2.910801506e+01 0.000000000e+00
      vertex -8.843362808e+00 2.912043381e+01 0.000000000e+00
    endloop
  endfacet
  facet normal 4.079635739e-01 7.066600919e-01 5.780980587e-01
    outer loop
      vertex -1.555024743e+00 2.132099724e+01 0.000000000e+00
      vertex -1.555315495e+00 2.132083130e+01 4.068095586e-04
      vertex -8.065703392e+00 2.507969284e+01 0.000000000e+00
    endloop
  endfacet
  facet normal -4.054371417e-01 7.022883296e-01 5.851595402e-01
    outer loop
      vertex 8.065787315e+00 2.507965469e+01 1.179399333e-04
      vertex 1.555315375e+00 2.132083130e+01 4.468131228e-04
      vertex 1.554996490e+00 2.132101631e+01 0.000000000e+00
    endloop
  endfacet
  facet normal -4.999999404e-01 -8.660253882e-01 0.000000000e+00
    outer loop
      vertex -1.846438217e+01 2.356573677e+01 0.000000000e+00
      vertex -1.846438217e+01 2.356573677e+01 9.517899713e-08
      vertex -1.117633438e+01 1.935798073e+01 0.000000000e+00
    endloop
  endfacet
  facet normal 4.070451558e-01 7.048416138e-01 -5.809582472e-01
    outer loop
      vertex -1.924203873e+01 2.221879196e+01 2.177441597e+00
      vertex -1.768714142e+01 1.952611351e+01 0.000000000e+00
      vertex -1.117632198e+01 1.576612473e+01 0.000000000e+00
    endloop
  endfacet
  facet normal -4.070172906e-01 -7.049412131e-01 -5.808570981e-01
    outer loop
      vertex -8.065704346e+00 1.756025696e+01 0.000000000e+00
      vertex -9.621020317e+00 1.666409492e+01 2.177441597e+00
      vertex -8.111602767e-08 1.110913277e+01 2.177441835e+00
    endloop
  endfacet
  facet normal 4.061442912e-01 7.035092711e-01 5.831995010e-01
    outer loop
      vertex -1.555315495e+00 1.021143436e+01 4.068095586e-04
      vertex -4.224546909e+00 1.175275040e+01 0.000000000e+00
      vertex -1.555024743e+00 1.021160316e+01 0.000000000e+00
    endloop
  endfacet
  facet normal -4.999999702e-01 8.660254478e-01 0.000000000e+00
    outer loop
      vertex 1.768782806e+01 1.952554321e+01 0.000000000e+00
      vertex 1.768782806e+01 1.952554321e+01 7.211023245e-08
      vertex 1.117629910e+01 1.576611137e+01 0.000000000e+00
    endloop
  endfacet
  facet normal 4.111253619e-01 -7.120860219e-01 5.691305399e-01
    outer loop
      vertex 8.065709114e+00 1.756205559e+01 0.000000000e+00
      vertex 1.526488423e+00 1.378661346e+01 0.000000000e+00
      vertex 1.526509643e+00 1.378665066e+01 3.019994256e-05
    endloop
  endfacet
  facet normal -4.070792794e-01 7.051327825e-01 5.805811286e-01
    outer loop
      vertex 1.555315375e+00 1.021143436e+01 4.468131228e-04
      vertex 1.554996490e+00 1.021161842e+01 0.000000000e+00
      vertex 8.066807747e+00 1.397094345e+01 0.000000000e+00
    endloop
  endfacet
  facet normal -1.000000000e+00 0.000000000e+00 0.000000000e+00
    outer loop
      vertex 1.555315495e+00 3.332818985e+01 9.517899713e-08
      vertex 1.555315495e+00 3.332818985e+01 0.000000000e+00
      vertex 1.555315495e+00 3.645721054e+01 0.000000000e+00
    endloop
  endfacet
  facet normal -8.137335181e-01 0.000000000e+00 -5.812382698e-01
    outer loop
      vertex 1.555315495e+00 3.332818985e+01 9.517899713e-08
      vertex 1.555315495e+00 3.645721054e+01 9.517899713e-08
      vertex 1.498837829e+00 3.649182129e+01 7.906897366e-02
    endloop
  endfacet
  facet normal 8.137333989e-01 0.000000000e+00 -5.812383294e-01
    outer loop
      vertex -1.555315495e+00 3.645721054e+01 0.000000000e+00
      vertex -1.555315495e+00 3.332818985e+01 0.000000000e+00
      vertex -1.359699979e-07 3.332818985e+01 2.177441597e+00
    endloop
  endfacet
  facet normal -8.138728738e-01 -2.549391684e-05 5.810430646e-01
    outer loop
      vertex 1.555315375e+00 1.021143436e+01 4.468131228e-04
      vertex 1.555315495e+00 2.692513466e+00 1.178841339e-04
      vertex 1.555231333e+00 2.692561150e+00 0.000000000e+00
    endloop
  endfacet
  facet normal 4.062260091e-01 -7.036002874e-01 5.830326676e-01
    outer loop
      vertex 1.526488423e+00 2.489601135e+01 0.000000000e+00
      vertex 1.526509643e+00 2.489604759e+01 3.020013173e-05
      vertex 8.843362808e+00 2.912043381e+01 0.000000000e+00
    endloop
  endfacet
  facet normal 8.103551865e-01 -1.393987914e-03 -5.859373212e-01
    outer loop
      vertex -1.555315495e+00 3.332818985e+01 0.000000000e+00
      vertex -1.569806576e+00 2.490420723e+01 0.000000000e+00
      vertex -8.111602767e-08 2.221853065e+01 2.177441835e+00
    endloop
  endfacet
  facet normal -9.999940991e-01 3.418696113e-03 0.000000000e+00
    outer loop
      vertex 1.526488423e+00 2.489601135e+01 0.000000000e+00
      vertex 1.555315495e+00 3.332818985e+01 0.000000000e+00
      vertex 1.555315495e+00 3.332818985e+01 9.517899713e-08
    endloop
  endfacet
  facet normal 8.136821389e-01 0.000000000e+00 -5.813100934e-01
    outer loop
      vertex -8.111602767e-08 1.110913277e+01 2.177441835e+00
      vertex -8.111602767e-08 2.221853065e+01 2.177441835e+00
      vertex -1.555315495e+00 2.132083130e+01 4.068095586e-04
    endloop
  endfacet
  facet normal 8.138743043e-01 -1.603549346e-03 5.810387731e-01
    outer loop
      vertex -1.555024743e+00 2.132099724e+01 0.000000000e+00
      vertex -1.568764925e+00 1.434717369e+01 0.000000000e+00
      vertex -1.555315495e+00 2.132083130e+01 4.068095586e-04
    endloop
  endfacet
  facet normal -8.133683205e-01 3.077566391e-03 5.817409158e-01
    outer loop
      vertex 1.526488423e+00 1.378661346e+01 0.000000000e+00
      vertex 1.554996490e+00 2.132101631e+01 0.000000000e+00
      vertex 1.555315375e+00 2.132083130e+01 4.468131228e-04
    endloop
  endfacet
  facet normal 8.136833906e-01 -2.319074338e-05 5.813083053e-01
    outer loop
      vertex -1.555024743e+00 1.021160316e+01 0.000000000e+00
      vertex -1.555238843e+00 2.693181276e+00 0.000000000e+00
      vertex -1.555315495e+00 2.693314075e+00 1.072979285e-04
    endloop
  endfacet
  facet normal -8.660250902e-01 5.000005364e-01 1.408008075e-07
    outer loop
      vertex 2.964071465e+01 -4.207756042e+00 0.000000000e+00
      vertex 2.886305809e+01 -5.554698467e+00 2.177441597e+00
      vertex 2.886305809e+01 -5.554697990e+00 0.000000000e+00
    endloop
  endfacet
  facet normal -8.660252094e-01 -5.000004768e-01 0.000000000e+00
    outer loop
      vertex 2.886305809e+01 5.554698467e+00 0.000000000e+00
      vertex 2.886305809e+01 5.554698467e+00 2.177441597e+00
      vertex 2.964071465e+01 4.207756042e+00 0.000000000e+00
    endloop
  endfacet
  facet normal -8.660252094e-01 -5.000005364e-01 0.000000000e+00
    outer loop
      vertex 2.886305809e+01 -5.554697990e+00 0.000000000e+00
      vertex 2.886305809e+01 -5.554698467e+00 2.177441597e+00
      vertex 2.964071465e+01 -6.901640415e+00 0.000000000e+00
    endloop
  endfacet
  facet normal 0.000000000e+00 1.000000000e+00 0.000000000e+00
    outer loop
      vertex 1.924203873e+01 -2.221879387e+01 2.177441120e+00
      vertex 1.924204063e+01 -2.221879387e+01 0.000000000e+00
      vertex 2.079735374e+01 -2.221879387e+01 0.000000000e+00
    endloop
  endfacet
  facet normal 0.000000000e+00 1.000000000e+00 0.000000000e+00
    outer loop
      vertex 9.621019363e+00 -2.777349091e+01 0.000000000e+00
      vertex 1.117633343e+01 -2.777349091e+01 0.000000000e+00
      vertex 9.621018410e+00 -2.777348900e+01 2.177441597e+00
    endloop
  endfacet
  facet normal -8.660256863e-01 4.999994338e-01 -1.126406460e-06
    outer loop
      vertex 9.621019363e+00 -2.777349091e+01 0.000000000e+00
      vertex 9.621018410e+00 -2.777348900e+01 2.177441597e+00
      vertex 8.843362808e+00 -2.912043381e+01 0.000000000e+00
    endloop
  endfacet
  facet normal 8.660256267e-01 4.999995828e-01 0.000000000e+00
    outer loop
      vertex -8.843362808e+00 -2.912043381e+01 0.000000000e+00
      vertex -9.621019363e+00 -2.777349091e+01 2.177440882e+00
      vertex -9.621019363e+00 -2.777349091e+01 0.000000000e+00
    endloop
  endfacet
  facet normal 8.660264611e-01 4.999981225e-01 0.000000000e+00
    outer loop
      vertex -1.924203873e+01 -2.221879387e+01 2.177441597e+00
      vertex -1.924203873e+01 -2.221879196e+01 0.000000000e+00
      vertex -1.846438217e+01 -2.356573677e+01 0.000000000e+00
    endloop
  endfacet
  facet normal -8.660251498e-01 5.000004172e-01 -1.126406119e-06
    outer loop
      vertex 1.924204063e+01 -2.221879387e+01 0.000000000e+00
      vertex 1.924203873e+01 -2.221879387e+01 2.177441120e+00
      vertex 1.846438217e+01 -2.356573677e+01 0.000000000e+00
    endloop
  endfacet
  facet normal 8.660252094e-01 -5.000004768e-01 0.000000000e+00
    outer loop
      vertex -2.964071465e+01 4.207756042e+00 0.000000000e+00
      vertex -2.886305809e+01 5.554698467e+00 2.177441597e+00
      vertex -2.886305809e+01 5.554698467e+00 0.000000000e+00
    endloop
  endfacet
  facet normal 8.660252094e-01 5.000004768e-01 0.000000000e+00
    outer loop
      vertex -2.964071465e+01 -4.207756042e+00 0.000000000e+00
      vertex -2.886305809e+01 -5.554698467e+00 0.000000000e+00
      vertex -2.886305809e+01 -5.554698467e+00 2.177441597e+00
    endloop
  endfacet
  facet normal 8.660250902e-01 5.000005960e-01 0.000000000e+00
    outer loop
      vertex -2.964071465e+01 6.901640415e+00 0.000000000e+00
      vertex -2.886305809e+01 5.554698467e+00 0.000000000e+00
      vertex -2.886305809e+01 5.554698467e+00 2.177441597e+00
    endloop
  endfacet
  facet normal -1.226343556e-06 -1.000000000e+00 0.000000000e+00
    outer loop
      vertex -1.924203873e+01 2.221879196e+01 0.000000000e+00
      vertex -2.079735374e+01 2.221879387e+01 0.000000000e+00
      vertex -1.924203873e+01 2.221879196e+01 2.177441597e+00
    endloop
  endfacet
  facet normal 0.000000000e+00 -1.000000000e+00 0.000000000e+00
    outer loop
      vertex -9.621019363e+00 2.777349091e+01 0.000000000e+00
      vertex -1.117633343e+01 2.777349091e+01 0.000000000e+00
      vertex -9.621018410e+00 2.777348900e+01 2.177441597e+00
    endloop
  endfacet
  facet normal -1.226343556e-06 1.000000000e+00 2.252815420e-06
    outer loop
      vertex -2.079735374e+01 -2.221879387e+01 0.000000000e+00
      vertex -1.924203873e+01 -2.221879196e+01 0.000000000e+00
      vertex -1.924203873e+01 -2.221879387e+01 2.177441597e+00
    endloop
  endfacet
  facet normal 8.660250902e-01 -5.000005960e-01 0.000000000e+00
    outer loop
      vertex -2.886305809e+01 -5.554698467e+00 2.177441597e+00
      vertex -2.886305809e+01 -5.554698467e+00 0.000000000e+00
      vertex -2.964071465e+01 -6.901640415e+00 0.000000000e+00
    endloop
  endfacet
  facet normal 0.000000000e+00 9.999999404e-01 0.000000000e+00
    outer loop
      vertex -9.621019363e+00 -2.777349091e+01 0.000000000e+00
      vertex -9.621019363e+00 -2.777349091e+01 2.177440882e+00
      vertex -1.117633343e+01 -2.777349091e+01 0.000000000e+00
    endloop
  endfacet
  facet normal 4.076340795e-01 7.042706013e-01 -5.812378526e-01
    outer loop
      vertex -2.964071465e+01 -6.901640892e+00 0.000000000e+00
      vertex -1.925417709e+01 -1.111640549e+01 2.177375317e+00
      vertex -2.886305809e+01 -5.554698467e+00 2.177441597e+00
    endloop
  endfacet
  facet normal 8.171230555e-01 -1.662794151e-03 5.764609575e-01
    outer loop
      vertex -2.079735374e+01 -2.221879387e+01 0.000000000e+00
      vertex -2.078060150e+01 -1.381284618e+01 4.930232535e-04
      vertex -2.078025246e+01 -1.381223774e+01 0.000000000e+00
    endloop
  endfacet
  facet normal 4.079468548e-01 7.066496015e-01 -5.781224966e-01
    outer loop
      vertex -2.231884384e+01 -1.112853432e+01 0.000000000e+00
      vertex -1.925417709e+01 -1.111640549e+01 2.177375317e+00
      vertex -2.964071465e+01 -6.901640892e+00 0.000000000e+00
    endloop
  endfacet
  facet normal -4.054434299e-01 7.055342793e-01 -5.812374353e-01
    outer loop
      vertex -2.078060150e+01 -1.381284618e+01 4.930232535e-04
      vertex -2.886305809e+01 -1.666409492e+01 2.177441597e+00
      vertex -2.808539963e+01 -1.801103783e+01 0.000000000e+00
    endloop
  endfacet
  facet normal -4.036604762e-01 7.022958398e-01 5.863776803e-01
    outer loop
      vertex -2.078060150e+01 -1.381284618e+01 4.930232535e-04
      vertex -2.808257866e+01 -1.800941849e+01 0.000000000e+00
      vertex -2.078025246e+01 -1.381223774e+01 0.000000000e+00
    endloop
  endfacet
  facet normal 4.040662646e-01 -7.063257098e-01 -5.812352300e-01
    outer loop
      vertex -2.886305809e+01 -1.666409492e+01 2.177441597e+00
      vertex -2.232095528e+01 -1.112975311e+01 0.000000000e+00
      vertex -2.964071465e+01 -1.531715202e+01 0.000000000e+00
    endloop
  endfacet
  facet normal 4.094207585e-01 -7.097624540e-01 -5.732468367e-01
    outer loop
      vertex -1.925417709e+01 -1.111640549e+01 2.177375317e+00
      vertex -2.231884384e+01 -1.112853432e+01 0.000000000e+00
      vertex -2.232095528e+01 -1.112975311e+01 0.000000000e+00
    endloop
  endfacet
  facet normal 0.000000000e+00 -1.000000000e+00 0.000000000e+00
    outer loop
      vertex 1.924203873e+01 2.221879387e+01 0.000000000e+00
      vertex 1.924203873e+01 2.221879387e+01 2.177441120e+00
      vertex 2.079735374e+01 2.221879387e+01 0.000000000e+00
    endloop
  endfacet
  facet normal -8.660250902e-01 5.000005960e-01 0.000000000e+00
    outer loop
      vertex 2.964071465e+01 6.901640415e+00 0.000000000e+00
      vertex 2.886305809e+01 5.554698467e+00 2.177441597e+00
      vertex 2.886305809e+01 5.554698467e+00 0.000000000e+00
    endloop
  endfacet
  facet normal 0.000000000e+00 -1.000000000e+00 0.000000000e+00
    outer loop
      vertex 9.621019363e+00 2.777349091e+01 0.000000000e+00
      vertex 9.621020317e+00 2.777349091e+01 2.177441597e+00
      vertex 1.117633343e+01 2.777349091e+01 0.000000000e+00
    endloop
  endfacet
  facet normal -4.056340158e-01 -7.059274912e-01 5.806267262e-01
    outer loop
      vertex 2.235257530e+01 1.108989525e+01 4.915631143e-04
      vertex 2.963789558e+01 6.903261662e+00 0.000000000e+00
      vertex 2.235404587e+01 1.108864689e+01 0.000000000e+00
    endloop
  endfacet
  facet normal -4.086700082e-01 -7.080807686e-01 5.758562684e-01
    outer loop
      vertex 2.235257530e+01 1.108989525e+01 4.915631143e-04
      vertex 2.235404587e+01 1.108864689e+01 0.000000000e+00
      vertex 2.235187340e+01 1.108990002e+01 0.000000000e+00
    endloop
  endfacet
  facet normal -4.076270461e-01 -7.042747140e-01 -5.812377930e-01
    outer loop
      vertex 2.964071465e+01 6.901640892e+00 0.000000000e+00
      vertex 1.925406456e+01 1.111633968e+01 2.177376747e+00
      vertex 2.886305809e+01 5.554698467e+00 2.177441597e+00
    endloop
  endfacet
  facet normal -4.066319168e-01 -7.076649666e-01 5.778068900e-01
    outer loop
      vertex 1.273155689e+01 5.535197258e+00 4.915621248e-04
      vertex 1.924026489e+01 1.794856310e+00 5.240018436e-05
      vertex 1.924026489e+01 1.794813037e+00 0.000000000e+00
    endloop
  endfacet
  facet normal -8.159298301e-01 3.246221604e-05 -5.781508684e-01
    outer loop
      vertex 2.079735374e+01 2.221879387e+01 0.000000000e+00
      vertex 1.925406456e+01 1.111633968e+01 2.177376747e+00
      vertex 2.079701424e+01 1.376401234e+01 0.000000000e+00
    endloop
  endfacet
  facet normal -4.084607959e-01 -7.107109427e-01 -5.727562308e-01
    outer loop
      vertex 2.235257530e+01 1.108989525e+01 4.915631143e-04
      vertex 1.925406456e+01 1.111633968e+01 2.177376747e+00
      vertex 2.964071465e+01 6.901640892e+00 0.000000000e+00
    endloop
  endfacet
  facet normal -4.080391228e-01 -7.073367834e-01 5.772164464e-01
    outer loop
      vertex 1.273155689e+01 5.535197258e+00 4.915621248e-04
      vertex 1.273302555e+01 5.533947945e+00 0.000000000e+00
      vertex 1.273085403e+01 5.535201550e+00 0.000000000e+00
    endloop
  endfacet
  facet normal -4.063341916e-01 7.010703087e-01 5.859973431e-01
    outer loop
      vertex 1.273155689e+01 5.535197258e+00 4.915621248e-04
      vertex 1.273085403e+01 5.535201550e+00 0.000000000e+00
      vertex 1.328326702e+01 5.855375767e+00 0.000000000e+00
    endloop
  endfacet
  facet normal -4.104197025e-01 7.063224912e-01 -5.767705441e-01
    outer loop
      vertex 1.328326702e+01 5.855375767e+00 0.000000000e+00
      vertex 1.924203873e+01 9.317812920e+00 0.000000000e+00
      vertex 1.924203873e+01 1.109581089e+01 2.177366018e+00
    endloop
  endfacet
  facet normal 4.109009206e-01 -7.098838091e-01 -5.720362067e-01
    outer loop
      vertex 9.633044243e+00 5.561640739e+00 2.177376747e+00
      vertex 1.922974968e+01 1.111649132e+01 2.177373886e+00
      vertex 1.117810249e+01 8.210532188e+00 0.000000000e+00
    endloop
  endfacet
  facet normal 4.107874632e-01 -7.050849199e-01 -5.780214667e-01
    outer loop
      vertex 1.117810249e+01 8.210532188e+00 0.000000000e+00
      vertex 1.922974968e+01 1.111649132e+01 2.177373886e+00
      vertex 1.769091225e+01 1.200494003e+01 0.000000000e+00
    endloop
  endfacet
  facet normal 8.660256267e-01 -4.999996126e-01 0.000000000e+00
    outer loop
      vertex -8.843362808e+00 2.912043381e+01 9.517899713e-08
      vertex -8.843362808e+00 2.912043381e+01 0.000000000e+00
      vertex -9.621019363e+00 2.777349091e+01 0.000000000e+00
    endloop
  endfacet
  facet normal -8.660257459e-01 -4.999994934e-01 1.275706722e-07
    outer loop
      vertex 8.843362808e+00 2.912043381e+01 0.000000000e+00
      vertex 9.621020317e+00 2.777349091e+01 2.177441597e+00
      vertex 9.621019363e+00 2.777349091e+01 0.000000000e+00
    endloop
  endfacet
  facet normal 0.000000000e+00 1.000000000e+00 0.000000000e+00
    outer loop
      vertex -1.924203873e+01 2.221879196e+01 2.177441597e+00
      vertex -1.846438217e+01 2.356573677e+01 9.517899713e-08
      vertex -1.846438217e+01 2.356573677e+01 0.000000000e+00
    endloop
  endfacet
  facet normal -8.660251498e-01 -5.000004172e-01 0.000000000e+00
    outer loop
      vertex 1.846438217e+01 2.356573677e+01 0.000000000e+00
      vertex 1.924203873e+01 2.221879387e+01 2.177441120e+00
      vertex 1.924203873e+01 2.221879387e+01 0.000000000e+00
    endloop
  endfacet
  facet normal 4.068666995e-01 7.047138214e-01 -5.812383294e-01
    outer loop
      vertex 2.575250816e+01 -5.554745674e+00 0.000000000e+00
      vertex 2.886305809e+01 -5.554698467e+00 2.177441597e+00
      vertex 1.924203873e+01 5.887673993e-08 2.177441597e+00
    endloop
  endfacet
  facet normal 4.068679214e-01 -7.047159672e-01 -5.812346935e-01
    outer loop
      vertex 2.572984314e+01 5.541659355e+00 0.000000000e+00
      vertex 1.924026489e+01 1.794856310e+00 5.240018436e-05
      vertex 1.924293327e+01 1.662137389e+00 1.628341377e-01
    endloop
  endfacet
  facet normal 4.068494439e-01 -7.047689557e-01 -5.811833739e-01
    outer loop
      vertex 2.886305809e+01 -5.554698467e+00 2.177441597e+00
      vertex 2.575250816e+01 -5.554745674e+00 0.000000000e+00
      vertex 1.924203873e+01 -9.313472748e+00 4.355833516e-04
    endloop
  endfacet
  facet normal -4.068464637e-01 7.046722770e-01 -5.813027024e-01
    outer loop
      vertex 9.620802879e+00 -5.554573059e+00 2.177441835e+00
      vertex 1.268565559e+01 -5.581253529e+00 4.775319394e-05
      vertex 1.924204254e+01 -1.795921564e+00 5.063438493e-06
    endloop
  endfacet
  facet normal 8.137333393e-01 -1.283232365e-07 -5.812383294e-01
    outer loop
      vertex 8.065703392e+00 -2.507968903e+01 0.000000000e+00
      vertex 9.621018410e+00 -2.777348900e+01 2.177441597e+00
      vertex 9.621020317e+00 -1.666409492e+01 2.177441597e+00
    endloop
  endfacet
  facet normal -8.137339354e-01 2.812146818e-07 -5.812375546e-01
    outer loop
      vertex 1.117633343e+01 -2.442739868e+01 0.000000000e+00
      vertex 1.117633343e+01 -1.935798073e+01 2.883973593e-07
      vertex 9.621020317e+00 -1.666409492e+01 2.177441597e+00
    endloop
  endfacet
  facet normal 8.137212396e-01 1.591440741e-05 -5.812553167e-01
    outer loop
      vertex 9.621020317e+00 -1.666409492e+01 2.177441597e+00
      vertex 9.620802879e+00 -5.554573059e+00 2.177441835e+00
      vertex 8.065704346e+00 -6.452660084e+00 3.754781210e-04
    endloop
  endfacet
  facet normal -4.068154693e-01 -7.046744227e-01 -5.813219547e-01
    outer loop
      vertex 9.620802879e+00 -5.554573059e+00 2.177441835e+00
      vertex 9.621019363e+00 -3.758774996e+00 4.355833516e-04
      vertex 3.109558582e+00 6.190854474e-04 1.147185467e-04
    endloop
  endfacet
  facet normal -4.068532288e-01 7.047219276e-01 -5.812378526e-01
    outer loop
      vertex 2.964071465e+01 -6.901640415e+00 0.000000000e+00
      vertex 2.886305809e+01 -5.554698467e+00 2.177441597e+00
      vertex 1.924182129e+01 -1.110927200e+01 2.177441597e+00
    endloop
  endfacet
  facet normal 4.068430066e-01 -7.047048211e-01 -5.812656879e-01
    outer loop
      vertex 9.621019363e+00 -3.758774996e+00 4.355833516e-04
      vertex 9.620802879e+00 -5.554573059e+00 2.177441835e+00
      vertex 1.924203873e+01 5.887673993e-08 2.177441597e+00
    endloop
  endfacet
  facet normal 4.068665504e-01 7.047138810e-01 -5.812382102e-01
    outer loop
      vertex 2.886305809e+01 -1.666409492e+01 2.177441597e+00
      vertex 2.808539963e+01 -1.801103783e+01 0.000000000e+00
      vertex 3.770642090e+01 -2.356573677e+01 0.000000000e+00
    endloop
  endfacet
  facet normal -4.030342996e-01 -7.069070339e-01 -5.812450647e-01
    outer loop
      vertex 2.886305809e+01 -1.666409492e+01 2.177441597e+00
      vertex 2.964071465e+01 -1.531715202e+01 0.000000000e+00
      vertex 2.961159706e+01 -1.530055141e+01 0.000000000e+00
    endloop
  endfacet
  facet normal 4.022278786e-01 7.011379004e-01 -5.887429714e-01
    outer loop
      vertex 1.924182129e+01 -1.110927200e+01 2.177441597e+00
      vertex 2.077392006e+01 -1.381659603e+01 0.000000000e+00
      vertex 2.808539963e+01 -1.801103783e+01 0.000000000e+00
    endloop
  endfacet
  facet normal -4.109286666e-01 -7.117492557e-01 -5.696934462e-01
    outer loop
      vertex 1.268565559e+01 -5.581253529e+00 4.775319394e-05
      vertex 9.620802879e+00 -5.554573059e+00 2.177441835e+00
      vertex 1.924182129e+01 -1.110927200e+01 2.177441597e+00
    endloop
  endfacet
  facet normal 4.049325883e-01 7.063323259e-01 -5.806240439e-01
    outer loop
      vertex 1.191659164e+01 -8.699714661e+00 0.000000000e+00
      vertex 1.768672371e+01 -1.200735855e+01 3.754781210e-04
      vertex 1.924182129e+01 -1.110927200e+01 2.177441597e+00
    endloop
  endfacet
  facet normal 4.068852365e-01 7.047032118e-01 -5.812380314e-01
    outer loop
      vertex -4.529425368e-08 -7.845194716e-08 2.177441597e+00
      vertex 1.555315495e+00 -2.693881989e+00 1.034550805e-04
      vertex 8.065704346e+00 -6.452660084e+00 3.754781210e-04
    endloop
  endfacet
  facet normal -4.068709612e-01 -7.046920061e-01 -5.812616944e-01
    outer loop
      vertex 1.555315495e+00 -2.132083130e+01 3.924226621e-04
      vertex -5.504301726e-08 -2.221856117e+01 2.177441597e+00
      vertex 9.621018410e+00 -2.777348900e+01 2.177441597e+00
    endloop
  endfacet
  facet normal 4.068900049e-01 -7.047247887e-01 -5.812087059e-01
    outer loop
      vertex -8.065703392e+00 -2.507968330e+01 0.000000000e+00
      vertex -9.621019363e+00 -2.777349091e+01 2.177440882e+00
      vertex -5.504301726e-08 -2.221856117e+01 2.177441597e+00
    endloop
  endfacet
  facet normal 4.068777859e-01 7.047033906e-01 -5.812431574e-01
    outer loop
      vertex 8.065706253e+00 -1.756205750e+01 3.299135415e-06
      vertex 9.621020317e+00 -1.666409492e+01 2.177441597e+00
      vertex -5.504301726e-08 -1.110916424e+01 2.177441597e+00
    endloop
  endfacet
  facet normal -4.068772495e-01 -7.046862245e-01 -5.812643766e-01
    outer loop
      vertex 8.065704346e+00 -1.397021198e+01 9.905502520e-05
      vertex 1.555315495e+00 -1.021143436e+01 3.924226621e-04
      vertex -5.504301726e-08 -1.110916424e+01 2.177441597e+00
    endloop
  endfacet
  facet normal 4.070338607e-01 -7.045627236e-01 -5.813044906e-01
    outer loop
      vertex -1.106092930e+01 -1.583380604e+01 1.628344357e-01
      vertex -1.117454243e+01 -1.576514053e+01 5.272573253e-05
      vertex -1.140856457e+01 -1.590029335e+01 0.000000000e+00
    endloop
  endfacet
  facet normal 4.070567489e-01 -7.045354843e-01 -5.813214183e-01
    outer loop
      vertex -5.504301726e-08 -1.110916424e+01 2.177441597e+00
      vertex -1.555315495e+00 -1.021143436e+01 3.586934181e-04
      vertex -2.872323751e+00 -1.097206116e+01 0.000000000e+00
    endloop
  endfacet
  facet normal -8.137334585e-01 -2.234140993e-05 -5.812380910e-01
    outer loop
      vertex 1.555315495e+00 -1.021143436e+01 3.924226621e-04
      vertex 1.555315495e+00 -2.693881989e+00 1.034550805e-04
      vertex -4.529425368e-08 -7.845194716e-08 2.177441597e+00
    endloop
  endfacet
  facet normal 8.136881590e-01 0.000000000e+00 -5.813016891e-01
    outer loop
      vertex -1.555315495e+00 -1.021143436e+01 3.586934181e-04
      vertex -5.504301726e-08 -1.110916424e+01 2.177441597e+00
      vertex -4.529425368e-08 -7.845194716e-08 2.177441597e+00
    endloop
  endfacet
  facet normal 4.068792462e-01 7.047063708e-01 -5.812385678e-01
    outer loop
      vertex 8.843362808e+00 -2.912043381e+01 0.000000000e+00
      vertex 9.621018410e+00 -2.777348900e+01 2.177441597e+00
      vertex -5.504301726e-08 -2.221856117e+01 2.177441597e+00
    endloop
  endfacet
  facet normal 8.137335181e-01 0.000000000e+00 -5.812382102e-01
    outer loop
      vertex 0.000000000e+00 -3.332818985e+01 2.177441597e+00
      vertex -1.555315495e+00 -3.332818985e+01 0.000000000e+00
      vertex -1.555315495e+00 -4.443758774e+01 0.000000000e+00
    endloop
  endfacet
  facet normal -8.203220367e-01 -2.753531793e-03 -5.718952417e-01
    outer loop
      vertex 1.555219054e+00 -3.329945755e+01 0.000000000e+00
      vertex 1.526993275e+00 -2.489632797e+01 2.783800846e-05
      vertex -5.504301726e-08 -2.221856117e+01 2.177441597e+00
    endloop
  endfacet
  facet normal 8.104115129e-01 1.370787621e-03 -5.858592987e-01
    outer loop
      vertex -5.504301726e-08 -2.221856117e+01 2.177441597e+00
      vertex -1.569564104e+00 -2.490435600e+01 0.000000000e+00
      vertex -1.555315495e+00 -3.332818985e+01 0.000000000e+00
    endloop
  endfacet
  facet normal -8.187361956e-01 0.000000000e+00 -5.741697550e-01
    outer loop
      vertex 1.526993513e+00 -1.378693008e+01 2.783787750e-05
      vertex -5.504301726e-08 -1.110916424e+01 2.177441597e+00
      vertex -5.504301726e-08 -2.221856117e+01 2.177441597e+00
    endloop
  endfacet
  facet normal 8.139821887e-01 1.513411640e-03 -5.808878541e-01
    outer loop
      vertex -1.568546057e+00 -1.434255981e+01 0.000000000e+00
      vertex -1.555315495e+00 -2.132083130e+01 3.586934181e-04
      vertex -5.504301726e-08 -2.221856117e+01 2.177441597e+00
    endloop
  endfacet
  facet normal 4.068666101e-01 7.047136426e-01 -5.812386274e-01
    outer loop
      vertex 1.924203873e+01 -2.221879387e+01 2.177441120e+00
      vertex 9.621020317e+00 -1.666409492e+01 2.177441597e+00
      vertex 1.117633343e+01 -1.935798073e+01 2.883973593e-07
    endloop
  endfacet
  facet normal -4.069335759e-01 -7.048296332e-01 -5.810509324e-01
    outer loop
      vertex -2.575356102e+01 5.554479599e+00 0.000000000e+00
      vertex -2.886305809e+01 5.554698467e+00 2.177441597e+00
      vertex -1.924203873e+01 -5.887673993e-08 2.177441597e+00
    endloop
  endfacet
  facet normal -4.069602787e-01 7.048605084e-01 -5.809948444e-01
    outer loop
      vertex -2.575354195e+01 -5.555341244e+00 0.000000000e+00
      vertex -1.924207497e+01 -1.795860767e+00 0.000000000e+00
      vertex -1.924294281e+01 -1.662142396e+00 1.628340483e-01
    endloop
  endfacet
  facet normal 4.073710442e-01 -7.085971236e-01 -5.761414766e-01
    outer loop
      vertex -9.616399765e+00 5.557365417e+00 2.177430630e+00
      vertex -1.273159409e+01 5.536718369e+00 1.713763631e-04
      vertex -1.924038315e+01 1.794952989e+00 1.832517592e-05
    endloop
  endfacet
  facet normal -8.137333393e-01 2.566464730e-07 -5.812384486e-01
    outer loop
      vertex -9.621018410e+00 2.777348900e+01 2.177441597e+00
      vertex -9.621020317e+00 1.666409492e+01 2.177441597e+00
      vertex -8.065704346e+00 1.756025696e+01 0.000000000e+00
    endloop
  endfacet
  facet normal 8.137333989e-01 0.000000000e+00 -5.812382102e-01
    outer loop
      vertex -9.621018410e+00 2.777348900e+01 2.177441597e+00
      vertex -1.117633343e+01 2.777349091e+01 0.000000000e+00
      vertex -1.117633438e+01 1.935798073e+01 0.000000000e+00
    endloop
  endfacet
  facet normal 4.065399170e-01 7.042409778e-01 -5.820394754e-01
    outer loop
      vertex -9.616399765e+00 5.557365417e+00 2.177430630e+00
      vertex -9.621015549e+00 3.760432482e+00 0.000000000e+00
      vertex -3.107649326e+00 4.357206053e-04 0.000000000e+00
    endloop
  endfacet
  facet normal 4.068662822e-01 -7.047141194e-01 -5.812382102e-01
    outer loop
      vertex -2.964071465e+01 6.901640415e+00 0.000000000e+00
      vertex -2.886305809e+01 5.554698467e+00 2.177441597e+00
      vertex -1.923741913e+01 1.111206341e+01 2.177430630e+00
    endloop
  endfacet
  facet normal -4.071028829e-01 7.048943043e-01 -5.808538795e-01
    outer loop
      vertex -1.613290024e+01 -4.248430778e-04 0.000000000e+00
      vertex -9.621015549e+00 3.760432482e+00 0.000000000e+00
      vertex -9.616399765e+00 5.557365417e+00 2.177430630e+00
    endloop
  endfacet
  facet normal -4.068665504e-01 -7.047138810e-01 -5.812382102e-01
    outer loop
      vertex -2.886305809e+01 1.666409492e+01 2.177441597e+00
      vertex -2.808539963e+01 1.801103783e+01 0.000000000e+00
      vertex -3.770642090e+01 2.356573677e+01 0.000000000e+00
    endloop
  endfacet
  facet normal -4.134909511e-01 -7.101532221e-01 -5.698313117e-01
    outer loop
      vertex -1.923741913e+01 1.111206341e+01 2.177430630e+00
      vertex -2.079723549e+01 1.376745987e+01 0.000000000e+00
      vertex -2.808539963e+01 1.801103783e+01 0.000000000e+00
    endloop
  endfacet
  facet normal 4.059346914e-01 7.000892758e-01 -5.874453187e-01
    outer loop
      vertex -2.963263130e+01 1.531246376e+01 0.000000000e+00
      vertex -2.235261345e+01 1.109141636e+01 1.713753591e-04
      vertex -1.923741913e+01 1.111206341e+01 2.177430630e+00
    endloop
  endfacet
  facet normal 4.061258733e-01 6.997506618e-01 -5.877164602e-01
    outer loop
      vertex -1.324359512e+01 5.833733559e+00 0.000000000e+00
      vertex -1.273159409e+01 5.536718369e+00 1.713763631e-04
      vertex -9.616399765e+00 5.557365417e+00 2.177430630e+00
    endloop
  endfacet
  facet normal 8.197007775e-01 -1.599776675e-03 -5.727895498e-01
    outer loop
      vertex -9.633159637e+00 -5.561707497e+00 2.177375317e+00
      vertex -1.115958214e+01 -8.258147240e+00 4.930282594e-04
      vertex -1.117454243e+01 -1.576514053e+01 5.272573253e-05
    endloop
  endfacet
  facet normal 4.068671167e-01 -7.047145367e-01 -5.812371373e-01
    outer loop
      vertex -2.886305809e+01 -1.666409492e+01 2.177441597e+00
      vertex -2.964071465e+01 -1.531715202e+01 0.000000000e+00
      vertex -3.926173401e+01 -2.087184906e+01 0.000000000e+00
    endloop
  endfacet
  facet normal -4.043092132e-01 7.020979524e-01 -5.861676931e-01
    outer loop
      vertex -1.115958214e+01 -8.258147240e+00 4.930282594e-04
      vertex -9.633159637e+00 -5.561707497e+00 2.177375317e+00
      vertex -1.924203873e+01 -1.109507465e+01 2.177360773e+00
    endloop
  endfacet
  facet normal 8.137329817e-01 2.133886667e-08 -5.812387466e-01
    outer loop
      vertex 9.621020317e+00 2.777349091e+01 2.177441597e+00
      vertex 8.065787315e+00 2.507965469e+01 1.179399333e-04
      vertex 8.065706253e+00 1.756205750e+01 3.039610874e-06
    endloop
  endfacet
  facet normal 8.167021275e-01 3.349708277e-04 -5.770595074e-01
    outer loop
      vertex 1.769091225e+01 1.200494003e+01 0.000000000e+00
      vertex 1.922974968e+01 1.111649132e+01 2.177373886e+00
      vertex 1.798817444e+01 2.004979897e+01 4.253811538e-01
    endloop
  endfacet
  facet normal 8.167020679e-01 3.351464402e-04 -5.770594478e-01
    outer loop
      vertex 8.069892883e+00 6.450241089e+00 0.000000000e+00
      vertex 9.608730316e+00 5.561793327e+00 2.177373886e+00
      vertex 8.367161751e+00 1.449505901e+01 4.253892601e-01
    endloop
  endfacet
  facet normal -8.159294128e-01 3.272558388e-05 -5.781514645e-01
    outer loop
      vertex 9.633044243e+00 5.561640739e+00 2.177376747e+00
      vertex 1.117599678e+01 8.209314346e+00 0.000000000e+00
      vertex 1.117629910e+01 1.576611137e+01 0.000000000e+00
    endloop
  endfacet
  facet normal 4.085233212e-01 7.069820762e-01 -5.773085356e-01
    outer loop
      vertex 9.621019363e+00 5.541111946e+00 2.177366018e+00
      vertex 9.621019363e+00 3.763115168e+00 0.000000000e+00
      vertex 1.613248062e+01 5.249470705e-04 0.000000000e+00
    endloop
  endfacet
  facet normal -4.084609747e-01 -7.107087374e-01 -5.727589726e-01
    outer loop
      vertex 9.633044243e+00 5.561640739e+00 2.177376747e+00
      vertex 1.924293327e+01 1.662137389e+00 1.628341377e-01
      vertex 1.924026489e+01 1.794856310e+00 5.240018436e-05
    endloop
  endfacet
  facet normal -4.088648856e-01 7.075731158e-01 -5.763416290e-01
    outer loop
      vertex 3.109558582e+00 6.190854474e-04 1.147185467e-04
      vertex 3.109557629e+00 5.249367678e-04 0.000000000e+00
      vertex 9.621019363e+00 3.763115168e+00 0.000000000e+00
    endloop
  endfacet
  facet normal 4.080794752e-01 -7.074843049e-01 -5.770070553e-01
    outer loop
      vertex 8.069892883e+00 6.450241089e+00 0.000000000e+00
      vertex 1.555231333e+00 2.692561150e+00 0.000000000e+00
      vertex 1.555315495e+00 2.692513466e+00 1.178841339e-04
    endloop
  endfacet
  facet normal -4.068671167e-01 7.047145367e-01 -5.812371373e-01
    outer loop
      vertex 2.886305809e+01 1.666409492e+01 2.177441597e+00
      vertex 2.964071465e+01 1.531715202e+01 0.000000000e+00
      vertex 3.926173401e+01 2.087184906e+01 0.000000000e+00
    endloop
  endfacet
  facet normal -4.062920213e-01 7.004128695e-01 -5.868122578e-01
    outer loop
      vertex 1.925406456e+01 1.111633968e+01 2.177376747e+00
      vertex 2.235257530e+01 1.108989525e+01 4.915631143e-04
      vertex 2.964071465e+01 1.531715202e+01 0.000000000e+00
    endloop
  endfacet
  facet normal 4.069195986e-01 7.047259212e-01 -5.811864138e-01
    outer loop
      vertex -9.621018410e+00 2.777348900e+01 2.177441597e+00
      vertex -8.065703392e+00 2.507969284e+01 0.000000000e+00
      vertex -1.555315495e+00 2.132083130e+01 4.068095586e-04
    endloop
  endfacet
  facet normal -4.068790078e-01 7.047020793e-01 -5.812438130e-01
    outer loop
      vertex 8.065787315e+00 2.507965469e+01 1.179399333e-04
      vertex 9.621020317e+00 2.777349091e+01 2.177441597e+00
      vertex -8.111602767e-08 2.221853065e+01 2.177441835e+00
    endloop
  endfacet
  facet normal 4.068652689e-01 -7.047155499e-01 -5.812371373e-01
    outer loop
      vertex 9.621020317e+00 2.777349091e+01 2.177441597e+00
      vertex 8.843362808e+00 2.912043381e+01 0.000000000e+00
      vertex 1.526509643e+00 2.489604759e+01 3.020013173e-05
    endloop
  endfacet
  facet normal -4.068665504e-01 -7.047135830e-01 -5.812386870e-01
    outer loop
      vertex -1.924203873e+01 2.221879196e+01 2.177441597e+00
      vertex -9.621020317e+00 1.666409492e+01 2.177441597e+00
      vertex -1.117633438e+01 1.935798073e+01 0.000000000e+00
    endloop
  endfacet
  facet normal 4.069612622e-01 7.046167254e-01 -5.812898278e-01
    outer loop
      vertex -4.224546909e+00 1.175275040e+01 0.000000000e+00
      vertex -1.555315495e+00 1.021143436e+01 4.068095586e-04
      vertex -8.111602767e-08 1.110913277e+01 2.177441835e+00
    endloop
  endfacet
  facet normal -4.068667591e-01 7.047138810e-01 -5.812380910e-01
    outer loop
      vertex 1.117629910e+01 1.576611137e+01 0.000000000e+00
      vertex 1.768782806e+01 1.952554321e+01 7.211023245e-08
      vertex 1.798817444e+01 2.004979897e+01 4.253811538e-01
    endloop
  endfacet
  facet normal 4.068666101e-01 -7.047136426e-01 -5.812385082e-01
    outer loop
      vertex 1.846438217e+01 2.356573677e+01 0.000000000e+00
      vertex 1.117633438e+01 1.935798073e+01 0.000000000e+00
      vertex 9.621019363e+00 1.666409492e+01 2.177441597e+00
    endloop
  endfacet
  facet normal -4.068782926e-01 7.046831846e-01 -5.812672377e-01
    outer loop
      vertex 1.555315375e+00 1.021143436e+01 4.468131228e-04
      vertex 8.066891670e+00 1.397089386e+01 1.178140810e-04
      vertex 8.367161751e+00 1.449505901e+01 4.253892601e-01
    endloop
  endfacet
  facet normal 4.068650603e-01 -7.047152519e-01 -5.812376142e-01
    outer loop
      vertex 9.621019363e+00 1.666409492e+01 2.177441597e+00
      vertex 8.065706253e+00 1.756205750e+01 3.039610874e-06
      vertex 1.526509643e+00 1.378665066e+01 3.019994256e-05
    endloop
  endfacet
  facet normal 8.137198687e-01 2.406196131e-08 -5.812571645e-01
    outer loop
      vertex -1.555315495e+00 2.693314075e+00 1.072979285e-04
      vertex -4.529425368e-08 -7.845194716e-08 2.177441597e+00
      vertex -8.111602767e-08 1.110913277e+01 2.177441835e+00
    endloop
  endfacet
  facet normal -8.136720061e-01 2.542211587e-05 -5.813241601e-01
    outer loop
      vertex 1.555315495e+00 2.692513466e+00 1.178841339e-04
      vertex 1.555315375e+00 1.021143436e+01 4.468131228e-04
      vertex -8.111602767e-08 1.110913277e+01 2.177441835e+00
    endloop
  endfacet
  facet normal -4.097765386e-01 -7.069195509e-01 -5.764963031e-01
    outer loop
      vertex -8.111602767e-08 2.221853065e+01 2.177441835e+00
      vertex -1.569806576e+00 2.490420723e+01 0.000000000e+00
      vertex -8.821939468e+00 2.910801506e+01 0.000000000e+00
    endloop
  endfacet
  facet normal -8.204337955e-01 2.800739137e-03 -5.717347264e-01
    outer loop
      vertex -8.111602767e-08 2.221853065e+01 2.177441835e+00
      vertex 1.526509643e+00 2.489604759e+01 3.020013173e-05
      vertex 1.555315495e+00 3.332818985e+01 9.517899713e-08
    endloop
  endfacet
  facet normal -8.206450343e-01 3.169213422e-03 -5.714294314e-01
    outer loop
      vertex -8.111602767e-08 1.110913277e+01 2.177441835e+00
      vertex 1.526509643e+00 1.378665066e+01 3.019994256e-05
      vertex 1.555315375e+00 2.132083130e+01 4.468131228e-04
    endloop
  endfacet
  facet normal 8.137331605e-01 8.859888767e-04 -5.812379718e-01
    outer loop
      vertex -1.925417709e+01 -1.111640549e+01 2.177375317e+00
      vertex -2.079735374e+01 -2.221879387e+01 0.000000000e+00
      vertex -1.924203873e+01 -2.221879387e+01 2.177441597e+00
    endloop
  endfacet
  facet normal -3.004005412e-04 -6.284537903e-06 -9.999999404e-01
    outer loop
      vertex -1.925417709e+01 -1.111640549e+01 2.177375317e+00
      vertex -1.924203873e+01 -2.221879387e+01 2.177441597e+00
      vertex -1.923015785e+01 -1.111625576e+01 2.177368402e+00
    endloop
  endfacet
  facet normal -8.137329817e-01 8.671120158e-04 -5.812381506e-01
    outer loop
      vertex -1.798824501e+01 -2.004982758e+01 4.253657162e-01
      vertex -1.923015785e+01 -1.111625576e+01 2.177368402e+00
      vertex -1.924203873e+01 -2.221879387e+01 2.177441597e+00
    endloop
  endfacet
  facet normal -2.966101456e-04 -4.801914620e-04 -9.999999404e-01
    outer loop
      vertex -1.925417709e+01 -1.111640549e+01 2.177375317e+00
      vertex -1.923015785e+01 -1.111625576e+01 2.177368402e+00
      vertex -2.886305809e+01 -5.554698467e+00 2.177441597e+00
    endloop
  endfacet
  facet normal -4.060828090e-01 -7.051658034e-01 -5.812383294e-01
    outer loop
      vertex -2.886305809e+01 -5.554698467e+00 2.177441597e+00
      vertex -1.924203873e+01 -1.109507465e+01 2.177360773e+00
      vertex -2.635770416e+01 -5.553305626e+00 4.253831208e-01
    endloop
  endfacet
  facet normal -3.318216186e-04 -5.390362930e-04 -9.999997616e-01
    outer loop
      vertex -1.924203873e+01 -1.109507465e+01 2.177360773e+00
      vertex -2.886305809e+01 -5.554698467e+00 2.177441597e+00
      vertex -1.923015785e+01 -1.111625576e+01 2.177368402e+00
    endloop
  endfacet
  facet normal 8.137331605e-01 8.862683899e-04 -5.812380910e-01
    outer loop
      vertex -9.621019363e+00 -1.666409492e+01 2.177441597e+00
      vertex -9.633159637e+00 -5.561707497e+00 2.177375317e+00
      vertex -1.106092930e+01 -1.583380604e+01 1.628344357e-01
    endloop
  endfacet
  facet normal -2.992854279e-04 -6.284311894e-06 -9.999998808e-01
    outer loop
      vertex -9.621019363e+00 -1.666409492e+01 2.177441597e+00
      vertex -9.609138489e+00 -5.561557770e+00 2.177368402e+00
      vertex -9.633159637e+00 -5.561707497e+00 2.177375317e+00
    endloop
  endfacet
  facet normal -8.137332201e-01 8.669859380e-04 -5.812378526e-01
    outer loop
      vertex -9.621019363e+00 -1.666409492e+01 2.177441597e+00
      vertex -8.367231369e+00 -1.449509239e+01 4.253728688e-01
      vertex -9.609138489e+00 -5.561557770e+00 2.177368402e+00
    endloop
  endfacet
  facet normal 4.076342583e-01 7.042704225e-01 -5.812379718e-01
    outer loop
      vertex -1.924203873e+01 -5.887673993e-08 2.177441597e+00
      vertex -1.924294281e+01 -1.662142396e+00 1.628340483e-01
      vertex -9.633159637e+00 -5.561707497e+00 2.177375317e+00
    endloop
  endfacet
  facet normal -4.060828388e-01 -7.051660419e-01 -5.812379122e-01
    outer loop
      vertex -9.621019363e+00 -5.540375710e+00 2.177360773e+00
      vertex -1.673691177e+01 1.568462583e-03 4.253274202e-01
      vertex -1.924203873e+01 -5.887673993e-08 2.177441597e+00
    endloop
  endfacet
  facet normal 4.060828686e-01 -7.051659822e-01 -5.812379718e-01
    outer loop
      vertex -4.529425368e-08 -7.845194716e-08 2.177441597e+00
      vertex -2.504683495e+00 1.913900487e-03 4.252181947e-01
      vertex -9.621019363e+00 -5.540375710e+00 2.177360773e+00
    endloop
  endfacet
  facet normal 1.697816915e-04 -2.686839143e-04 -1.000000000e+00
    outer loop
      vertex -9.609138489e+00 -5.561557770e+00 2.177368402e+00
      vertex -4.529425368e-08 -7.845194716e-08 2.177441597e+00
      vertex -9.621019363e+00 -5.540375710e+00 2.177360773e+00
    endloop
  endfacet
  facet normal -4.076174200e-01 7.042802572e-01 -5.812377930e-01
    outer loop
      vertex -9.609138489e+00 -5.561557770e+00 2.177368402e+00
      vertex -1.251530290e+00 -2.170319557e+00 4.253755212e-01
      vertex -4.529425368e-08 -7.845194716e-08 2.177441597e+00
    endloop
  endfacet
  facet normal 8.197005987e-01 -1.599562238e-03 -5.727899075e-01
    outer loop
      vertex -2.079735374e+01 -2.221879387e+01 0.000000000e+00
      vertex -1.925417709e+01 -1.111640549e+01 2.177375317e+00
      vertex -2.078060150e+01 -1.381284618e+01 4.930232535e-04
    endloop
  endfacet
  facet normal -2.987720072e-04 -4.802008043e-04 -9.999997616e-01
    outer loop
      vertex -1.924203873e+01 -5.887673993e-08 2.177441597e+00
      vertex -9.633159637e+00 -5.561707497e+00 2.177375317e+00
      vertex -9.609138489e+00 -5.561557770e+00 2.177368402e+00
    endloop
  endfacet
  facet normal -3.256284981e-04 -5.389782600e-04 -9.999997616e-01
    outer loop
      vertex -1.924203873e+01 -5.887673993e-08 2.177441597e+00
      vertex -9.609138489e+00 -5.561557770e+00 2.177368402e+00
      vertex -9.621019363e+00 -5.540375710e+00 2.177360773e+00
    endloop
  endfacet
  facet normal -4.053629041e-01 7.021021247e-01 -5.854343772e-01
    outer loop
      vertex -2.886305809e+01 -1.666409492e+01 2.177441597e+00
      vertex -2.078060150e+01 -1.381284618e+01 4.930232535e-04
      vertex -1.925417709e+01 -1.111640549e+01 2.177375317e+00
    endloop
  endfacet
  facet normal -6.456328556e-04 6.752666650e-06 -9.999997616e-01
    outer loop
      vertex 1.924203873e+01 2.221879387e+01 2.177441120e+00
      vertex 1.922974968e+01 1.111649132e+01 2.177373886e+00
      vertex 1.924203873e+01 1.109581089e+01 2.177366018e+00
    endloop
  endfacet
  facet normal 8.137328029e-01 -8.971579955e-04 -5.812385082e-01
    outer loop
      vertex 1.798817444e+01 2.004979897e+01 4.253811538e-01
      vertex 1.922974968e+01 1.111649132e+01 2.177373886e+00
      vertex 1.924203873e+01 2.221879387e+01 2.177441120e+00
    endloop
  endfacet
  facet normal -8.137332797e-01 -8.780228090e-04 -5.812379122e-01
    outer loop
      vertex 1.924203873e+01 2.221879387e+01 2.177441120e+00
      vertex 1.925406456e+01 1.111633968e+01 2.177376747e+00
      vertex 2.079735374e+01 2.221879387e+01 0.000000000e+00
    endloop
  endfacet
  facet normal 9.139777394e-04 6.750770353e-06 -9.999995828e-01
    outer loop
      vertex 1.924203873e+01 2.221879387e+01 2.177441120e+00
      vertex 1.924203873e+01 1.109581089e+01 2.177366018e+00
      vertex 1.925406456e+01 1.111633968e+01 2.177376747e+00
    endloop
  endfacet
  facet normal 4.061233997e-01 7.051426172e-01 -5.812380314e-01
    outer loop
      vertex 2.886305809e+01 5.554698467e+00 2.177441597e+00
      vertex 1.924203873e+01 1.109581089e+01 2.177366018e+00
      vertex 2.635779762e+01 5.553377151e+00 4.253612757e-01
    endloop
  endfacet
  facet normal 2.238460875e-04 3.873383685e-04 -9.999998808e-01
    outer loop
      vertex 1.925406456e+01 1.111633968e+01 2.177376747e+00
      vertex 1.924203873e+01 1.109581089e+01 2.177366018e+00
      vertex 2.886305809e+01 5.554698467e+00 2.177441597e+00
    endloop
  endfacet
  facet normal -6.202327204e-04 6.794291949e-06 -9.999997616e-01
    outer loop
      vertex 9.621019363e+00 1.666409492e+01 2.177441597e+00
      vertex 9.608730316e+00 5.561793327e+00 2.177373886e+00
      vertex 9.621019363e+00 5.541111946e+00 2.177366018e+00
    endloop
  endfacet
  facet normal 8.137331605e-01 -8.972525829e-04 -5.812379718e-01
    outer loop
      vertex 9.621019363e+00 1.666409492e+01 2.177441597e+00
      vertex 8.367161751e+00 1.449505901e+01 4.253892601e-01
      vertex 9.608730316e+00 5.561793327e+00 2.177373886e+00
    endloop
  endfacet
  facet normal -8.137332797e-01 -8.779806085e-04 -5.812377334e-01
    outer loop
      vertex 1.106091976e+01 1.583380127e+01 1.628344804e-01
      vertex 9.621019363e+00 1.666409492e+01 2.177441597e+00
      vertex 9.633044243e+00 5.561640739e+00 2.177376747e+00
    endloop
  endfacet
  facet normal 8.556167013e-04 6.794173260e-06 -9.999997020e-01
    outer loop
      vertex 9.633044243e+00 5.561640739e+00 2.177376747e+00
      vertex 9.621019363e+00 1.666409492e+01 2.177441597e+00
      vertex 9.621019363e+00 5.541111946e+00 2.177366018e+00
    endloop
  endfacet
  facet normal 4.061233997e-01 7.051427960e-01 -5.812377930e-01
    outer loop
      vertex 9.621019363e+00 5.541111946e+00 2.177366018e+00
      vertex 1.673673058e+01 -1.282899058e-03 4.253731668e-01
      vertex 1.924203873e+01 5.887673993e-08 2.177441597e+00
    endloop
  endfacet
  facet normal -4.076269567e-01 -7.042747736e-01 -5.812377930e-01
    outer loop
      vertex 1.924203873e+01 5.887673993e-08 2.177441597e+00
      vertex 1.924293327e+01 1.662137389e+00 1.628341377e-01
      vertex 9.633044243e+00 5.561640739e+00 2.177376747e+00
    endloop
  endfacet
  facet normal -4.061232805e-01 7.051427364e-01 -5.812380910e-01
    outer loop
      vertex -4.529425368e-08 -7.845194716e-08 2.177441597e+00
      vertex 2.505260229e+00 -1.320978277e-03 4.253611565e-01
      vertex 9.621019363e+00 5.541111946e+00 2.177366018e+00
    endloop
  endfacet
  facet normal 4.076436162e-01 -7.042650580e-01 -5.812378526e-01
    outer loop
      vertex 9.608730316e+00 5.561793327e+00 2.177373886e+00
      vertex 1.251531005e+00 2.170397997e+00 4.253933728e-01
      vertex -4.529425368e-08 -7.845194716e-08 2.177441597e+00
    endloop
  endfacet
  facet normal 2.231452527e-04 3.873461683e-04 -9.999998808e-01
    outer loop
      vertex 1.924203873e+01 5.887673993e-08 2.177441597e+00
      vertex 9.633044243e+00 5.561640739e+00 2.177376747e+00
      vertex 9.621019363e+00 5.541111946e+00 2.177366018e+00
    endloop
  endfacet
  facet normal -4.048482478e-01 7.029379606e-01 -5.847873092e-01
    outer loop
      vertex 1.924203873e+01 1.109581089e+01 2.177366018e+00
      vertex 9.633044243e+00 5.561640739e+00 2.177376747e+00
      vertex 1.273155689e+01 5.535197258e+00 4.915621248e-04
    endloop
  endfacet
  facet normal -1.644736913e-04 2.829516889e-04 -1.000000000e+00
    outer loop
      vertex 1.924203873e+01 1.109581089e+01 2.177366018e+00
      vertex 1.922974968e+01 1.111649132e+01 2.177373886e+00
      vertex 9.633044243e+00 5.561640739e+00 2.177376747e+00
    endloop
  endfacet
  facet normal -1.642598800e-04 2.799543145e-04 -9.999998808e-01
    outer loop
      vertex 9.621019363e+00 5.541111946e+00 2.177366018e+00
      vertex 9.608730316e+00 5.561793327e+00 2.177373886e+00
      vertex -4.529425368e-08 -7.845194716e-08 2.177441597e+00
    endloop
  endfacet
endsolid
