solid Exported from Houdini 22.0.429
  facet normal -2.177939415e-01 -1.224771217e-01 -9.682794809e-01
    outer loop
      vertex -1.924203873e+01 -1.109507465e+01 2.177360773e+00
      vertex -1.923015785e+01 -1.111625576e+01 2.177368402e+00
      vertex -1.115958214e+01 -8.258147240e+00 4.930282594e-04
    endloop
  endfacet
  facet normal -2.177778035e-01 -1.225660592e-01 -9.682718515e-01
    outer loop
      vertex -2.886305809e+01 -1.664977264e+01 2.177360773e+00
      vertex -2.885117531e+01 -1.667095566e+01 2.177368402e+00
      vertex -2.078060150e+01 -1.381284618e+01 4.930232535e-04
    endloop
  endfacet
  facet normal -4.068637192e-01 7.047148347e-01 -5.812390447e-01
    outer loop
      vertex 3.926173401e+01 2.087184906e+01 0.000000000e+00
      vertex 3.848407745e+01 2.221879387e+01 2.177441597e+00
      vertex 2.887508202e+01 1.667103767e+01 2.177376509e+00
    endloop
  endfacet
  facet normal 4.080610573e-01 -7.074523568e-01 -5.770593286e-01
    outer loop
      vertex 9.608730316e+00 5.561793327e+00 2.177373886e+00
      vertex 8.069892883e+00 6.450241089e+00 0.000000000e+00
      vertex 1.555315495e+00 2.692513466e+00 1.178841339e-04
    endloop
  endfacet
  facet normal 4.080609977e-01 -7.074520588e-01 -5.770596862e-01
    outer loop
      vertex 9.608730316e+00 5.561793327e+00 2.177373886e+00
      vertex 1.555315495e+00 2.692513466e+00 1.178841339e-04
      vertex 1.251531005e+00 2.170397997e+00 4.253933728e-01
    endloop
  endfacet
  facet normal -4.085233212e-01 7.069820762e-01 -5.773083568e-01
    outer loop
      vertex 3.109558582e+00 6.190854474e-04 1.147185467e-04
      vertex 9.621019363e+00 3.763115168e+00 0.000000000e+00
      vertex 9.621019363e+00 5.541111946e+00 2.177366018e+00
    endloop
  endfacet
  facet normal -4.085231721e-01 7.069819570e-01 -5.773087740e-01
    outer loop
      vertex 3.109558582e+00 6.190854474e-04 1.147185467e-04
      vertex 9.621019363e+00 5.541111946e+00 2.177366018e+00
      vertex 2.505260229e+00 -1.320978277e-03 4.253611565e-01
    endloop
  endfacet
  facet normal 4.074928761e-01 7.078552842e-01 -5.769665837e-01
    outer loop
      vertex 9.621019363e+00 5.541111946e+00 2.177366018e+00
      vertex 1.613248062e+01 5.249470705e-04 0.000000000e+00
      vertex 1.613248062e+01 6.190854474e-04 1.147185467e-04
    endloop
  endfacet
  facet normal 4.085229337e-01 7.069815993e-01 -5.773092508e-01
    outer loop
      vertex 9.621019363e+00 5.541111946e+00 2.177366018e+00
      vertex 1.613248062e+01 6.190854474e-04 1.147185467e-04
      vertex 1.673673058e+01 -1.282899058e-03 4.253731668e-01
    endloop
  endfacet
  facet normal 8.147116899e-01 3.340967232e-04 -5.798661113e-01
    outer loop
      vertex 8.066891670e+00 1.397089386e+01 1.178841630e-04
      vertex 8.066807747e+00 1.397094345e+01 0.000000000e+00
      vertex 8.069892883e+00 6.450241089e+00 0.000000000e+00
    endloop
  endfacet
  facet normal 8.167021871e-01 3.349739709e-04 -5.770592093e-01
    outer loop
      vertex 8.066891670e+00 1.397089386e+01 1.178841630e-04
      vertex 8.069892883e+00 6.450241089e+00 0.000000000e+00
      vertex 8.367161751e+00 1.449505901e+01 4.253892601e-01
    endloop
  endfacet
  facet normal -8.136770725e-01 0.000000000e+00 -5.813170075e-01
    outer loop
      vertex 1.555315375e+00 2.132083130e+01 4.468131228e-04
      vertex -8.111602767e-08 2.221853065e+01 2.177441835e+00
      vertex -8.111602767e-08 1.110913277e+01 2.177441835e+00
    endloop
  endfacet
  facet normal -8.136769533e-01 0.000000000e+00 -5.813174248e-01
    outer loop
      vertex 1.555315495e+00 3.243022919e+01 4.468131228e-04
      vertex -8.111602767e-08 3.332792664e+01 2.177441835e+00
      vertex -8.111602767e-08 2.221853065e+01 2.177441835e+00
    endloop
  endfacet
  facet normal -4.080888033e-01 -7.040075064e-01 -5.812375546e-01
    outer loop
      vertex -1.569806933e+00 1.379481030e+01 0.000000000e+00
      vertex -8.821939468e+00 1.799862099e+01 0.000000000e+00
      vertex -9.621019363e+00 1.666409492e+01 2.177441597e+00
    endloop
  endfacet
  facet normal -4.081548750e-01 -7.069114447e-01 -5.776554346e-01
    outer loop
      vertex -8.111602767e-08 1.110913277e+01 2.177441835e+00
      vertex -1.569806933e+00 1.379481030e+01 0.000000000e+00
      vertex -9.621019363e+00 1.666409492e+01 2.177441597e+00
    endloop
  endfacet
  facet normal 4.068652689e-01 -7.047155499e-01 -5.812371373e-01
    outer loop
      vertex 9.621020317e+00 2.777349091e+01 2.177441597e+00
      vertex 8.843362808e+00 2.912043381e+01 0.000000000e+00
      vertex 1.526509643e+00 2.489604759e+01 3.020013173e-05
    endloop
  endfacet
  facet normal -4.068811238e-01 7.047057152e-01 -5.812379122e-01
    outer loop
      vertex 1.039867783e+01 2.642654800e+01 9.517899713e-08
      vertex 9.621020317e+00 2.777349091e+01 2.177441597e+00
      vertex -8.111602767e-08 2.221853065e+01 2.177441835e+00
    endloop
  endfacet
  facet normal 4.068870842e-01 7.047029138e-01 -5.812371373e-01
    outer loop
      vertex -9.621020317e+00 2.777349091e+01 2.177441597e+00
      vertex -1.039867783e+01 2.642654800e+01 0.000000000e+00
      vertex -1.555315495e+00 2.132083130e+01 4.068095586e-04
    endloop
  endfacet
  facet normal -4.098039269e-01 -7.069607377e-01 -5.764263272e-01
    outer loop
      vertex -8.111602767e-08 2.221853065e+01 2.177441835e+00
      vertex -8.821939468e+00 2.910801506e+01 0.000000000e+00
      vertex -8.843362808e+00 2.912043381e+01 9.517899713e-08
    endloop
  endfacet
  facet normal -4.068808854e-01 -7.047052383e-01 -5.812386870e-01
    outer loop
      vertex -8.111602767e-08 2.221853065e+01 2.177441835e+00
      vertex -8.843362808e+00 2.912043381e+01 9.517899713e-08
      vertex -9.621020317e+00 2.777349091e+01 2.177441597e+00
    endloop
  endfacet
  facet normal 4.068647623e-01 -7.047150135e-01 -5.812380910e-01
    outer loop
      vertex 9.621020317e+00 3.888288879e+01 2.177441597e+00
      vertex 8.843362808e+00 4.022983170e+01 0.000000000e+00
      vertex 1.526509881e+00 3.600544739e+01 3.019974974e-05
    endloop
  endfacet
  facet normal -4.068818092e-01 7.047066092e-01 -5.812365413e-01
    outer loop
      vertex 1.039867783e+01 3.753594589e+01 9.517899713e-08
      vertex 9.621020317e+00 3.888288879e+01 2.177441597e+00
      vertex -8.111602767e-08 3.332792664e+01 2.177441835e+00
    endloop
  endfacet
  facet normal 4.068860412e-01 7.047011256e-01 -5.812401175e-01
    outer loop
      vertex -9.621020317e+00 3.888288879e+01 2.177441597e+00
      vertex -1.039867783e+01 3.753594589e+01 0.000000000e+00
      vertex -1.555315733e+00 3.243022919e+01 4.068095586e-04
    endloop
  endfacet
  facet normal -4.095692337e-01 -7.066805363e-01 -5.769364834e-01
    outer loop
      vertex -8.111602767e-08 3.332792664e+01 2.177441835e+00
      vertex -8.821939468e+00 4.021741486e+01 0.000000000e+00
      vertex -8.843362808e+00 4.022983170e+01 9.517899713e-08
    endloop
  endfacet
  facet normal -4.068812132e-01 -7.047054768e-01 -5.812383294e-01
    outer loop
      vertex -8.111602767e-08 3.332792664e+01 2.177441835e+00
      vertex -8.843362808e+00 4.022983170e+01 9.517899713e-08
      vertex -9.621020317e+00 3.888288879e+01 2.177441597e+00
    endloop
  endfacet
  facet normal -8.137187958e-01 -8.227206649e-08 -5.812587142e-01
    outer loop
      vertex 1.251531005e+00 2.170397997e+00 4.253933728e-01
      vertex 1.555315495e+00 2.692513466e+00 1.178841339e-04
      vertex -8.111602767e-08 1.110913277e+01 2.177441835e+00
    endloop
  endfacet
  facet normal -8.137184978e-01 1.259999943e-15 -5.812591910e-01
    outer loop
      vertex 1.251531005e+00 2.170397997e+00 4.253933728e-01
      vertex -8.111602767e-08 1.110913277e+01 2.177441835e+00
      vertex -4.529425368e-08 -7.845194716e-08 2.177441597e+00
    endloop
  endfacet
  facet normal 8.136776090e-01 2.316897007e-05 -5.813163519e-01
    outer loop
      vertex -8.111602767e-08 1.110913277e+01 2.177441835e+00
      vertex -1.555315495e+00 1.021143436e+01 4.068095586e-04
      vertex -1.555315495e+00 2.693314075e+00 1.072979285e-04
    endloop
  endfacet
  facet normal -6.052159145e-02 -3.212026423e-09 -9.981669188e-01
    outer loop
      vertex 1.511053085e+00 3.645422745e+01 2.440890297e-02
      vertex 4.998599223e-08 3.777194977e+01 2.177441597e+00
      vertex -1.030583974e-07 3.777194977e+01 2.177441835e+00
    endloop
  endfacet
  facet normal -8.176258802e-01 3.115066094e-03 -5.757415295e-01
    outer loop
      vertex 1.526509881e+00 3.600544739e+01 3.019974974e-05
      vertex 1.511053085e+00 3.645422745e+01 2.440890297e-02
      vertex -1.030583974e-07 3.777194977e+01 2.177441835e+00
    endloop
  endfacet
  facet normal -8.188216090e-01 0.000000000e+00 -5.740481019e-01
    outer loop
      vertex 1.526509881e+00 3.600544739e+01 3.019974974e-05
      vertex -1.030583974e-07 3.777194977e+01 2.177441835e+00
      vertex -8.111602767e-08 3.332792664e+01 2.177441835e+00
    endloop
  endfacet
  facet normal 4.068638980e-01 -7.046754956e-01 -5.812867880e-01
    outer loop
      vertex 1.526509643e+00 1.378665066e+01 3.019994256e-05
      vertex -8.111602767e-08 1.110913277e+01 2.177441835e+00
      vertex 9.621019363e+00 1.666409492e+01 2.177441597e+00
    endloop
  endfacet
  facet normal -4.068944454e-01 7.047047615e-01 -5.812298656e-01
    outer loop
      vertex 1.555315375e+00 1.021143436e+01 4.468131228e-04
      vertex 8.367161751e+00 1.449505901e+01 4.253892601e-01
      vertex 9.621019363e+00 1.666409492e+01 2.177441597e+00
    endloop
  endfacet
  facet normal -4.068718255e-01 7.046891451e-01 -5.812645555e-01
    outer loop
      vertex -8.111602767e-08 1.110913277e+01 2.177441835e+00
      vertex 1.555315375e+00 1.021143436e+01 4.468131228e-04
      vertex 9.621019363e+00 1.666409492e+01 2.177441597e+00
    endloop
  endfacet
  facet normal 4.069615006e-01 7.046177983e-01 -5.812883973e-01
    outer loop
      vertex -8.066122055e+00 1.397150326e+01 0.000000000e+00
      vertex -4.224547386e+00 1.175275040e+01 0.000000000e+00
      vertex -8.111602767e-08 1.110913277e+01 2.177441835e+00
    endloop
  endfacet
  facet normal 4.069666564e-01 7.048535347e-01 -5.809988976e-01
    outer loop
      vertex -9.621019363e+00 1.666409492e+01 2.177441597e+00
      vertex -8.066122055e+00 1.397150326e+01 0.000000000e+00
      vertex -8.111602767e-08 1.110913277e+01 2.177441835e+00
    endloop
  endfacet
  facet normal 4.061254263e-01 6.997528672e-01 -5.877142549e-01
    outer loop
      vertex -1.924203300e+01 9.315131187e+00 0.000000000e+00
      vertex -1.324359512e+01 5.833733559e+00 0.000000000e+00
      vertex -9.616399765e+00 5.557365417e+00 2.177430630e+00
    endloop
  endfacet
  facet normal 4.065848291e-01 7.042255998e-01 -5.820266604e-01
    outer loop
      vertex -1.923741913e+01 1.111206341e+01 2.177430630e+00
      vertex -1.924203300e+01 9.315131187e+00 0.000000000e+00
      vertex -9.616399765e+00 5.557365417e+00 2.177430630e+00
    endloop
  endfacet
  facet normal 4.061253071e-01 6.997528076e-01 -5.877143741e-01
    outer loop
      vertex -2.886305428e+01 1.486983013e+01 0.000000000e+00
      vertex -2.286461067e+01 1.138842964e+01 0.000000000e+00
      vertex -1.923741913e+01 1.111206341e+01 2.177430630e+00
    endloop
  endfacet
  facet normal 4.065850675e-01 7.042260766e-01 -5.820260644e-01
    outer loop
      vertex -2.885843849e+01 1.666676140e+01 2.177430630e+00
      vertex -2.886305428e+01 1.486983013e+01 0.000000000e+00
      vertex -1.923741913e+01 1.111206341e+01 2.177430630e+00
    endloop
  endfacet
  facet normal 4.057997465e-01 6.993828416e-01 -5.883793235e-01
    outer loop
      vertex -3.926173401e+01 2.087184906e+01 0.000000000e+00
      vertex -3.925365067e+01 2.086716080e+01 0.000000000e+00
      vertex -2.885843849e+01 1.666676140e+01 2.177430630e+00
    endloop
  endfacet
  facet normal 4.065732658e-01 7.048829794e-01 -5.812383890e-01
    outer loop
      vertex -3.848407745e+01 2.221879387e+01 2.177441597e+00
      vertex -3.926173401e+01 2.087184906e+01 0.000000000e+00
      vertex -2.885843849e+01 1.666676140e+01 2.177430630e+00
    endloop
  endfacet
  facet normal -4.065741301e-01 -7.048826814e-01 -5.812382698e-01
    outer loop
      vertex -3.770642090e+01 2.356573677e+01 0.000000000e+00
      vertex -3.848407745e+01 2.221879387e+01 2.177441597e+00
      vertex -2.885843849e+01 1.666676140e+01 2.177430630e+00
    endloop
  endfacet
  facet normal 4.068662822e-01 -7.047140002e-01 -5.812384486e-01
    outer loop
      vertex -2.001969719e+01 1.346942782e+00 0.000000000e+00
      vertex -1.924203873e+01 -5.887673993e-08 2.177441597e+00
      vertex -9.616399765e+00 5.557365417e+00 2.177430630e+00
    endloop
  endfacet
  facet normal -4.069002271e-01 7.047709227e-01 -5.811455846e-01
    outer loop
      vertex -1.673691177e+01 1.568462583e-03 4.253274202e-01
      vertex -1.613290024e+01 -4.248430778e-04 0.000000000e+00
      vertex -9.616399765e+00 5.557365417e+00 2.177430630e+00
    endloop
  endfacet
  facet normal -4.069005251e-01 7.047712803e-01 -5.811449289e-01
    outer loop
      vertex -1.673691177e+01 1.568462583e-03 4.253274202e-01
      vertex -9.616399765e+00 5.557365417e+00 2.177430630e+00
      vertex -1.924203873e+01 -5.887673993e-08 2.177441597e+00
    endloop
  endfacet
  facet normal -8.137333989e-01 -3.380038252e-04 -5.812381506e-01
    outer loop
      vertex -1.768672371e+01 2.221879387e+01 0.000000000e+00
      vertex -1.924203873e+01 2.221879387e+01 2.177441597e+00
      vertex -1.923741913e+01 1.111206341e+01 2.177430630e+00
    endloop
  endfacet
  facet normal 4.068663120e-01 -7.047141194e-01 -5.812382102e-01
    outer loop
      vertex -2.964071465e+01 6.901640415e+00 0.000000000e+00
      vertex -2.886305809e+01 5.554697990e+00 2.177441597e+00
      vertex -1.923741913e+01 1.111206341e+01 2.177430630e+00
    endloop
  endfacet
  facet normal -8.137334585e-01 -3.375776287e-04 -5.812380314e-01
    outer loop
      vertex -2.730774307e+01 2.777349091e+01 0.000000000e+00
      vertex -2.886305809e+01 2.777349091e+01 2.177441597e+00
      vertex -2.885843849e+01 1.666676140e+01 2.177430630e+00
    endloop
  endfacet
  facet normal 4.068659842e-01 -7.047141194e-01 -5.812384486e-01
    outer loop
      vertex -3.926173782e+01 1.245634079e+01 0.000000000e+00
      vertex -3.848408127e+01 1.110939693e+01 2.177441597e+00
      vertex -2.885843849e+01 1.666676140e+01 2.177430630e+00
    endloop
  endfacet
  facet normal 4.076289237e-01 7.049030662e-01 -5.804742575e-01
    outer loop
      vertex -9.616399765e+00 5.557365417e+00 2.177430630e+00
      vertex -3.107649326e+00 4.357206053e-04 0.000000000e+00
      vertex -2.504683495e+00 1.913900487e-03 4.252181947e-01
    endloop
  endfacet
  facet normal 4.071602821e-01 7.045441270e-01 -5.812382102e-01
    outer loop
      vertex -9.616399765e+00 5.557365417e+00 2.177430630e+00
      vertex -2.504683495e+00 1.913900487e-03 4.252181947e-01
      vertex -4.529425368e-08 -7.845194716e-08 2.177441597e+00
    endloop
  endfacet
  facet normal 8.139842749e-01 1.512843417e-03 -5.808849931e-01
    outer loop
      vertex -1.569563866e+00 -1.379495811e+01 0.000000000e+00
      vertex -1.568546057e+00 -1.434255981e+01 0.000000000e+00
      vertex -5.504301726e-08 -2.221856117e+01 2.177441597e+00
    endloop
  endfacet
  facet normal 8.112151027e-01 0.000000000e+00 -5.847478509e-01
    outer loop
      vertex -5.504301726e-08 -1.110916424e+01 2.177441597e+00
      vertex -1.569563866e+00 -1.379495811e+01 0.000000000e+00
      vertex -5.504301726e-08 -2.221856117e+01 2.177441597e+00
    endloop
  endfacet
  facet normal -8.130780458e-01 -3.084755270e-03 -5.821465254e-01
    outer loop
      vertex -5.504301726e-08 -2.221856117e+01 2.177441597e+00
      vertex 1.555315495e+00 -2.132083130e+01 3.924226621e-04
      vertex 1.526993513e+00 -1.378693008e+01 2.783787750e-05
    endloop
  endfacet
  facet normal 8.139827251e-01 1.512998366e-03 -5.808871984e-01
    outer loop
      vertex -1.569564104e+00 -2.490435600e+01 0.000000000e+00
      vertex -1.568546295e+00 -2.545195961e+01 0.000000000e+00
      vertex -5.504301726e-08 -3.332795715e+01 2.177441597e+00
    endloop
  endfacet
  facet normal 8.112151027e-01 0.000000000e+00 -5.847478509e-01
    outer loop
      vertex -5.504301726e-08 -2.221856117e+01 2.177441597e+00
      vertex -1.569564104e+00 -2.490435600e+01 0.000000000e+00
      vertex -5.504301726e-08 -3.332795715e+01 2.177441597e+00
    endloop
  endfacet
  facet normal -8.130777478e-01 -3.084801370e-03 -5.821468830e-01
    outer loop
      vertex -5.504301726e-08 -3.332795715e+01 2.177441597e+00
      vertex 1.555315733e+00 -3.243022919e+01 3.924226621e-04
      vertex 1.526993275e+00 -2.489632797e+01 2.783800846e-05
    endloop
  endfacet
  facet normal 8.137336373e-01 0.000000000e+00 -5.812380910e-01
    outer loop
      vertex -1.555315495e+00 -4.443758774e+01 0.000000000e+00
      vertex 0.000000000e+00 -4.443758774e+01 2.177441597e+00
      vertex -5.504301726e-08 -3.332795715e+01 2.177441597e+00
    endloop
  endfacet
  facet normal -8.203083277e-01 -2.754160203e-03 -5.719149709e-01
    outer loop
      vertex 1.555315495e+00 -4.443758774e+01 0.000000000e+00
      vertex 1.555219054e+00 -4.440885544e+01 0.000000000e+00
      vertex -5.504301726e-08 -3.332795715e+01 2.177441597e+00
    endloop
  endfacet
  facet normal -8.137335181e-01 0.000000000e+00 -5.812381506e-01
    outer loop
      vertex 0.000000000e+00 -4.443758774e+01 2.177441597e+00
      vertex 1.555315495e+00 -4.443758774e+01 0.000000000e+00
      vertex -5.504301726e-08 -3.332795715e+01 2.177441597e+00
    endloop
  endfacet
  facet normal 4.068450034e-01 7.046799064e-01 -5.812945366e-01
    outer loop
      vertex -5.504301726e-08 -1.110916424e+01 2.177441597e+00
      vertex 1.526993513e+00 -1.378693008e+01 2.783787750e-05
      vertex 8.843362808e+00 -1.801103783e+01 0.000000000e+00
    endloop
  endfacet
  facet normal 4.068798423e-01 -7.047072649e-01 -5.812371373e-01
    outer loop
      vertex -1.039867783e+01 -2.642654800e+01 0.000000000e+00
      vertex -9.621020317e+00 -2.777349091e+01 2.177441597e+00
      vertex -5.504301726e-08 -2.221856117e+01 2.177441597e+00
    endloop
  endfacet
  facet normal -4.048132598e-01 -7.013325691e-01 -5.867357254e-01
    outer loop
      vertex 1.039867783e+01 -2.642654800e+01 0.000000000e+00
      vertex 1.039653301e+01 -2.642531013e+01 0.000000000e+00
      vertex -5.504301726e-08 -2.221856117e+01 2.177441597e+00
    endloop
  endfacet
  facet normal -4.068798423e-01 -7.047072649e-01 -5.812371373e-01
    outer loop
      vertex 9.621020317e+00 -2.777349091e+01 2.177441597e+00
      vertex 1.039867783e+01 -2.642654800e+01 0.000000000e+00
      vertex -5.504301726e-08 -2.221856117e+01 2.177441597e+00
    endloop
  endfacet
  facet normal 4.068791270e-01 7.047058940e-01 -5.812391639e-01
    outer loop
      vertex 8.843362808e+00 -2.912043381e+01 0.000000000e+00
      vertex 9.621020317e+00 -2.777349091e+01 2.177441597e+00
      vertex -5.504301726e-08 -2.221856117e+01 2.177441597e+00
    endloop
  endfacet
  facet normal 4.068799317e-01 -7.047072053e-01 -5.812370777e-01
    outer loop
      vertex -1.039867783e+01 -3.753594589e+01 0.000000000e+00
      vertex -9.621020317e+00 -3.888288879e+01 2.177441597e+00
      vertex -5.504301726e-08 -3.332795715e+01 2.177441597e+00
    endloop
  endfacet
  facet normal -4.068860114e-01 -7.047021985e-01 -5.812387466e-01
    outer loop
      vertex 9.621020317e+00 -3.888288879e+01 2.177441597e+00
      vertex 1.039653301e+01 -3.753470993e+01 0.000000000e+00
      vertex 1.555315733e+00 -3.243022919e+01 3.924226621e-04
    endloop
  endfacet
  facet normal -4.068713486e-01 -7.046923041e-01 -5.812610388e-01
    outer loop
      vertex 9.621020317e+00 -3.888288879e+01 2.177441597e+00
      vertex 1.555315733e+00 -3.243022919e+01 3.924226621e-04
      vertex -5.504301726e-08 -3.332795715e+01 2.177441597e+00
    endloop
  endfacet
  facet normal 4.068799913e-01 7.047071457e-01 -5.812371373e-01
    outer loop
      vertex 8.843362808e+00 -4.022983170e+01 0.000000000e+00
      vertex 9.621020317e+00 -3.888288879e+01 2.177441597e+00
      vertex -5.504301726e-08 -3.332795715e+01 2.177441597e+00
    endloop
  endfacet
  facet normal 8.142502904e-01 -2.536514367e-04 -5.805138350e-01
    outer loop
      vertex -1.555097580e+00 -8.690558434e+00 0.000000000e+00
      vertex -1.555315495e+00 -1.021143436e+01 3.586934181e-04
      vertex -4.529425368e-08 -7.845194716e-08 2.177441597e+00
    endloop
  endfacet
  facet normal 8.158113956e-01 -2.532833896e-04 -5.783178806e-01
    outer loop
      vertex -1.251530290e+00 -2.170319557e+00 4.253755212e-01
      vertex -1.553235173e+00 -2.691529036e+00 0.000000000e+00
      vertex -1.555097580e+00 -8.690558434e+00 0.000000000e+00
    endloop
  endfacet
  facet normal 8.136987686e-01 3.877916242e-05 -5.812867880e-01
    outer loop
      vertex -1.251530290e+00 -2.170319557e+00 4.253755212e-01
      vertex -1.555097580e+00 -8.690558434e+00 0.000000000e+00
      vertex -4.529425368e-08 -7.845194716e-08 2.177441597e+00
    endloop
  endfacet
  facet normal -8.136838078e-01 0.000000000e+00 -5.813075900e-01
    outer loop
      vertex -4.529425368e-08 -7.845194716e-08 2.177441597e+00
      vertex -5.504301726e-08 -1.110916424e+01 2.177441597e+00
      vertex 1.555315495e+00 -1.021143436e+01 3.924226621e-04
    endloop
  endfacet
  facet normal 4.070561826e-01 -7.045370340e-01 -5.813199878e-01
    outer loop
      vertex -5.504301726e-08 -1.110916424e+01 2.177441597e+00
      vertex -2.872323513e+00 -1.097206116e+01 0.000000000e+00
      vertex -8.066704750e+00 -1.397318840e+01 0.000000000e+00
    endloop
  endfacet
  facet normal 4.070978463e-01 -7.063738704e-01 -5.790573359e-01
    outer loop
      vertex -5.504301726e-08 -1.110916424e+01 2.177441597e+00
      vertex -8.066704750e+00 -1.397318840e+01 0.000000000e+00
      vertex -8.367231369e+00 -1.449509239e+01 4.253728092e-01
    endloop
  endfacet
  facet normal 4.068793654e-01 -7.047063112e-01 -5.812385678e-01
    outer loop
      vertex -5.504301726e-08 -1.110916424e+01 2.177441597e+00
      vertex -8.367231369e+00 -1.449509239e+01 4.253728092e-01
      vertex -9.621019363e+00 -1.666409492e+01 2.177441597e+00
    endloop
  endfacet
  facet normal -4.068712592e-01 -7.046921849e-01 -5.812612772e-01
    outer loop
      vertex 1.555315495e+00 -1.021143436e+01 3.924226621e-04
      vertex -5.504301726e-08 -1.110916424e+01 2.177441597e+00
      vertex 9.621019363e+00 -1.666409492e+01 2.177441597e+00
    endloop
  endfacet
  facet normal 4.068429768e-01 7.046727538e-01 -5.813045502e-01
    outer loop
      vertex 8.065704346e+00 -6.452660084e+00 3.754781210e-04
      vertex 9.620802879e+00 -5.554573059e+00 2.177441835e+00
      vertex -4.529425368e-08 -7.845194716e-08 2.177441597e+00
    endloop
  endfacet
  facet normal 4.049321711e-01 7.063295245e-01 -5.806277990e-01
    outer loop
      vertex 1.115290070e+01 -8.261897087e+00 0.000000000e+00
      vertex 1.191659164e+01 -8.699714661e+00 0.000000000e+00
      vertex 1.924182129e+01 -1.110927200e+01 2.177441597e+00
    endloop
  endfacet
  facet normal 4.048126638e-01 7.011560202e-01 -5.869472027e-01
    outer loop
      vertex 9.620802879e+00 -5.554573059e+00 2.177441835e+00
      vertex 1.115290070e+01 -8.261897087e+00 0.000000000e+00
      vertex 1.924182129e+01 -1.110927200e+01 2.177441597e+00
    endloop
  endfacet
  facet normal -4.020303786e-01 -7.063066363e-01 -5.826685429e-01
    outer loop
      vertex 1.924182129e+01 -1.110927200e+01 2.177441597e+00
      vertex 1.924203873e+01 -9.313472748e+00 4.355833516e-04
      vertex 1.268565559e+01 -5.581253529e+00 4.775319394e-05
    endloop
  endfacet
  facet normal 4.049330652e-01 7.063310146e-01 -5.806252360e-01
    outer loop
      vertex 2.077392006e+01 -1.381659603e+01 0.000000000e+00
      vertex 2.153760910e+01 -1.425441170e+01 0.000000000e+00
      vertex 2.886283875e+01 -1.666396904e+01 2.177441835e+00
    endloop
  endfacet
  facet normal 4.048126340e-01 7.011561990e-01 -5.869469643e-01
    outer loop
      vertex 1.924182129e+01 -1.110927200e+01 2.177441597e+00
      vertex 2.077392006e+01 -1.381659603e+01 0.000000000e+00
      vertex 2.886283875e+01 -1.666396904e+01 2.177441835e+00
    endloop
  endfacet
  facet normal -4.020306170e-01 -7.063069344e-01 -5.826680064e-01
    outer loop
      vertex 2.886283875e+01 -1.666396904e+01 2.177441835e+00
      vertex 2.886305809e+01 -1.486817169e+01 4.355833516e-04
      vertex 2.230667496e+01 -1.113595200e+01 4.775331763e-05
    endloop
  endfacet
  facet normal 4.068664908e-01 7.047137618e-01 -5.812383890e-01
    outer loop
      vertex 3.770642090e+01 -2.356573677e+01 0.000000000e+00
      vertex 3.848407745e+01 -2.221879387e+01 2.177441597e+00
      vertex 2.886283875e+01 -1.666396904e+01 2.177441835e+00
    endloop
  endfacet
  facet normal -4.082858860e-01 -7.161700726e-01 -5.660415292e-01
    outer loop
      vertex 3.926173401e+01 -2.087184906e+01 0.000000000e+00
      vertex 3.923261642e+01 -2.085524940e+01 0.000000000e+00
      vertex 2.886283875e+01 -1.666396904e+01 2.177441835e+00
    endloop
  endfacet
  facet normal -4.068666697e-01 -7.047135234e-01 -5.812385678e-01
    outer loop
      vertex 3.848407745e+01 -2.221879387e+01 2.177441597e+00
      vertex 3.926173401e+01 -2.087184906e+01 0.000000000e+00
      vertex 2.886283875e+01 -1.666396904e+01 2.177441835e+00
    endloop
  endfacet
  facet normal 4.068452418e-01 -7.047259808e-01 -5.812385082e-01
    outer loop
      vertex 1.673673058e+01 -1.282899058e-03 4.253731668e-01
      vertex 1.613248062e+01 6.190854474e-04 1.147185467e-04
      vertex 9.621019363e+00 -3.758774996e+00 4.355833516e-04
    endloop
  endfacet
  facet normal 4.068453610e-01 -7.047263384e-01 -5.812380910e-01
    outer loop
      vertex 1.673673058e+01 -1.282899058e-03 4.253731668e-01
      vertex 9.621019363e+00 -3.758774996e+00 4.355833516e-04
      vertex 1.924203873e+01 5.887673993e-08 2.177441597e+00
    endloop
  endfacet
  facet normal -4.068529010e-01 7.047216296e-01 -5.812383294e-01
    outer loop
      vertex 2.001969719e+01 -1.346942782e+00 0.000000000e+00
      vertex 1.924203873e+01 5.887673993e-08 2.177441597e+00
      vertex 9.620802879e+00 -5.554573059e+00 2.177441835e+00
    endloop
  endfacet
  facet normal 8.137333989e-01 1.616854388e-05 -5.812381506e-01
    outer loop
      vertex 1.768672371e+01 -2.221879387e+01 0.000000000e+00
      vertex 1.924203873e+01 -2.221879387e+01 2.177441597e+00
      vertex 1.924182129e+01 -1.110927200e+01 2.177441597e+00
    endloop
  endfacet
  facet normal 4.069602191e-01 -7.052272558e-01 -5.805497169e-01
    outer loop
      vertex 2.808539963e+01 -4.207755089e+00 0.000000000e+00
      vertex 2.808153725e+01 -4.209985256e+00 0.000000000e+00
      vertex 1.924182129e+01 -1.110927200e+01 2.177441597e+00
    endloop
  endfacet
  facet normal 4.068531096e-01 -7.047216892e-01 -5.812381506e-01
    outer loop
      vertex 2.886305809e+01 -5.554697990e+00 2.177441597e+00
      vertex 2.808539963e+01 -4.207755089e+00 0.000000000e+00
      vertex 1.924182129e+01 -1.110927200e+01 2.177441597e+00
    endloop
  endfacet
  facet normal -4.068532288e-01 7.047219276e-01 -5.812378526e-01
    outer loop
      vertex 2.964071465e+01 -6.901640415e+00 0.000000000e+00
      vertex 2.886305809e+01 -5.554697990e+00 2.177441597e+00
      vertex 1.924182129e+01 -1.110927200e+01 2.177441597e+00
    endloop
  endfacet
  facet normal 8.137334585e-01 1.586158396e-05 -5.812380910e-01
    outer loop
      vertex 2.730774307e+01 -2.777349091e+01 0.000000000e+00
      vertex 2.886305809e+01 -2.777349091e+01 2.177441597e+00
      vertex 2.886283875e+01 -1.666396904e+01 2.177441835e+00
    endloop
  endfacet
  facet normal 4.076445699e-01 -7.042151690e-01 -5.812976360e-01
    outer loop
      vertex 3.770642471e+01 -9.762454033e+00 0.000000000e+00
      vertex 3.770256042e+01 -9.764684677e+00 0.000000000e+00
      vertex 2.886283875e+01 -1.666396904e+01 2.177441835e+00
    endloop
  endfacet
  facet normal 4.068524837e-01 -7.047221065e-01 -5.812381506e-01
    outer loop
      vertex 3.848408127e+01 -1.110939693e+01 2.177441597e+00
      vertex 3.770642471e+01 -9.762454033e+00 0.000000000e+00
      vertex 2.886283875e+01 -1.666396904e+01 2.177441835e+00
    endloop
  endfacet
  facet normal -4.068526328e-01 7.047223449e-01 -5.812378526e-01
    outer loop
      vertex 3.926173782e+01 -1.245634079e+01 0.000000000e+00
      vertex 3.848408127e+01 -1.110939693e+01 2.177441597e+00
      vertex 2.886283875e+01 -1.666396904e+01 2.177441835e+00
    endloop
  endfacet
  facet normal -4.068156183e-01 -7.046746016e-01 -5.813215971e-01
    outer loop
      vertex 9.620802879e+00 -5.554573059e+00 2.177441835e+00
      vertex 3.109558582e+00 6.190854474e-04 1.147185467e-04
      vertex 2.505260229e+00 -1.320978277e-03 4.253611565e-01
    endloop
  endfacet
  facet normal -4.068666101e-01 -7.047138810e-01 -5.812382698e-01
    outer loop
      vertex 9.620802879e+00 -5.554573059e+00 2.177441835e+00
      vertex 2.505260229e+00 -1.320978277e-03 4.253611565e-01
      vertex -4.529425368e-08 -7.845194716e-08 2.177441597e+00
    endloop
  endfacet
  facet normal 8.137202859e-01 2.163641875e-05 -5.812566280e-01
    outer loop
      vertex 9.620802879e+00 -5.554573059e+00 2.177441835e+00
      vertex 8.065704346e+00 -6.452660084e+00 3.754781210e-04
      vertex 8.065704346e+00 -1.397021198e+01 9.905502520e-05
    endloop
  endfacet
  facet normal 4.098199010e-01 -7.098356485e-01 -5.728708506e-01
    outer loop
      vertex -3.194197655e+01 -1.668445206e+01 0.000000000e+00
      vertex -3.848407745e+01 -2.221879387e+01 2.177441597e+00
      vertex -2.887519836e+01 -1.667110443e+01 2.177375317e+00
    endloop
  endfacet
  facet normal -2.615550905e-02 4.559119046e-02 -9.986177683e-01
    outer loop
      vertex -3.770642090e+01 -2.356573677e+01 0.000000000e+00
      vertex -3.770359802e+01 -2.356411552e+01 0.000000000e+00
      vertex -3.040162086e+01 -1.936754417e+01 4.930282594e-04
    endloop
  endfacet
  facet normal 0.000000000e+00 7.071067691e-01 7.071067691e-01
    outer loop
      vertex -2.001969719e+01 -1.346942663e+00 0.000000000e+00
      vertex -2.001969528e+01 -1.346943140e+00 0.000000000e+00
      vertex -9.633159637e+00 -5.561707497e+00 2.177375317e+00
    endloop
  endfacet
  facet normal 6.237828732e-02 0.000000000e+00 -9.980525970e-01
    outer loop
      vertex -2.964071465e+01 -6.901640415e+00 0.000000000e+00
      vertex -2.964071465e+01 -6.901640892e+00 0.000000000e+00
      vertex -1.925417709e+01 -1.111640549e+01 2.177375317e+00
    endloop
  endfacet
  facet normal -8.137332797e-01 8.669496747e-04 -5.812377930e-01
    outer loop
      vertex -1.768672371e+01 -2.221879196e+01 0.000000000e+00
      vertex -1.923015785e+01 -1.111625576e+01 2.177368402e+00
      vertex -1.924203873e+01 -2.221879387e+01 2.177441597e+00
    endloop
  endfacet
  facet normal 0.000000000e+00 0.000000000e+00 0.000000000e+00
    outer loop
      vertex -3.848408127e+01 -1.110939693e+01 2.177441597e+00
      vertex -3.926173782e+01 -1.245634079e+01 0.000000000e+00
      vertex -3.926173782e+01 -1.245634079e+01 0.000000000e+00
    endloop
  endfacet
  facet normal -1.000000000e+00 0.000000000e+00 0.000000000e+00
    outer loop
      vertex -2.886305809e+01 -2.777349091e+01 2.177441597e+00
      vertex -2.730774307e+01 -2.777349091e+01 0.000000000e+00
      vertex -2.730774307e+01 -2.777348900e+01 0.000000000e+00
    endloop
  endfacet
  facet normal 4.104671478e-01 -7.097738385e-01 -5.724839568e-01
    outer loop
      vertex 1.117810249e+01 8.210532188e+00 0.000000000e+00
      vertex 1.117599678e+01 8.209314346e+00 0.000000000e+00
      vertex 9.633044243e+00 5.561640739e+00 2.177376747e+00
    endloop
  endfacet
  facet normal -4.104198217e-01 7.063239217e-01 -5.767686367e-01
    outer loop
      vertex 1.924203873e+01 1.109581089e+01 2.177366018e+00
      vertex 1.273155689e+01 5.535197258e+00 4.915621248e-04
      vertex 1.328326702e+01 5.855375767e+00 0.000000000e+00
    endloop
  endfacet
  facet normal 4.113270938e-01 -7.094394565e-01 -5.722811818e-01
    outer loop
      vertex 2.079911995e+01 1.376523113e+01 0.000000000e+00
      vertex 2.079701424e+01 1.376401234e+01 0.000000000e+00
      vertex 1.925406456e+01 1.111633968e+01 2.177376747e+00
    endloop
  endfacet
  facet normal -4.104200602e-01 7.063243985e-01 -5.767678618e-01
    outer loop
      vertex 2.886305809e+01 1.665050888e+01 2.177366018e+00
      vertex 2.235257530e+01 1.108989525e+01 4.915631143e-04
      vertex 2.290428543e+01 1.141007423e+01 0.000000000e+00
    endloop
  endfacet
  facet normal -4.084605575e-01 -7.107106447e-01 -5.727569461e-01
    outer loop
      vertex 2.001687622e+01 1.348564029e+00 0.000000000e+00
      vertex 1.273155689e+01 5.535197258e+00 4.915621248e-04
      vertex 9.633044243e+00 5.561640739e+00 2.177376747e+00
    endloop
  endfacet
  facet normal -3.150205016e-01 0.000000000e+00 -9.490848184e-01
    outer loop
      vertex 1.924203873e+01 5.887673993e-08 2.177441597e+00
      vertex 2.001969719e+01 1.346942663e+00 0.000000000e+00
      vertex 2.001969528e+01 1.346943140e+00 0.000000000e+00
    endloop
  endfacet
  facet normal -4.084608853e-01 -7.107110023e-01 -5.727561712e-01
    outer loop
      vertex 2.963789558e+01 6.903261662e+00 0.000000000e+00
      vertex 2.235257530e+01 1.108989525e+01 4.915631143e-04
      vertex 1.925406456e+01 1.111633968e+01 2.177376747e+00
    endloop
  endfacet
  facet normal -1.000000000e+00 0.000000000e+00 0.000000000e+00
    outer loop
      vertex 2.886305809e+01 5.554697990e+00 2.177441597e+00
      vertex 2.964071465e+01 6.901640415e+00 0.000000000e+00
      vertex 2.964071465e+01 6.901640892e+00 0.000000000e+00
    endloop
  endfacet
  facet normal 8.320503235e-01 0.000000000e+00 -5.547001958e-01
    outer loop
      vertex 1.768672371e+01 2.221879387e+01 0.000000000e+00
      vertex 1.768672371e+01 2.221879196e+01 0.000000000e+00
      vertex 1.922974968e+01 1.111649132e+01 2.177373886e+00
    endloop
  endfacet
  facet normal -5.194651708e-02 -9.032593668e-02 -9.945565462e-01
    outer loop
      vertex 3.926173782e+01 1.245634079e+01 0.000000000e+00
      vertex 3.925891876e+01 1.245796204e+01 0.000000000e+00
      vertex 3.197359657e+01 1.664459419e+01 4.915641039e-04
    endloop
  endfacet
  facet normal -4.076266885e-01 -7.042749524e-01 -5.812377930e-01
    outer loop
      vertex 2.887508202e+01 1.667103767e+01 2.177376509e+00
      vertex 3.848408127e+01 1.110939693e+01 2.177441597e+00
      vertex 3.926173782e+01 1.245634079e+01 0.000000000e+00
    endloop
  endfacet
  facet normal 1.000000000e+00 0.000000000e+00 0.000000000e+00
    outer loop
      vertex 2.730774307e+01 2.777349091e+01 0.000000000e+00
      vertex 2.730774307e+01 2.777348900e+01 0.000000000e+00
      vertex 2.885076714e+01 1.667119026e+01 2.177373886e+00
    endloop
  endfacet
  facet normal 0.000000000e+00 1.000000000e+00 0.000000000e+00
    outer loop
      vertex -9.621019363e+00 1.666409492e+01 2.177441597e+00
      vertex -8.843362808e+00 1.801103783e+01 9.517899713e-08
      vertex -8.843362808e+00 1.801103783e+01 0.000000000e+00
    endloop
  endfacet
  facet normal -4.049788713e-01 7.057888508e-01 5.812523365e-01
    outer loop
      vertex -1.769052124e+01 -1.200516701e+01 0.000000000e+00
      vertex -1.115923309e+01 -8.257538795e+00 0.000000000e+00
      vertex -1.115958214e+01 -8.258147240e+00 4.930282594e-04
    endloop
  endfacet
  facet normal 4.079717696e-01 -7.130035758e-01 -5.702499151e-01
    outer loop
      vertex -9.633159637e+00 -5.561707497e+00 2.177375317e+00
      vertex -1.269782543e+01 -5.573835850e+00 0.000000000e+00
      vertex -1.924203873e+01 -9.318352699e+00 0.000000000e+00
    endloop
  endfacet
  facet normal -4.033025801e-01 7.028678060e-01 5.859383345e-01
    outer loop
      vertex -2.731154060e+01 -1.755986404e+01 0.000000000e+00
      vertex -2.078025246e+01 -1.381223774e+01 0.000000000e+00
      vertex -2.078060150e+01 -1.381284618e+01 4.930232535e-04
    endloop
  endfacet
  facet normal 4.079717100e-01 -7.130033970e-01 -5.702502131e-01
    outer loop
      vertex -1.925417709e+01 -1.111640549e+01 2.177375317e+00
      vertex -2.231884384e+01 -1.112853432e+01 0.000000000e+00
      vertex -2.886305809e+01 -1.487305164e+01 0.000000000e+00
    endloop
  endfacet
  facet normal -4.080140889e-01 7.073082924e-01 -5.772689581e-01
    outer loop
      vertex -1.251530290e+00 -2.170319557e+00 4.253755212e-01
      vertex -9.609138489e+00 -5.561557770e+00 2.177368402e+00
      vertex -8.069501877e+00 -6.450467587e+00 0.000000000e+00
    endloop
  endfacet
  facet normal 4.086565673e-01 -7.071380019e-01 -5.770231485e-01
    outer loop
      vertex -9.621019363e+00 -5.540375710e+00 2.177360773e+00
      vertex -2.504683495e+00 1.913900487e-03 4.252181947e-01
      vertex -3.107649326e+00 4.357206053e-04 0.000000000e+00
    endloop
  endfacet
  facet normal -4.086566865e-01 -7.071381211e-01 -5.770229697e-01
    outer loop
      vertex -9.621019363e+00 -5.540375710e+00 2.177360773e+00
      vertex -9.621019363e+00 -3.763654709e+00 0.000000000e+00
      vertex -1.613290024e+01 -4.248430778e-04 0.000000000e+00
    endloop
  endfacet
  facet normal -8.165539503e-01 -3.031024244e-04 -5.772690773e-01
    outer loop
      vertex -9.609138489e+00 -5.561557770e+00 2.177368402e+00
      vertex -8.367231369e+00 -1.449509239e+01 4.253728092e-01
      vertex -8.066704750e+00 -1.397318840e+01 0.000000000e+00
    endloop
  endfacet
  facet normal 4.068695605e-01 -7.047117949e-01 -5.812387466e-01
    outer loop
      vertex 2.887508202e+01 1.667103767e+01 2.177376509e+00
      vertex 3.848407745e+01 2.221879387e+01 2.177441597e+00
      vertex 3.770642090e+01 2.356573677e+01 0.000000000e+00
    endloop
  endfacet
  facet normal 8.135741353e-01 -2.316334394e-05 5.814611912e-01
    outer loop
      vertex -1.555315495e+00 2.693314075e+00 1.072979285e-04
      vertex -1.555315495e+00 1.021143436e+01 4.068095586e-04
      vertex -1.555024743e+00 1.021160316e+01 0.000000000e+00
    endloop
  endfacet
  facet normal -8.200391531e-01 3.103286494e-03 5.722991824e-01
    outer loop
      vertex 1.555315375e+00 2.132083130e+01 4.468131228e-04
      vertex 1.526509643e+00 1.378665066e+01 3.019994256e-05
      vertex 1.526488423e+00 1.378661346e+01 0.000000000e+00
    endloop
  endfacet
  facet normal 8.102760315e-01 -1.528510125e-03 -5.860463977e-01
    outer loop
      vertex -1.569806933e+00 1.379481030e+01 0.000000000e+00
      vertex -8.111602767e-08 1.110913277e+01 2.177441835e+00
      vertex -1.555315495e+00 2.132083130e+01 4.068095586e-04
    endloop
  endfacet
  facet normal 8.105500937e-01 -1.529374626e-03 -5.856673717e-01
    outer loop
      vertex -1.568764925e+00 1.434717369e+01 0.000000000e+00
      vertex -1.569806933e+00 1.379481030e+01 0.000000000e+00
      vertex -1.555315495e+00 2.132083130e+01 4.068095586e-04
    endloop
  endfacet
  facet normal -8.200306296e-01 3.103252500e-03 5.723111033e-01
    outer loop
      vertex 1.555315495e+00 3.243022919e+01 4.468131228e-04
      vertex 1.526509643e+00 2.489604759e+01 3.020013173e-05
      vertex 1.526488423e+00 2.489601135e+01 0.000000000e+00
    endloop
  endfacet
  facet normal 8.102762699e-01 -1.528451568e-03 -5.860461593e-01
    outer loop
      vertex -1.569806576e+00 2.490420723e+01 0.000000000e+00
      vertex -8.111602767e-08 2.221853065e+01 2.177441835e+00
      vertex -1.555315733e+00 3.243022919e+01 4.068095586e-04
    endloop
  endfacet
  facet normal 8.094288707e-01 -1.526831882e-03 -5.872159600e-01
    outer loop
      vertex -1.568764687e+00 2.545657349e+01 0.000000000e+00
      vertex -1.569806576e+00 2.490420723e+01 0.000000000e+00
      vertex -1.555315733e+00 3.243022919e+01 4.068095586e-04
    endloop
  endfacet
  facet normal -8.660252094e-01 -5.000002980e-01 -5.632029456e-07
    outer loop
      vertex 1.039867783e+01 2.642654800e+01 0.000000000e+00
      vertex 8.843362808e+00 2.912043381e+01 0.000000000e+00
      vertex 9.621020317e+00 2.777349091e+01 2.177441597e+00
    endloop
  endfacet
  facet normal -4.999727905e-01 8.660411239e-01 0.000000000e+00
    outer loop
      vertex 1.554996490e+00 2.132101631e+01 0.000000000e+00
      vertex 1.039867783e+01 2.642654800e+01 0.000000000e+00
      vertex 1.039867783e+01 2.642654800e+01 9.517899713e-08
    endloop
  endfacet
  facet normal 0.000000000e+00 1.000000000e+00 0.000000000e+00
    outer loop
      vertex -9.621020317e+00 2.777349091e+01 2.177441597e+00
      vertex -8.843362808e+00 2.912043381e+01 9.517899713e-08
      vertex -8.843362808e+00 2.912043381e+01 0.000000000e+00
    endloop
  endfacet
  facet normal -8.660252094e-01 -5.000002980e-01 5.632029456e-07
    outer loop
      vertex 1.039867783e+01 3.753594589e+01 0.000000000e+00
      vertex 8.843362808e+00 4.022983170e+01 0.000000000e+00
      vertex 9.621020317e+00 3.888288879e+01 2.177441597e+00
    endloop
  endfacet
  facet normal -4.999726117e-01 8.660411239e-01 0.000000000e+00
    outer loop
      vertex 1.554996610e+00 3.243041611e+01 0.000000000e+00
      vertex 1.039867783e+01 3.753594589e+01 0.000000000e+00
      vertex 1.039867783e+01 3.753594589e+01 9.517899713e-08
    endloop
  endfacet
  facet normal 0.000000000e+00 1.000000000e+00 0.000000000e+00
    outer loop
      vertex -9.621020317e+00 3.888288879e+01 2.177441597e+00
      vertex -8.843362808e+00 4.022983170e+01 9.517899713e-08
      vertex -8.843362808e+00 4.022983170e+01 0.000000000e+00
    endloop
  endfacet
  facet normal -8.138728738e-01 -2.549391684e-05 5.810430646e-01
    outer loop
      vertex 1.555315375e+00 1.021143436e+01 4.468131228e-04
      vertex 1.555315495e+00 2.692513466e+00 1.178841339e-04
      vertex 1.555231333e+00 2.692561150e+00 0.000000000e+00
    endloop
  endfacet
  facet normal -8.195134997e-01 2.801541705e-03 5.730530620e-01
    outer loop
      vertex 1.528005719e+00 3.644331741e+01 2.863645204e-05
      vertex 1.526509881e+00 3.600544739e+01 3.019974974e-05
      vertex 1.526488662e+00 3.600540924e+01 0.000000000e+00
    endloop
  endfacet
  facet normal 8.128725886e-01 -1.398082939e-03 -5.824398398e-01
    outer loop
      vertex -1.492737770e+00 3.651059341e+01 1.063664407e-01
      vertex -1.569031954e+00 3.646419907e+01 0.000000000e+00
      vertex -1.569806933e+00 3.601360321e+01 0.000000000e+00
    endloop
  endfacet
  facet normal 8.114614487e-01 -7.603502600e-04 -5.844054818e-01
    outer loop
      vertex -1.492737770e+00 3.651059341e+01 1.063664407e-01
      vertex -1.569806933e+00 3.601360321e+01 0.000000000e+00
      vertex -1.030583974e-07 3.777194977e+01 2.177441835e+00
    endloop
  endfacet
  facet normal 5.737086385e-02 2.076997596e-08 -9.983529449e-01
    outer loop
      vertex -1.492737770e+00 3.651059341e+01 1.063664407e-01
      vertex -1.030583974e-07 3.777194977e+01 2.177441835e+00
      vertex -2.589716246e-07 3.777194977e+01 2.177441597e+00
    endloop
  endfacet
  facet normal 0.000000000e+00 0.000000000e+00 0.000000000e+00
    outer loop
      vertex -2.589716246e-07 3.777194977e+01 2.177441597e+00
      vertex -2.522417049e-07 3.777194977e+01 2.177441597e+00
      vertex -1.492737770e+00 3.651059341e+01 1.063664407e-01
    endloop
  endfacet
  facet normal -4.069130421e-01 7.048448324e-01 5.810468197e-01
    outer loop
      vertex 8.066891670e+00 1.397089386e+01 1.178841630e-04
      vertex 1.555315375e+00 1.021143436e+01 4.468131228e-04
      vertex 1.554996490e+00 1.021161842e+01 0.000000000e+00
    endloop
  endfacet
  facet normal -4.137066305e-01 -7.101526260e-01 -5.696756244e-01
    outer loop
      vertex -9.616399765e+00 5.557365417e+00 2.177430630e+00
      vertex -1.117621517e+01 8.212761879e+00 0.000000000e+00
      vertex -1.768830299e+01 1.200644588e+01 0.000000000e+00
    endloop
  endfacet
  facet normal -4.137064517e-01 -7.101525068e-01 -5.696757436e-01
    outer loop
      vertex -1.923741913e+01 1.111206341e+01 2.177430630e+00
      vertex -2.079723549e+01 1.376745987e+01 0.000000000e+00
      vertex -2.730932236e+01 1.756114388e+01 0.000000000e+00
    endloop
  endfacet
  facet normal 8.137335181e-01 3.388546465e-04 -5.812381506e-01
    outer loop
      vertex -1.923741913e+01 1.111206341e+01 2.177430630e+00
      vertex -1.924203873e+01 2.221879387e+01 2.177441597e+00
      vertex -2.079735374e+01 2.221879387e+01 0.000000000e+00
    endloop
  endfacet
  facet normal -4.068671763e-01 7.047135234e-01 -5.812382102e-01
    outer loop
      vertex -1.923741913e+01 1.111206341e+01 2.177430630e+00
      vertex -2.886305809e+01 5.554697990e+00 2.177441597e+00
      vertex -2.808539963e+01 4.207755089e+00 0.000000000e+00
    endloop
  endfacet
  facet normal 8.137334585e-01 3.398814879e-04 -5.812381506e-01
    outer loop
      vertex -2.885843849e+01 1.666676140e+01 2.177430630e+00
      vertex -2.886305809e+01 2.777349091e+01 2.177441597e+00
      vertex -3.041837311e+01 2.777349091e+01 0.000000000e+00
    endloop
  endfacet
  facet normal -4.068669379e-01 7.047137022e-01 -5.812380910e-01
    outer loop
      vertex -2.885843849e+01 1.666676140e+01 2.177430630e+00
      vertex -3.848408127e+01 1.110939693e+01 2.177441597e+00
      vertex -3.770642471e+01 9.762454033e+00 0.000000000e+00
    endloop
  endfacet
  facet normal -4.073169827e-01 -7.057455182e-01 -5.796689391e-01
    outer loop
      vertex -1.555315495e+00 2.693314075e+00 1.072979285e-04
      vertex -1.855527997e+00 2.866667986e+00 0.000000000e+00
      vertex -9.616399765e+00 5.557365417e+00 2.177430630e+00
    endloop
  endfacet
  facet normal -4.072953165e-01 -7.047800422e-01 -5.808576941e-01
    outer loop
      vertex -4.529425368e-08 -7.845194716e-08 2.177441597e+00
      vertex -1.555315495e+00 2.693314075e+00 1.072979285e-04
      vertex -9.616399765e+00 5.557365417e+00 2.177430630e+00
    endloop
  endfacet
  facet normal 8.131321669e-01 3.388226323e-04 -5.820789337e-01
    outer loop
      vertex -1.117621517e+01 8.212761879e+00 0.000000000e+00
      vertex -9.616399765e+00 5.557365417e+00 2.177430630e+00
      vertex -9.621019363e+00 1.666409492e+01 2.177441597e+00
    endloop
  endfacet
  facet normal -8.147621155e-01 -3.383849689e-04 -5.797951818e-01
    outer loop
      vertex -9.621019363e+00 1.666409492e+01 2.177441597e+00
      vertex -9.616399765e+00 5.557365417e+00 2.177430630e+00
      vertex -8.067283630e+00 6.451747894e+00 0.000000000e+00
    endloop
  endfacet
  facet normal -8.129372001e-01 -3.027849598e-03 5.823435187e-01
    outer loop
      vertex 1.526993513e+00 -1.378693008e+01 2.783787750e-05
      vertex 1.555315495e+00 -2.132083130e+01 3.924226621e-04
      vertex 1.555034995e+00 -2.132099342e+01 0.000000000e+00
    endloop
  endfacet
  facet normal -8.130462170e-01 -3.028350882e-03 5.821912289e-01
    outer loop
      vertex 1.526993275e+00 -2.489632797e+01 2.783800846e-05
      vertex 1.555315733e+00 -3.243022919e+01 3.924226621e-04
      vertex 1.555035353e+00 -3.243039322e+01 0.000000000e+00
    endloop
  endfacet
  facet normal -4.068791270e-01 7.047058940e-01 -5.812391639e-01
    outer loop
      vertex -5.504301726e-08 -2.221856117e+01 2.177441597e+00
      vertex -9.621020317e+00 -2.777349091e+01 2.177441597e+00
      vertex -8.843362808e+00 -2.912043381e+01 0.000000000e+00
    endloop
  endfacet
  facet normal -4.068798423e-01 7.047069073e-01 -5.812374353e-01
    outer loop
      vertex -5.504301726e-08 -3.332795715e+01 2.177441597e+00
      vertex -9.621020317e+00 -3.888288879e+01 2.177441597e+00
      vertex -8.843362808e+00 -4.022983170e+01 0.000000000e+00
    endloop
  endfacet
  facet normal -8.135440350e-01 2.234410749e-05 5.815031528e-01
    outer loop
      vertex 1.555315495e+00 -2.693881989e+00 1.034550805e-04
      vertex 1.555315495e+00 -1.021143436e+01 3.924226621e-04
      vertex 1.555034995e+00 -1.021159649e+01 0.000000000e+00
    endloop
  endfacet
  facet normal -4.080677927e-01 7.040196061e-01 -5.812374353e-01
    outer loop
      vertex -9.621019363e+00 -1.666409492e+01 2.177441597e+00
      vertex -8.843362808e+00 -1.801103783e+01 0.000000000e+00
      vertex -1.569563866e+00 -1.379495811e+01 0.000000000e+00
    endloop
  endfacet
  facet normal -4.059502482e-01 -7.031711340e-01 5.837420225e-01
    outer loop
      vertex 1.555034995e+00 -1.021159649e+01 0.000000000e+00
      vertex 1.555315495e+00 -1.021143436e+01 3.924226621e-04
      vertex 8.065704346e+00 -1.397021198e+01 9.905502520e-05
    endloop
  endfacet
  facet normal -4.069446325e-01 -7.047991157e-01 5.810803175e-01
    outer loop
      vertex 3.109558582e+00 6.190854474e-04 1.147185467e-04
      vertex 9.621019363e+00 -3.758774996e+00 4.355833516e-04
      vertex 9.621019363e+00 -3.759134293e+00 0.000000000e+00
    endloop
  endfacet
  facet normal -4.015566409e-01 -7.053533792e-01 5.841480494e-01
    outer loop
      vertex 1.268565559e+01 -5.581253529e+00 4.775319394e-05
      vertex 1.924203873e+01 -9.313472748e+00 4.355833516e-04
      vertex 1.924203873e+01 -9.313832283e+00 0.000000000e+00
    endloop
  endfacet
  facet normal -4.024405479e-01 -7.069065571e-01 5.816567540e-01
    outer loop
      vertex 2.230667496e+01 -1.113595200e+01 4.775331763e-05
      vertex 2.886305809e+01 -1.486817169e+01 4.355833516e-04
      vertex 2.886305809e+01 -1.486853123e+01 0.000000000e+00
    endloop
  endfacet
  facet normal -8.137333989e-01 -1.565525599e-05 -5.812382102e-01
    outer loop
      vertex 1.924182129e+01 -1.110927200e+01 2.177441597e+00
      vertex 1.924203873e+01 -2.221879387e+01 2.177441597e+00
      vertex 2.079735374e+01 -2.221879387e+01 0.000000000e+00
    endloop
  endfacet
  facet normal -8.137334585e-01 -1.642519055e-05 -5.812382102e-01
    outer loop
      vertex 2.886283875e+01 -1.666396904e+01 2.177441835e+00
      vertex 2.886305809e+01 -2.777349091e+01 2.177441597e+00
      vertex 3.041837311e+01 -2.777349091e+01 0.000000000e+00
    endloop
  endfacet
  facet normal 4.069897532e-01 7.049682140e-01 5.808434486e-01
    outer loop
      vertex 8.065972328e+00 -6.452505112e+00 0.000000000e+00
      vertex 8.065704346e+00 -6.452660084e+00 3.754781210e-04
      vertex 1.555315495e+00 -2.693881989e+00 1.034550805e-04
    endloop
  endfacet
  facet normal -8.137313724e-01 -2.269488527e-03 -5.812367201e-01
    outer loop
      vertex 9.621019363e+00 -1.666409492e+01 2.177441597e+00
      vertex 1.117633438e+01 -1.666409492e+01 0.000000000e+00
      vertex 1.115290070e+01 -8.261897087e+00 0.000000000e+00
    endloop
  endfacet
  facet normal 8.181326389e-01 -2.097706420e-05 5.750295520e-01
    outer loop
      vertex 8.065773964e+00 -1.397033501e+01 0.000000000e+00
      vertex 8.065704346e+00 -1.397021198e+01 9.905502520e-05
      vertex 8.065704346e+00 -6.452660084e+00 3.754781210e-04
    endloop
  endfacet
  facet normal 4.077481925e-01 -7.061913013e-01 5.788222551e-01
    outer loop
      vertex 9.621019363e+00 -3.758774996e+00 4.355833516e-04
      vertex 1.613248062e+01 6.190854474e-04 1.147185467e-04
      vertex 1.613248062e+01 5.249470705e-04 0.000000000e+00
    endloop
  endfacet
  facet normal 0.000000000e+00 -5.637569726e-02 -9.984096289e-01
    outer loop
      vertex -2.589716246e-07 3.777194977e+01 2.177441597e+00
      vertex -1.030583974e-07 3.777194977e+01 2.177441835e+00
      vertex -1.243473804e-07 3.777194977e+01 2.177441597e+00
    endloop
  endfacet
  facet normal 0.000000000e+00 0.000000000e+00 0.000000000e+00
    outer loop
      vertex -1.456821366e-07 3.777194977e+01 2.177441597e+00
      vertex -2.589716246e-07 3.777194977e+01 2.177441597e+00
      vertex -1.243473804e-07 3.777194977e+01 2.177441597e+00
    endloop
  endfacet
  facet normal -8.037140965e-01 -1.272958368e-01 -5.812396407e-01
    outer loop
      vertex 4.667330742e+00 4.262127686e+01 0.000000000e+00
      vertex 3.169698954e+00 4.213466644e+01 2.177441597e+00
      vertex 3.332818747e+00 4.110476685e+01 2.177441597e+00
    endloop
  endfacet
  facet normal -8.037149310e-01 1.272958070e-01 -5.812384486e-01
    outer loop
      vertex 3.169698954e+00 4.007486725e+01 2.177441597e+00
      vertex 4.667330265e+00 3.958825684e+01 0.000000000e+00
      vertex 4.907521725e+00 4.110476685e+01 0.000000000e+00
    endloop
  endfacet
  facet normal -7.250415683e-01 3.694279790e-01 -5.812382102e-01
    outer loop
      vertex 2.696307182e+00 3.914578629e+01 2.177441597e+00
      vertex 3.970268011e+00 3.822019958e+01 0.000000000e+00
      vertex 4.667330265e+00 3.958825684e+01 0.000000000e+00
    endloop
  endfacet
  facet normal -5.753960013e-01 5.753949285e-01 -5.812401772e-01
    outer loop
      vertex 1.958981752e+00 3.840845871e+01 2.177441597e+00
      vertex 2.884568930e+00 3.713449860e+01 0.000000000e+00
      vertex 3.970268011e+00 3.822019958e+01 0.000000000e+00
    endloop
  endfacet
  facet normal -3.694278300e-01 7.250422835e-01 -5.812371373e-01
    outer loop
      vertex 1.528005719e+00 3.644331741e+01 2.863645204e-05
      vertex 2.884568930e+00 3.713449860e+01 0.000000000e+00
      vertex 1.958981752e+00 3.840845871e+01 2.177441597e+00
    endloop
  endfacet
  facet normal -3.693430424e-01 7.250809669e-01 -5.812429786e-01
    outer loop
      vertex 1.511053085e+00 3.645422745e+01 2.440890297e-02
      vertex 1.528005719e+00 3.644331741e+01 2.863645204e-05
      vertex 1.958981752e+00 3.840845871e+01 2.177441597e+00
    endloop
  endfacet
  facet normal -3.694280982e-01 7.250428200e-01 -5.812364817e-01
    outer loop
      vertex 1.029897571e+00 3.793506622e+01 2.177441597e+00
      vertex 1.511053085e+00 3.645422745e+01 2.440890297e-02
      vertex 1.958981752e+00 3.840845871e+01 2.177441597e+00
    endloop
  endfacet
  facet normal 5.753976107e-01 5.753972530e-01 -5.812361836e-01
    outer loop
      vertex -2.696307421e+00 3.914578629e+01 2.177441597e+00
      vertex -3.970269203e+00 3.822019958e+01 0.000000000e+00
      vertex -2.884568691e+00 3.713449860e+01 0.000000000e+00
    endloop
  endfacet
  facet normal 7.250413895e-01 3.694266081e-01 -5.812392235e-01
    outer loop
      vertex -3.169699192e+00 4.007487106e+01 2.177441597e+00
      vertex -4.667330742e+00 3.958826065e+01 0.000000000e+00
      vertex -3.970269203e+00 3.822019958e+01 0.000000000e+00
    endloop
  endfacet
  facet normal 8.037142754e-01 1.272955537e-01 -5.812394619e-01
    outer loop
      vertex -3.332818747e+00 4.110476685e+01 2.177441597e+00
      vertex -4.907521725e+00 4.110476685e+01 0.000000000e+00
      vertex -4.667330742e+00 3.958826065e+01 0.000000000e+00
    endloop
  endfacet
  facet normal 8.037153482e-01 -1.272953600e-01 -5.812378526e-01
    outer loop
      vertex -4.907521725e+00 4.110476685e+01 0.000000000e+00
      vertex -3.332818747e+00 4.110476685e+01 2.177441597e+00
      vertex -3.169698954e+00 4.213466644e+01 2.177441597e+00
    endloop
  endfacet
  facet normal -8.037164807e-01 1.272966862e-01 -5.812360644e-01
    outer loop
      vertex -1.758116364e+00 4.110476685e+01 0.000000000e+00
      vertex -1.715091825e+00 4.137641144e+01 0.000000000e+00
      vertex -3.169698954e+00 4.213466644e+01 2.177441597e+00
    endloop
  endfacet
  facet normal -8.037146926e-01 1.272955984e-01 -5.812387466e-01
    outer loop
      vertex -3.332818747e+00 4.110476685e+01 2.177441597e+00
      vertex -1.758116364e+00 4.110476685e+01 0.000000000e+00
      vertex -3.169698954e+00 4.213466644e+01 2.177441597e+00
    endloop
  endfacet
  facet normal -7.250422239e-01 3.694284856e-01 -5.812370181e-01
    outer loop
      vertex -1.422346234e+00 4.213816071e+01 1.927308375e-07
      vertex -2.696306944e+00 4.306374741e+01 2.177441597e+00
      vertex -3.169698954e+00 4.213466644e+01 2.177441597e+00
    endloop
  endfacet
  facet normal -5.753976703e-01 5.753964186e-01 -5.812369585e-01
    outer loop
      vertex -1.033393979e+00 4.252711105e+01 1.927307949e-07
      vertex -1.958981156e+00 4.380107498e+01 2.177441597e+00
      vertex -2.696306944e+00 4.306374741e+01 2.177441597e+00
    endloop
  endfacet
  facet normal -3.694279492e-01 7.250416875e-01 -5.812379718e-01
    outer loop
      vertex -5.432872772e-01 4.277683640e+01 1.927308517e-07
      vertex -1.029897928e+00 4.427446747e+01 2.177441597e+00
      vertex -1.958981156e+00 4.380107498e+01 2.177441597e+00
    endloop
  endfacet
  facet normal -1.272963434e-01 -8.037136793e-01 -5.812401175e-01
    outer loop
      vertex 1.029898047e+00 4.427446747e+01 2.177441597e+00
      vertex 1.516508341e+00 4.577209854e+01 0.000000000e+00
      vertex 3.974346896e-08 4.601229095e+01 0.000000000e+00
    endloop
  endfacet
  facet normal -3.694276214e-01 -7.250411510e-01 -5.812389255e-01
    outer loop
      vertex 1.958982587e+00 4.380107498e+01 2.177441597e+00
      vertex 2.884569883e+00 4.507503510e+01 0.000000000e+00
      vertex 1.516508341e+00 4.577209854e+01 0.000000000e+00
    endloop
  endfacet
  facet normal -5.753971934e-01 -5.753963590e-01 -5.812376738e-01
    outer loop
      vertex 2.696307898e+00 4.306374741e+01 2.177441597e+00
      vertex 3.970269203e+00 4.398933411e+01 0.000000000e+00
      vertex 2.884569883e+00 4.507503510e+01 0.000000000e+00
    endloop
  endfacet
  facet normal -7.250418663e-01 -3.694280982e-01 -5.812374949e-01
    outer loop
      vertex 3.169698954e+00 4.213466644e+01 2.177441597e+00
      vertex 4.667330742e+00 4.262127686e+01 0.000000000e+00
      vertex 3.970269203e+00 4.398933411e+01 0.000000000e+00
    endloop
  endfacet
  facet normal 8.037133813e-01 1.272957325e-01 -5.812405944e-01
    outer loop
      vertex 3.332818747e+00 4.110476685e+01 2.177441597e+00
      vertex 3.169698954e+00 4.213466644e+01 2.177441597e+00
      vertex 1.672067642e+00 4.164805603e+01 0.000000000e+00
    endloop
  endfacet
  facet normal 8.037140369e-01 -1.272956729e-01 -5.812396407e-01
    outer loop
      vertex 1.758116364e+00 4.110476685e+01 0.000000000e+00
      vertex 1.672067761e+00 4.056147766e+01 0.000000000e+00
      vertex 3.169698954e+00 4.007486725e+01 2.177441597e+00
    endloop
  endfacet
  facet normal 7.250432968e-01 -3.694287539e-01 -5.812354088e-01
    outer loop
      vertex 1.672067761e+00 4.056147766e+01 0.000000000e+00
      vertex 1.422346354e+00 4.007137299e+01 0.000000000e+00
      vertex 2.696307182e+00 3.914578629e+01 2.177441597e+00
    endloop
  endfacet
  facet normal 5.753940940e-01 -5.753963590e-01 -5.812406540e-01
    outer loop
      vertex 1.422346354e+00 4.007137299e+01 0.000000000e+00
      vertex 1.033394694e+00 3.968242264e+01 0.000000000e+00
      vertex 1.958981752e+00 3.840845871e+01 2.177441597e+00
    endloop
  endfacet
  facet normal 3.694271147e-01 -7.250409126e-01 -5.812394023e-01
    outer loop
      vertex 1.029897571e+00 3.793506622e+01 2.177441597e+00
      vertex 1.958981752e+00 3.840845871e+01 2.177441597e+00
      vertex 1.033394694e+00 3.968242264e+01 0.000000000e+00
    endloop
  endfacet
  facet normal 0.000000000e+00 0.000000000e+00 0.000000000e+00
    outer loop
      vertex -1.030306223e-07 3.777194977e+01 2.177441597e+00
      vertex 1.029897571e+00 3.793506622e+01 2.177441597e+00
      vertex -1.243473804e-07 3.777194977e+01 2.177441597e+00
    endloop
  endfacet
  facet normal 0.000000000e+00 -3.123475239e-02 9.995120764e-01
    outer loop
      vertex -1.030306223e-07 3.777194977e+01 2.177441597e+00
      vertex 4.998599223e-08 3.777194977e+01 2.177441597e+00
      vertex 1.511053085e+00 3.645422745e+01 2.440890297e-02
    endloop
  endfacet
  facet normal 1.272902936e-01 -8.037161827e-01 -5.812379718e-01
    outer loop
      vertex -1.456821366e-07 3.934665298e+01 0.000000000e+00
      vertex -1.456821366e-07 3.777194977e+01 2.177441597e+00
      vertex 5.432872176e-01 3.943269730e+01 0.000000000e+00
    endloop
  endfacet
  facet normal 0.000000000e+00 0.000000000e+00 0.000000000e+00
    outer loop
      vertex -1.456821366e-07 3.777194977e+01 2.177441597e+00
      vertex -1.243473804e-07 3.777194977e+01 2.177441597e+00
      vertex 1.029897571e+00 3.793506622e+01 2.177441597e+00
    endloop
  endfacet
  facet normal -1.272934377e-01 -8.037150502e-01 -5.812388659e-01
    outer loop
      vertex -1.029897809e+00 3.793506622e+01 2.177441597e+00
      vertex -2.522417049e-07 3.777194977e+01 2.177441597e+00
      vertex -5.432872772e-01 3.943269730e+01 0.000000000e+00
    endloop
  endfacet
  facet normal 0.000000000e+00 -8.103049994e-01 -5.860084295e-01
    outer loop
      vertex -2.522417049e-07 3.777194977e+01 2.177441597e+00
      vertex -1.456821366e-07 3.777194977e+01 2.177441597e+00
      vertex -1.456821366e-07 3.934665298e+01 0.000000000e+00
    endloop
  endfacet
  facet normal 0.000000000e+00 0.000000000e+00 1.000000000e+00
    outer loop
      vertex -2.522417049e-07 3.777194977e+01 2.177441597e+00
      vertex -2.589716246e-07 3.777194977e+01 2.177441597e+00
      vertex -1.456821366e-07 3.777194977e+01 2.177441597e+00
    endloop
  endfacet
  facet normal 3.694280684e-01 7.250415683e-01 -5.812380314e-01
    outer loop
      vertex -1.492737770e+00 3.651059341e+01 1.063664407e-01
      vertex -1.029897809e+00 3.793506622e+01 2.177441597e+00
      vertex -2.884568691e+00 3.713449860e+01 0.000000000e+00
    endloop
  endfacet
  facet normal 3.694196045e-01 7.250265479e-01 -5.812620521e-01
    outer loop
      vertex -1.569031954e+00 3.646419907e+01 0.000000000e+00
      vertex -1.492737770e+00 3.651059341e+01 1.063664407e-01
      vertex -2.884568691e+00 3.713449860e+01 0.000000000e+00
    endloop
  endfacet
  facet normal -3.694306612e-01 -7.250391841e-01 -5.812393427e-01
    outer loop
      vertex -5.432872772e-01 3.943269730e+01 0.000000000e+00
      vertex -1.033394575e+00 3.968242264e+01 0.000000000e+00
      vertex -1.958981514e+00 3.840845871e+01 2.177441597e+00
    endloop
  endfacet
  facet normal -5.753942728e-01 -5.753960013e-01 -5.812408924e-01
    outer loop
      vertex -1.033394575e+00 3.968242264e+01 0.000000000e+00
      vertex -1.422345757e+00 4.007137299e+01 0.000000000e+00
      vertex -2.696307421e+00 3.914578629e+01 2.177441597e+00
    endloop
  endfacet
  facet normal -7.250388861e-01 -3.694256246e-01 -5.812429190e-01
    outer loop
      vertex -1.422345757e+00 4.007137299e+01 0.000000000e+00
      vertex -1.672067881e+00 4.056148148e+01 0.000000000e+00
      vertex -3.169699192e+00 4.007487106e+01 2.177441597e+00
    endloop
  endfacet
  facet normal -8.037145138e-01 -1.272966564e-01 -5.812388659e-01
    outer loop
      vertex -1.672067881e+00 4.056148148e+01 0.000000000e+00
      vertex -1.758116364e+00 4.110476685e+01 0.000000000e+00
      vertex -3.332818747e+00 4.110476685e+01 2.177441597e+00
    endloop
  endfacet
  facet normal -2.320971936e-01 1.182597503e-01 -9.654768109e-01
    outer loop
      vertex -1.422346234e+00 4.213816071e+01 1.927308375e-07
      vertex -1.672067523e+00 4.164805603e+01 1.927308517e-07
      vertex -1.672067642e+00 4.164805603e+01 0.000000000e+00
    endloop
  endfacet
  facet normal 7.250411510e-01 -3.694276214e-01 -5.812389255e-01
    outer loop
      vertex -3.169698954e+00 4.213466644e+01 2.177441597e+00
      vertex -2.696306944e+00 4.306374741e+01 2.177441597e+00
      vertex -3.970267296e+00 4.398933411e+01 0.000000000e+00
    endloop
  endfacet
  facet normal -3.098338284e-02 3.098352626e-02 -9.990395308e-01
    outer loop
      vertex -1.033393979e+00 4.252711105e+01 1.927307949e-07
      vertex -1.422346234e+00 4.213816071e+01 1.927308375e-07
      vertex -1.422346354e+00 4.213816071e+01 0.000000000e+00
    endloop
  endfacet
  facet normal 5.753979087e-01 -5.753961802e-01 -5.812370777e-01
    outer loop
      vertex -2.696306944e+00 4.306374741e+01 2.177441597e+00
      vertex -1.958981156e+00 4.380107498e+01 2.177441597e+00
      vertex -2.884567976e+00 4.507503510e+01 0.000000000e+00
    endloop
  endfacet
  facet normal -4.539954364e-01 8.910039663e-01 0.000000000e+00
    outer loop
      vertex -5.432873368e-01 4.277683640e+01 0.000000000e+00
      vertex -5.432872772e-01 4.277683640e+01 1.927308517e-07
      vertex -1.033393979e+00 4.252711105e+01 1.927307949e-07
    endloop
  endfacet
  facet normal 3.694280088e-01 -7.250416279e-01 -5.812379122e-01
    outer loop
      vertex -1.958981156e+00 4.380107498e+01 2.177441597e+00
      vertex -1.029897928e+00 4.427446747e+01 2.177441597e+00
      vertex -1.516508579e+00 4.577209854e+01 0.000000000e+00
    endloop
  endfacet
  facet normal 1.272962689e-01 -8.037137985e-01 -5.812400579e-01
    outer loop
      vertex 3.974346896e-08 4.601229095e+01 0.000000000e+00
      vertex -1.516508579e+00 4.577209854e+01 0.000000000e+00
      vertex 3.974346896e-08 4.443758774e+01 2.177441597e+00
    endloop
  endfacet
  facet normal 0.000000000e+00 0.000000000e+00 0.000000000e+00
    outer loop
      vertex 3.974346896e-08 4.443758774e+01 2.177441597e+00
      vertex 3.974346896e-08 4.443758774e+01 2.177441597e+00
      vertex 3.974346896e-08 4.601229095e+01 0.000000000e+00
    endloop
  endfacet
  facet normal 0.000000000e+00 0.000000000e+00 0.000000000e+00
    outer loop
      vertex 3.974346896e-08 4.443758774e+01 2.177441597e+00
      vertex -1.359699979e-07 4.443758774e+01 2.177441597e+00
      vertex 3.974346896e-08 4.443758774e+01 2.177441597e+00
    endloop
  endfacet
  facet normal 0.000000000e+00 0.000000000e+00 1.000000000e+00
    outer loop
      vertex 3.974346896e-08 4.443758774e+01 2.177441597e+00
      vertex -1.685549904e-07 4.443758774e+01 2.177441597e+00
      vertex -1.359699979e-07 4.443758774e+01 2.177441597e+00
    endloop
  endfacet
  facet normal 0.000000000e+00 0.000000000e+00 1.000000000e+00
    outer loop
      vertex 3.974346896e-08 4.443758774e+01 2.177441597e+00
      vertex -1.634650744e-07 4.443758774e+01 2.177441597e+00
      vertex -1.685549904e-07 4.443758774e+01 2.177441597e+00
    endloop
  endfacet
  facet normal 0.000000000e+00 0.000000000e+00 -1.000000000e+00
    outer loop
      vertex 3.974346896e-08 4.443758774e+01 2.177441597e+00
      vertex -1.359699979e-07 4.443758774e+01 2.177441597e+00
      vertex -1.634650744e-07 4.443758774e+01 2.177441597e+00
    endloop
  endfacet
  facet normal -1.273016930e-01 8.037124276e-01 -5.812404752e-01
    outer loop
      vertex 3.974346896e-08 4.443758774e+01 2.177441597e+00
      vertex -5.432872772e-01 4.277683640e+01 1.927308517e-07
      vertex -2.716436088e-01 4.281986237e+01 0.000000000e+00
    endloop
  endfacet
  facet normal -1.272789538e-01 8.037160635e-01 -5.812405348e-01
    outer loop
      vertex 3.974346896e-08 4.443758774e+01 2.177441597e+00
      vertex -2.716436088e-01 4.281986237e+01 0.000000000e+00
      vertex 3.974346896e-08 4.286288071e+01 0.000000000e+00
    endloop
  endfacet
  facet normal 1.272898316e-01 8.037140369e-01 -5.812410116e-01
    outer loop
      vertex 3.974346896e-08 4.286288071e+01 0.000000000e+00
      vertex 5.432879329e-01 4.277683640e+01 0.000000000e+00
      vertex 1.029898047e+00 4.427446747e+01 2.177441597e+00
    endloop
  endfacet
  facet normal 3.694294095e-01 7.250373363e-01 -5.812425017e-01
    outer loop
      vertex 5.432879329e-01 4.277683640e+01 0.000000000e+00
      vertex 1.033395529e+00 4.252711105e+01 0.000000000e+00
      vertex 1.958982587e+00 4.380107498e+01 2.177441597e+00
    endloop
  endfacet
  facet normal 5.753961802e-01 5.753972530e-01 -5.812376738e-01
    outer loop
      vertex 1.033395529e+00 4.252711105e+01 0.000000000e+00
      vertex 1.422346592e+00 4.213816071e+01 0.000000000e+00
      vertex 2.696307898e+00 4.306374741e+01 2.177441597e+00
    endloop
  endfacet
  facet normal 7.250438929e-01 3.694290519e-01 -5.812345743e-01
    outer loop
      vertex 2.696307898e+00 4.306374741e+01 2.177441597e+00
      vertex 1.422346592e+00 4.213816071e+01 0.000000000e+00
      vertex 1.672067642e+00 4.164805603e+01 0.000000000e+00
    endloop
  endfacet
  facet normal 0.000000000e+00 0.000000000e+00 1.000000000e+00
    outer loop
      vertex -3.770642471e+01 9.762454033e+00 0.000000000e+00
      vertex -3.926173782e+01 1.245634079e+01 0.000000000e+00
      vertex -3.197338676e+01 1.664611816e+01 0.000000000e+00
    endloop
  endfacet
  facet normal 0.000000000e+00 0.000000000e+00 1.000000000e+00
    outer loop
      vertex -3.770642090e+01 -2.356573677e+01 0.000000000e+00
      vertex -3.926173401e+01 -2.087184906e+01 0.000000000e+00
      vertex -3.194197655e+01 -1.668445206e+01 0.000000000e+00
    endloop
  endfacet
  facet normal 0.000000000e+00 0.000000000e+00 1.000000000e+00
    outer loop
      vertex -3.925365067e+01 2.086716080e+01 0.000000000e+00
      vertex -3.926173401e+01 2.087184906e+01 0.000000000e+00
      vertex -3.770642090e+01 2.356573677e+01 0.000000000e+00
    endloop
  endfacet
  facet normal 0.000000000e+00 0.000000000e+00 1.000000000e+00
    outer loop
      vertex -3.197338676e+01 1.664611816e+01 0.000000000e+00
      vertex -3.925365067e+01 2.086716080e+01 0.000000000e+00
      vertex -3.770642090e+01 2.356573677e+01 0.000000000e+00
    endloop
  endfacet
  facet normal 0.000000000e+00 0.000000000e+00 1.000000000e+00
    outer loop
      vertex -3.193986130e+01 -1.668323135e+01 0.000000000e+00
      vertex -3.770642471e+01 -9.762454033e+00 0.000000000e+00
      vertex -2.886305809e+01 -1.487305164e+01 0.000000000e+00
    endloop
  endfacet
  facet normal 0.000000000e+00 0.000000000e+00 1.000000000e+00
    outer loop
      vertex -2.886305428e+01 1.486983013e+01 0.000000000e+00
      vertex -3.770642471e+01 9.762454033e+00 0.000000000e+00
      vertex -3.197338676e+01 1.664611816e+01 0.000000000e+00
    endloop
  endfacet
  facet normal 0.000000000e+00 0.000000000e+00 1.000000000e+00
    outer loop
      vertex -3.770359802e+01 -2.356411552e+01 0.000000000e+00
      vertex -3.770642090e+01 -2.356573677e+01 0.000000000e+00
      vertex -3.194197655e+01 -1.668445206e+01 0.000000000e+00
    endloop
  endfacet
  facet normal 0.000000000e+00 0.000000000e+00 1.000000000e+00
    outer loop
      vertex -3.197338676e+01 1.664611816e+01 0.000000000e+00
      vertex -3.770642090e+01 2.356573677e+01 0.000000000e+00
      vertex -3.041825485e+01 1.932215881e+01 0.000000000e+00
    endloop
  endfacet
  facet normal 0.000000000e+00 0.000000000e+00 9.999999404e-01
    outer loop
      vertex -3.040127182e+01 -1.936693573e+01 0.000000000e+00
      vertex -3.770359802e+01 -2.356411552e+01 0.000000000e+00
      vertex -3.194197655e+01 -1.668445206e+01 0.000000000e+00
    endloop
  endfacet
  facet normal 0.000000000e+00 0.000000000e+00 1.000000000e+00
    outer loop
      vertex -2.886305428e+01 1.486983013e+01 0.000000000e+00
      vertex -3.197338676e+01 1.664611816e+01 0.000000000e+00
      vertex -3.041825485e+01 1.932215881e+01 0.000000000e+00
    endloop
  endfacet
  facet normal 0.000000000e+00 0.000000000e+00 9.999999404e-01
    outer loop
      vertex -3.040127182e+01 -1.936693573e+01 0.000000000e+00
      vertex -3.194197655e+01 -1.668445206e+01 0.000000000e+00
      vertex -3.193986130e+01 -1.668323135e+01 0.000000000e+00
    endloop
  endfacet
  facet normal 0.000000000e+00 0.000000000e+00 1.000000000e+00
    outer loop
      vertex -3.040127182e+01 -1.936693573e+01 0.000000000e+00
      vertex -3.193986130e+01 -1.668323135e+01 0.000000000e+00
      vertex -2.886305809e+01 -1.487305164e+01 0.000000000e+00
    endloop
  endfacet
  facet normal 0.000000000e+00 0.000000000e+00 1.000000000e+00
    outer loop
      vertex -2.730774307e+01 -2.777349091e+01 0.000000000e+00
      vertex -3.041837311e+01 -2.777349091e+01 0.000000000e+00
      vertex -3.040127182e+01 -1.936693573e+01 0.000000000e+00
    endloop
  endfacet
  facet normal 0.000000000e+00 0.000000000e+00 9.999999404e-01
    outer loop
      vertex -3.041825485e+01 1.932215881e+01 0.000000000e+00
      vertex -3.041837311e+01 2.777349091e+01 0.000000000e+00
      vertex -2.730774307e+01 2.777349091e+01 0.000000000e+00
    endloop
  endfacet
  facet normal 0.000000000e+00 0.000000000e+00 1.000000000e+00
    outer loop
      vertex -2.886305428e+01 1.486983013e+01 0.000000000e+00
      vertex -3.041825485e+01 1.932215881e+01 0.000000000e+00
      vertex -2.730774307e+01 2.777349091e+01 0.000000000e+00
    endloop
  endfacet
  facet normal 0.000000000e+00 0.000000000e+00 1.000000000e+00
    outer loop
      vertex -2.730774307e+01 -2.777349091e+01 0.000000000e+00
      vertex -3.040127182e+01 -1.936693573e+01 0.000000000e+00
      vertex -2.886305809e+01 -1.487305164e+01 0.000000000e+00
    endloop
  endfacet
  facet normal 0.000000000e+00 0.000000000e+00 0.000000000e+00
    outer loop
      vertex -2.231884384e+01 -1.112853432e+01 0.000000000e+00
      vertex -2.964071465e+01 -6.901640892e+00 0.000000000e+00
      vertex -2.964071465e+01 -6.901640415e+00 0.000000000e+00
    endloop
  endfacet
  facet normal 0.000000000e+00 0.000000000e+00 1.000000000e+00
    outer loop
      vertex -2.231884384e+01 -1.112853432e+01 0.000000000e+00
      vertex -2.964071465e+01 -6.901640415e+00 0.000000000e+00
      vertex -2.808539963e+01 -4.207755089e+00 0.000000000e+00
    endloop
  endfacet
  facet normal 0.000000000e+00 0.000000000e+00 1.000000000e+00
    outer loop
      vertex -2.808539963e+01 4.207755089e+00 0.000000000e+00
      vertex -2.964071465e+01 6.901640415e+00 0.000000000e+00
      vertex -2.235236740e+01 1.109141731e+01 0.000000000e+00
    endloop
  endfacet
  facet normal 0.000000000e+00 0.000000000e+00 1.000000000e+00
    outer loop
      vertex -2.731154060e+01 -1.755986404e+01 0.000000000e+00
      vertex -2.730774307e+01 -2.777348900e+01 0.000000000e+00
      vertex -2.730774307e+01 -2.777349091e+01 0.000000000e+00
    endloop
  endfacet
  facet normal 0.000000000e+00 0.000000000e+00 1.000000000e+00
    outer loop
      vertex -2.731154060e+01 -1.755986404e+01 0.000000000e+00
      vertex -2.730774307e+01 -2.777349091e+01 0.000000000e+00
      vertex -2.886305809e+01 -1.487305164e+01 0.000000000e+00
    endloop
  endfacet
  facet normal 0.000000000e+00 0.000000000e+00 1.000000000e+00
    outer loop
      vertex -2.731154060e+01 -1.755986404e+01 0.000000000e+00
      vertex -2.886305809e+01 -1.487305164e+01 0.000000000e+00
      vertex -2.231884384e+01 -1.112853432e+01 0.000000000e+00
    endloop
  endfacet
  facet normal 0.000000000e+00 0.000000000e+00 9.999999404e-01
    outer loop
      vertex -2.886305428e+01 1.486983013e+01 0.000000000e+00
      vertex -2.730774307e+01 2.777349091e+01 0.000000000e+00
      vertex -2.730932236e+01 1.756114388e+01 0.000000000e+00
    endloop
  endfacet
  facet normal 0.000000000e+00 0.000000000e+00 1.000000000e+00
    outer loop
      vertex -2.286461067e+01 1.138842964e+01 0.000000000e+00
      vertex -2.886305428e+01 1.486983013e+01 0.000000000e+00
      vertex -2.730932236e+01 1.756114388e+01 0.000000000e+00
    endloop
  endfacet
  facet normal 0.000000000e+00 0.000000000e+00 1.000000000e+00
    outer loop
      vertex -2.231884384e+01 -1.112853432e+01 0.000000000e+00
      vertex -2.808539963e+01 -4.207755089e+00 0.000000000e+00
      vertex -1.924203873e+01 -9.318352699e+00 0.000000000e+00
    endloop
  endfacet
  facet normal 0.000000000e+00 0.000000000e+00 1.000000000e+00
    outer loop
      vertex -1.924203300e+01 9.315131187e+00 0.000000000e+00
      vertex -2.808539963e+01 4.207755089e+00 0.000000000e+00
      vertex -2.235236740e+01 1.109141731e+01 0.000000000e+00
    endloop
  endfacet
  facet normal 0.000000000e+00 0.000000000e+00 1.000000000e+00
    outer loop
      vertex -2.078025246e+01 -1.381223774e+01 0.000000000e+00
      vertex -2.731154060e+01 -1.755986404e+01 0.000000000e+00
      vertex -2.231884384e+01 -1.112853432e+01 0.000000000e+00
    endloop
  endfacet
  facet normal 0.000000000e+00 0.000000000e+00 1.000000000e+00
    outer loop
      vertex -2.286461067e+01 1.138842964e+01 0.000000000e+00
      vertex -2.730932236e+01 1.756114388e+01 0.000000000e+00
      vertex -2.079723549e+01 1.376745987e+01 0.000000000e+00
    endloop
  endfacet
  facet normal 0.000000000e+00 0.000000000e+00 9.999999404e-01
    outer loop
      vertex -2.235236740e+01 1.109141731e+01 0.000000000e+00
      vertex -2.286461067e+01 1.138842964e+01 0.000000000e+00
      vertex -2.079723549e+01 1.376745987e+01 0.000000000e+00
    endloop
  endfacet
  facet normal 0.000000000e+00 0.000000000e+00 1.000000000e+00
    outer loop
      vertex -1.924203300e+01 9.315131187e+00 0.000000000e+00
      vertex -2.235236740e+01 1.109141731e+01 0.000000000e+00
      vertex -2.079723549e+01 1.376745987e+01 0.000000000e+00
    endloop
  endfacet
  facet normal 0.000000000e+00 0.000000000e+00 1.000000000e+00
    outer loop
      vertex -2.078025246e+01 -1.381223774e+01 0.000000000e+00
      vertex -2.231884384e+01 -1.112853432e+01 0.000000000e+00
      vertex -1.924203873e+01 -9.318352699e+00 0.000000000e+00
    endloop
  endfacet
  facet normal 0.000000000e+00 0.000000000e+00 1.000000000e+00
    outer loop
      vertex -1.768672371e+01 -2.221879387e+01 0.000000000e+00
      vertex -2.079735374e+01 -2.221879387e+01 0.000000000e+00
      vertex -2.078025246e+01 -1.381223774e+01 0.000000000e+00
    endloop
  endfacet
  facet normal 0.000000000e+00 0.000000000e+00 9.999999404e-01
    outer loop
      vertex -2.079723549e+01 1.376745987e+01 0.000000000e+00
      vertex -2.079735374e+01 2.221879387e+01 0.000000000e+00
      vertex -1.768672371e+01 2.221879387e+01 0.000000000e+00
    endloop
  endfacet
  facet normal 0.000000000e+00 0.000000000e+00 9.999999404e-01
    outer loop
      vertex -1.924203300e+01 9.315131187e+00 0.000000000e+00
      vertex -2.079723549e+01 1.376745987e+01 0.000000000e+00
      vertex -1.768672371e+01 2.221879387e+01 0.000000000e+00
    endloop
  endfacet
  facet normal 0.000000000e+00 0.000000000e+00 1.000000000e+00
    outer loop
      vertex -1.768672371e+01 -2.221879387e+01 0.000000000e+00
      vertex -2.078025246e+01 -1.381223774e+01 0.000000000e+00
      vertex -1.924203873e+01 -9.318352699e+00 0.000000000e+00
    endloop
  endfacet
  facet normal 0.000000000e+00 0.000000000e+00 1.000000000e+00
    outer loop
      vertex -2.001969528e+01 -1.346943140e+00 0.000000000e+00
      vertex -2.001969719e+01 -1.346942663e+00 0.000000000e+00
      vertex -1.924203873e+01 -2.943836996e-08 0.000000000e+00
    endloop
  endfacet
  facet normal 0.000000000e+00 0.000000000e+00 1.000000000e+00
    outer loop
      vertex -1.924203873e+01 -2.943836996e-08 0.000000000e+00
      vertex -2.001969719e+01 1.346942782e+00 0.000000000e+00
      vertex -1.273134899e+01 5.536719322e+00 0.000000000e+00
    endloop
  endfacet
  facet normal 0.000000000e+00 0.000000000e+00 1.000000000e+00
    outer loop
      vertex -1.269782543e+01 -5.573835850e+00 0.000000000e+00
      vertex -2.001969528e+01 -1.346943140e+00 0.000000000e+00
      vertex -1.924203873e+01 -2.943836996e-08 0.000000000e+00
    endloop
  endfacet
  facet normal 0.000000000e+00 0.000000000e+00 0.000000000e+00
    outer loop
      vertex -1.769052124e+01 -1.200516701e+01 0.000000000e+00
      vertex -1.768672371e+01 -2.221879196e+01 0.000000000e+00
      vertex -1.768672371e+01 -2.221879387e+01 0.000000000e+00
    endloop
  endfacet
  facet normal 0.000000000e+00 0.000000000e+00 1.000000000e+00
    outer loop
      vertex -1.769052124e+01 -1.200516701e+01 0.000000000e+00
      vertex -1.768672371e+01 -2.221879387e+01 0.000000000e+00
      vertex -1.924203873e+01 -9.318352699e+00 0.000000000e+00
    endloop
  endfacet
  facet normal 0.000000000e+00 0.000000000e+00 1.000000000e+00
    outer loop
      vertex -1.769052124e+01 -1.200516701e+01 0.000000000e+00
      vertex -1.924203873e+01 -9.318352699e+00 0.000000000e+00
      vertex -1.269782543e+01 -5.573835850e+00 0.000000000e+00
    endloop
  endfacet
  facet normal 0.000000000e+00 0.000000000e+00 1.000000000e+00
    outer loop
      vertex -1.115923309e+01 -8.257538795e+00 0.000000000e+00
      vertex -1.769052124e+01 -1.200516701e+01 0.000000000e+00
      vertex -1.269782543e+01 -5.573835850e+00 0.000000000e+00
    endloop
  endfacet
  facet normal 0.000000000e+00 0.000000000e+00 1.000000000e+00
    outer loop
      vertex -9.621019363e+00 -1.666409492e+01 0.000000000e+00
      vertex -1.117633438e+01 -1.666409492e+01 0.000000000e+00
      vertex -1.115923309e+01 -8.257538795e+00 0.000000000e+00
    endloop
  endfacet
  facet normal 0.000000000e+00 0.000000000e+00 1.000000000e+00
    outer loop
      vertex -9.621019363e+00 -3.763654709e+00 0.000000000e+00
      vertex -8.069501877e+00 -6.450467587e+00 0.000000000e+00
      vertex -8.066704750e+00 -1.397318840e+01 0.000000000e+00
    endloop
  endfacet
  facet normal 0.000000000e+00 0.000000000e+00 1.000000000e+00
    outer loop
      vertex -9.621019363e+00 -3.763654709e+00 0.000000000e+00
      vertex -8.066704750e+00 -1.397318840e+01 0.000000000e+00
      vertex -9.621019363e+00 -1.666409492e+01 0.000000000e+00
    endloop
  endfacet
  facet normal 0.000000000e+00 0.000000000e+00 1.000000000e+00
    outer loop
      vertex -9.621019363e+00 -3.763654709e+00 0.000000000e+00
      vertex -9.621019363e+00 -1.666409492e+01 0.000000000e+00
      vertex -1.115923309e+01 -8.257538795e+00 0.000000000e+00
    endloop
  endfacet
  facet normal 0.000000000e+00 0.000000000e+00 1.000000000e+00
    outer loop
      vertex -9.621019363e+00 -3.763654709e+00 0.000000000e+00
      vertex -1.115923309e+01 -8.257538795e+00 0.000000000e+00
      vertex -1.269782543e+01 -5.573835850e+00 0.000000000e+00
    endloop
  endfacet
  facet normal 0.000000000e+00 0.000000000e+00 1.000000000e+00
    outer loop
      vertex -1.613290024e+01 -4.248430778e-04 0.000000000e+00
      vertex -9.621019363e+00 -3.763654709e+00 0.000000000e+00
      vertex -1.269782543e+01 -5.573835850e+00 0.000000000e+00
    endloop
  endfacet
  facet normal 0.000000000e+00 0.000000000e+00 1.000000000e+00
    outer loop
      vertex -1.613290024e+01 -4.248430778e-04 0.000000000e+00
      vertex -1.269782543e+01 -5.573835850e+00 0.000000000e+00
      vertex -1.924203873e+01 -2.943836996e-08 0.000000000e+00
    endloop
  endfacet
  facet normal 0.000000000e+00 0.000000000e+00 1.000000000e+00
    outer loop
      vertex -1.613290024e+01 -4.248430778e-04 0.000000000e+00
      vertex -1.924203873e+01 -2.943836996e-08 0.000000000e+00
      vertex -1.273134899e+01 5.536719322e+00 0.000000000e+00
    endloop
  endfacet
  facet normal 0.000000000e+00 0.000000000e+00 1.000000000e+00
    outer loop
      vertex -1.924203300e+01 9.315131187e+00 0.000000000e+00
      vertex -1.768672371e+01 2.221879387e+01 0.000000000e+00
      vertex -1.768830299e+01 1.200644588e+01 0.000000000e+00
    endloop
  endfacet
  facet normal 0.000000000e+00 0.000000000e+00 1.000000000e+00
    outer loop
      vertex -1.324359512e+01 5.833733559e+00 0.000000000e+00
      vertex -1.924203300e+01 9.315131187e+00 0.000000000e+00
      vertex -1.768830299e+01 1.200644588e+01 0.000000000e+00
    endloop
  endfacet
  facet normal 0.000000000e+00 0.000000000e+00 1.000000000e+00
    outer loop
      vertex -1.324359512e+01 5.833733559e+00 0.000000000e+00
      vertex -1.768830299e+01 1.200644588e+01 0.000000000e+00
      vertex -1.117621517e+01 8.212761879e+00 0.000000000e+00
    endloop
  endfacet
  facet normal 0.000000000e+00 0.000000000e+00 1.000000000e+00
    outer loop
      vertex -9.621015549e+00 3.760432482e+00 0.000000000e+00
      vertex -1.613290024e+01 -4.248430778e-04 0.000000000e+00
      vertex -1.273134899e+01 5.536719322e+00 0.000000000e+00
    endloop
  endfacet
  facet normal 0.000000000e+00 0.000000000e+00 1.000000000e+00
    outer loop
      vertex -1.273134899e+01 5.536719322e+00 0.000000000e+00
      vertex -1.324359512e+01 5.833733559e+00 0.000000000e+00
      vertex -1.117621517e+01 8.212761879e+00 0.000000000e+00
    endloop
  endfacet
  facet normal 0.000000000e+00 0.000000000e+00 1.000000000e+00
    outer loop
      vertex -9.621015549e+00 3.760432482e+00 0.000000000e+00
      vertex -1.273134899e+01 5.536719322e+00 0.000000000e+00
      vertex -1.117621517e+01 8.212761879e+00 0.000000000e+00
    endloop
  endfacet
  facet normal 0.000000000e+00 0.000000000e+00 9.999999404e-01
    outer loop
      vertex -1.117621517e+01 8.212761879e+00 0.000000000e+00
      vertex -1.117633438e+01 1.666409492e+01 0.000000000e+00
      vertex -9.621019363e+00 1.666409492e+01 0.000000000e+00
    endloop
  endfacet
  facet normal 0.000000000e+00 0.000000000e+00 1.000000000e+00
    outer loop
      vertex -9.621015549e+00 3.760432482e+00 0.000000000e+00
      vertex -1.117621517e+01 8.212761879e+00 0.000000000e+00
      vertex -9.621019363e+00 1.666409492e+01 0.000000000e+00
    endloop
  endfacet
  facet normal 0.000000000e+00 0.000000000e+00 1.000000000e+00
    outer loop
      vertex -8.843362808e+00 -4.022983170e+01 0.000000000e+00
      vertex -1.039867783e+01 -3.753594589e+01 0.000000000e+00
      vertex -1.555059671e+00 -3.243037796e+01 0.000000000e+00
    endloop
  endfacet
  facet normal 0.000000000e+00 0.000000000e+00 1.000000000e+00
    outer loop
      vertex -8.843362808e+00 -2.912043381e+01 0.000000000e+00
      vertex -1.039867783e+01 -2.642654800e+01 0.000000000e+00
      vertex -1.555059314e+00 -2.132097816e+01 0.000000000e+00
    endloop
  endfacet
  facet normal 0.000000000e+00 0.000000000e+00 1.000000000e+00
    outer loop
      vertex -1.555024743e+00 2.132099724e+01 0.000000000e+00
      vertex -1.039867783e+01 2.642654800e+01 0.000000000e+00
      vertex -8.843362808e+00 2.912043381e+01 0.000000000e+00
    endloop
  endfacet
  facet normal 0.000000000e+00 0.000000000e+00 9.999999404e-01
    outer loop
      vertex -1.555024981e+00 3.243039703e+01 0.000000000e+00
      vertex -1.039867783e+01 3.753594589e+01 0.000000000e+00
      vertex -8.843362808e+00 4.022983170e+01 0.000000000e+00
    endloop
  endfacet
  facet normal 0.000000000e+00 0.000000000e+00 1.000000000e+00
    outer loop
      vertex -8.843362808e+00 -1.801103783e+01 0.000000000e+00
      vertex -9.621019363e+00 -1.666409492e+01 0.000000000e+00
      vertex -8.066704750e+00 -1.397318840e+01 0.000000000e+00
    endloop
  endfacet
  facet normal 0.000000000e+00 0.000000000e+00 1.000000000e+00
    outer loop
      vertex -8.069501877e+00 -6.450467587e+00 0.000000000e+00
      vertex -9.621019363e+00 -3.763654709e+00 0.000000000e+00
      vertex -3.107649326e+00 4.357206053e-04 0.000000000e+00
    endloop
  endfacet
  facet normal 0.000000000e+00 0.000000000e+00 1.000000000e+00
    outer loop
      vertex -9.621015549e+00 3.760432482e+00 0.000000000e+00
      vertex -9.621019363e+00 1.666409492e+01 0.000000000e+00
      vertex -8.843362808e+00 1.801103783e+01 0.000000000e+00
    endloop
  endfacet
  facet normal 0.000000000e+00 0.000000000e+00 1.000000000e+00
    outer loop
      vertex -3.107649326e+00 4.357206053e-04 0.000000000e+00
      vertex -9.621015549e+00 3.760432482e+00 0.000000000e+00
      vertex -8.067283630e+00 6.451747894e+00 0.000000000e+00
    endloop
  endfacet
  facet normal 0.000000000e+00 0.000000000e+00 1.000000000e+00
    outer loop
      vertex -1.569564104e+00 -3.601375198e+01 0.000000000e+00
      vertex -8.843362808e+00 -4.022983170e+01 0.000000000e+00
      vertex -1.555059671e+00 -3.243037796e+01 0.000000000e+00
    endloop
  endfacet
  facet normal 0.000000000e+00 0.000000000e+00 1.000000000e+00
    outer loop
      vertex -1.569564104e+00 -2.490435600e+01 0.000000000e+00
      vertex -8.843362808e+00 -2.912043381e+01 0.000000000e+00
      vertex -1.555059314e+00 -2.132097816e+01 0.000000000e+00
    endloop
  endfacet
  facet normal 0.000000000e+00 0.000000000e+00 1.000000000e+00
    outer loop
      vertex -1.569563866e+00 -1.379495811e+01 0.000000000e+00
      vertex -8.843362808e+00 -1.801103783e+01 0.000000000e+00
      vertex -8.066704750e+00 -1.397318840e+01 0.000000000e+00
    endloop
  endfacet
  facet normal 0.000000000e+00 0.000000000e+00 1.000000000e+00
    outer loop
      vertex -1.555024743e+00 2.132099724e+01 0.000000000e+00
      vertex -8.843362808e+00 2.912043381e+01 0.000000000e+00
      vertex -8.821939468e+00 2.910801506e+01 0.000000000e+00
    endloop
  endfacet
  facet normal 0.000000000e+00 0.000000000e+00 1.000000000e+00
    outer loop
      vertex -1.555024981e+00 3.243039703e+01 0.000000000e+00
      vertex -8.843362808e+00 4.022983170e+01 0.000000000e+00
      vertex -8.821939468e+00 4.021741486e+01 0.000000000e+00
    endloop
  endfacet
  facet normal 0.000000000e+00 0.000000000e+00 1.000000000e+00
    outer loop
      vertex -1.555024743e+00 2.132099724e+01 0.000000000e+00
      vertex -8.821939468e+00 2.910801506e+01 0.000000000e+00
      vertex -1.569806576e+00 2.490420723e+01 0.000000000e+00
    endloop
  endfacet
  facet normal 0.000000000e+00 0.000000000e+00 1.000000000e+00
    outer loop
      vertex -1.555024981e+00 3.243039703e+01 0.000000000e+00
      vertex -8.821939468e+00 4.021741486e+01 0.000000000e+00
      vertex -1.569806933e+00 3.601360321e+01 0.000000000e+00
    endloop
  endfacet
  facet normal 0.000000000e+00 0.000000000e+00 9.999999404e-01
    outer loop
      vertex -1.553235173e+00 -2.691529036e+00 0.000000000e+00
      vertex -8.069501877e+00 -6.450467587e+00 0.000000000e+00
      vertex -3.107649326e+00 4.357206053e-04 0.000000000e+00
    endloop
  endfacet
  facet normal 0.000000000e+00 0.000000000e+00 1.000000000e+00
    outer loop
      vertex -3.107649326e+00 4.357206053e-04 0.000000000e+00
      vertex -8.067283630e+00 6.451747894e+00 0.000000000e+00
      vertex -1.855527997e+00 2.866667986e+00 0.000000000e+00
    endloop
  endfacet
  facet normal 0.000000000e+00 0.000000000e+00 1.000000000e+00
    outer loop
      vertex -1.569563866e+00 -1.379495811e+01 0.000000000e+00
      vertex -8.066704750e+00 -1.397318840e+01 0.000000000e+00
      vertex -2.872323513e+00 -1.097206116e+01 0.000000000e+00
    endloop
  endfacet
  facet normal 0.000000000e+00 0.000000000e+00 1.000000000e+00
    outer loop
      vertex -1.553235173e+00 -2.691529036e+00 0.000000000e+00
      vertex -3.107649326e+00 4.357206053e-04 0.000000000e+00
      vertex -1.855527997e+00 2.866667986e+00 0.000000000e+00
    endloop
  endfacet
  facet normal 0.000000000e+00 0.000000000e+00 1.000000000e+00
    outer loop
      vertex -1.569563866e+00 -1.379495811e+01 0.000000000e+00
      vertex -2.872323513e+00 -1.097206116e+01 0.000000000e+00
      vertex -1.555059314e+00 -1.021158314e+01 0.000000000e+00
    endloop
  endfacet
  facet normal 0.000000000e+00 0.000000000e+00 9.999999404e-01
    outer loop
      vertex -1.553235173e+00 -2.691529036e+00 0.000000000e+00
      vertex -1.855527997e+00 2.866667986e+00 0.000000000e+00
      vertex -1.555238843e+00 2.693181276e+00 0.000000000e+00
    endloop
  endfacet
  facet normal 0.000000000e+00 0.000000000e+00 1.000000000e+00
    outer loop
      vertex -1.555024981e+00 3.243039703e+01 0.000000000e+00
      vertex -1.569806933e+00 3.601360321e+01 0.000000000e+00
      vertex -1.569031954e+00 3.646419907e+01 0.000000000e+00
    endloop
  endfacet
  facet normal 0.000000000e+00 0.000000000e+00 1.000000000e+00
    outer loop
      vertex -1.555024743e+00 2.132099724e+01 0.000000000e+00
      vertex -1.569806576e+00 2.490420723e+01 0.000000000e+00
      vertex -1.568764687e+00 2.545657349e+01 0.000000000e+00
    endloop
  endfacet
  facet normal 0.000000000e+00 0.000000000e+00 1.000000000e+00
    outer loop
      vertex -1.555315495e+00 -4.443758774e+01 0.000000000e+00
      vertex -1.569564104e+00 -3.601375198e+01 0.000000000e+00
      vertex -1.555059671e+00 -3.243037796e+01 0.000000000e+00
    endloop
  endfacet
  facet normal 0.000000000e+00 0.000000000e+00 1.000000000e+00
    outer loop
      vertex -1.568546295e+00 -2.545195961e+01 0.000000000e+00
      vertex -1.569564104e+00 -2.490435600e+01 0.000000000e+00
      vertex -1.555059314e+00 -2.132097816e+01 0.000000000e+00
    endloop
  endfacet
  facet normal 0.000000000e+00 0.000000000e+00 1.000000000e+00
    outer loop
      vertex -1.568546057e+00 -1.434255981e+01 0.000000000e+00
      vertex -1.569563866e+00 -1.379495811e+01 0.000000000e+00
      vertex -1.555059314e+00 -1.021158314e+01 0.000000000e+00
    endloop
  endfacet
  facet normal 0.000000000e+00 0.000000000e+00 1.000000000e+00
    outer loop
      vertex -1.555024981e+00 3.243039703e+01 0.000000000e+00
      vertex -1.569031954e+00 3.646419907e+01 0.000000000e+00
      vertex -1.516508341e+00 3.643743896e+01 0.000000000e+00
    endloop
  endfacet
  facet normal 0.000000000e+00 0.000000000e+00 1.000000000e+00
    outer loop
      vertex -1.555024743e+00 2.132099724e+01 0.000000000e+00
      vertex -1.568764687e+00 2.545657349e+01 0.000000000e+00
      vertex -1.555024981e+00 3.243039703e+01 0.000000000e+00
    endloop
  endfacet
  facet normal 0.000000000e+00 0.000000000e+00 1.000000000e+00
    outer loop
      vertex -1.555059671e+00 -3.243037796e+01 0.000000000e+00
      vertex -1.568546295e+00 -2.545195961e+01 0.000000000e+00
      vertex -1.555059314e+00 -2.132097816e+01 0.000000000e+00
    endloop
  endfacet
  facet normal 0.000000000e+00 0.000000000e+00 1.000000000e+00
    outer loop
      vertex -1.555059314e+00 -2.132097816e+01 0.000000000e+00
      vertex -1.568546057e+00 -1.434255981e+01 0.000000000e+00
      vertex -1.555059314e+00 -1.021158314e+01 0.000000000e+00
    endloop
  endfacet
  facet normal 0.000000000e+00 0.000000000e+00 1.000000000e+00
    outer loop
      vertex 1.555315495e+00 -4.443758774e+01 0.000000000e+00
      vertex -1.555315495e+00 -4.443758774e+01 0.000000000e+00
      vertex -1.555059671e+00 -3.243037796e+01 0.000000000e+00
    endloop
  endfacet
  facet normal 0.000000000e+00 0.000000000e+00 1.000000000e+00
    outer loop
      vertex -1.553235173e+00 -2.691529036e+00 0.000000000e+00
      vertex -1.555238843e+00 2.693181276e+00 0.000000000e+00
      vertex -1.555024743e+00 1.021160316e+01 0.000000000e+00
    endloop
  endfacet
  facet normal 0.000000000e+00 0.000000000e+00 9.999999404e-01
    outer loop
      vertex -1.555059314e+00 -1.021158314e+01 0.000000000e+00
      vertex -1.555097580e+00 -8.690558434e+00 0.000000000e+00
      vertex -1.553235173e+00 -2.691529036e+00 0.000000000e+00
    endloop
  endfacet
  facet normal 0.000000000e+00 0.000000000e+00 1.000000000e+00
    outer loop
      vertex 1.555315495e+00 -4.443758774e+01 0.000000000e+00
      vertex -1.555059671e+00 -3.243037796e+01 0.000000000e+00
      vertex -1.555059314e+00 -2.132097816e+01 0.000000000e+00
    endloop
  endfacet
  facet normal 0.000000000e+00 0.000000000e+00 1.000000000e+00
    outer loop
      vertex 1.555315495e+00 -4.443758774e+01 0.000000000e+00
      vertex -1.555059314e+00 -2.132097816e+01 0.000000000e+00
      vertex -1.555059314e+00 -1.021158314e+01 0.000000000e+00
    endloop
  endfacet
  facet normal 0.000000000e+00 0.000000000e+00 1.000000000e+00
    outer loop
      vertex 1.555315495e+00 -4.443758774e+01 0.000000000e+00
      vertex -1.555059314e+00 -1.021158314e+01 0.000000000e+00
      vertex -1.553235173e+00 -2.691529036e+00 0.000000000e+00
    endloop
  endfacet
  facet normal 0.000000000e+00 0.000000000e+00 1.000000000e+00
    outer loop
      vertex -1.555024743e+00 2.132099724e+01 0.000000000e+00
      vertex -1.555024981e+00 3.243039703e+01 0.000000000e+00
      vertex -1.516508341e+00 3.643743896e+01 0.000000000e+00
    endloop
  endfacet
  facet normal 0.000000000e+00 0.000000000e+00 1.000000000e+00
    outer loop
      vertex 1.526974201e+00 -3.600569153e+01 0.000000000e+00
      vertex 1.555219054e+00 -4.440885544e+01 0.000000000e+00
      vertex 1.555315495e+00 -4.443758774e+01 0.000000000e+00
    endloop
  endfacet
  facet normal 0.000000000e+00 0.000000000e+00 1.000000000e+00
    outer loop
      vertex 1.526974201e+00 -3.600569153e+01 0.000000000e+00
      vertex 1.555315495e+00 -4.443758774e+01 0.000000000e+00
      vertex -1.553235173e+00 -2.691529036e+00 0.000000000e+00
    endloop
  endfacet
  facet normal 0.000000000e+00 0.000000000e+00 1.000000000e+00
    outer loop
      vertex 1.039653301e+01 -3.753470993e+01 0.000000000e+00
      vertex 1.039867783e+01 -3.753594589e+01 0.000000000e+00
      vertex 8.843362808e+00 -4.022983170e+01 0.000000000e+00
    endloop
  endfacet
  facet normal 0.000000000e+00 0.000000000e+00 9.999999404e-01
    outer loop
      vertex 1.555035353e+00 -3.243039322e+01 0.000000000e+00
      vertex 1.039653301e+01 -3.753470993e+01 0.000000000e+00
      vertex 8.843362808e+00 -4.022983170e+01 0.000000000e+00
    endloop
  endfacet
  facet normal 0.000000000e+00 0.000000000e+00 1.000000000e+00
    outer loop
      vertex 1.555035353e+00 -3.243039322e+01 0.000000000e+00
      vertex 8.843362808e+00 -4.022983170e+01 0.000000000e+00
      vertex 1.526974201e+00 -3.600569153e+01 0.000000000e+00
    endloop
  endfacet
  facet normal 0.000000000e+00 0.000000000e+00 1.000000000e+00
    outer loop
      vertex 1.526973724e+00 -2.489629173e+01 0.000000000e+00
      vertex 1.555035353e+00 -3.243039322e+01 0.000000000e+00
      vertex 1.526974201e+00 -3.600569153e+01 0.000000000e+00
    endloop
  endfacet
  facet normal 0.000000000e+00 0.000000000e+00 1.000000000e+00
    outer loop
      vertex 1.526973724e+00 -2.489629173e+01 0.000000000e+00
      vertex 1.526974201e+00 -3.600569153e+01 0.000000000e+00
      vertex -1.553235173e+00 -2.691529036e+00 0.000000000e+00
    endloop
  endfacet
  facet normal 0.000000000e+00 0.000000000e+00 1.000000000e+00
    outer loop
      vertex 1.039653301e+01 -2.642531013e+01 0.000000000e+00
      vertex 1.039867783e+01 -2.642654800e+01 0.000000000e+00
      vertex 8.843362808e+00 -2.912043381e+01 0.000000000e+00
    endloop
  endfacet
  facet normal 0.000000000e+00 0.000000000e+00 1.000000000e+00
    outer loop
      vertex 1.555034995e+00 -2.132099342e+01 0.000000000e+00
      vertex 1.039653301e+01 -2.642531013e+01 0.000000000e+00
      vertex 8.843362808e+00 -2.912043381e+01 0.000000000e+00
    endloop
  endfacet
  facet normal 0.000000000e+00 0.000000000e+00 1.000000000e+00
    outer loop
      vertex 1.555034995e+00 -2.132099342e+01 0.000000000e+00
      vertex 8.843362808e+00 -2.912043381e+01 0.000000000e+00
      vertex 1.526973724e+00 -2.489629173e+01 0.000000000e+00
    endloop
  endfacet
  facet normal 0.000000000e+00 0.000000000e+00 9.999999404e-01
    outer loop
      vertex 1.526973963e+00 -1.378689671e+01 0.000000000e+00
      vertex 1.555034995e+00 -2.132099342e+01 0.000000000e+00
      vertex 1.526973724e+00 -2.489629173e+01 0.000000000e+00
    endloop
  endfacet
  facet normal 0.000000000e+00 0.000000000e+00 1.000000000e+00
    outer loop
      vertex 1.526973963e+00 -1.378689671e+01 0.000000000e+00
      vertex 1.526973724e+00 -2.489629173e+01 0.000000000e+00
      vertex -1.553235173e+00 -2.691529036e+00 0.000000000e+00
    endloop
  endfacet
  facet normal 0.000000000e+00 0.000000000e+00 1.000000000e+00
    outer loop
      vertex 1.526973963e+00 -1.378689671e+01 0.000000000e+00
      vertex -1.553235173e+00 -2.691529036e+00 0.000000000e+00
      vertex 1.555241704e+00 -2.693753958e+00 0.000000000e+00
    endloop
  endfacet
  facet normal 0.000000000e+00 0.000000000e+00 1.000000000e+00
    outer loop
      vertex 1.516507983e+00 3.643743896e+01 0.000000000e+00
      vertex 1.527985215e+00 3.644328308e+01 0.000000000e+00
      vertex 1.526488662e+00 3.600540924e+01 0.000000000e+00
    endloop
  endfacet
  facet normal 0.000000000e+00 0.000000000e+00 9.999999404e-01
    outer loop
      vertex 8.843362808e+00 4.022983170e+01 0.000000000e+00
      vertex 1.039867783e+01 3.753594589e+01 0.000000000e+00
      vertex 1.554996610e+00 3.243041611e+01 0.000000000e+00
    endloop
  endfacet
  facet normal 0.000000000e+00 0.000000000e+00 9.999999404e-01
    outer loop
      vertex 1.526488662e+00 3.600540924e+01 0.000000000e+00
      vertex 8.843362808e+00 4.022983170e+01 0.000000000e+00
      vertex 1.554996610e+00 3.243041611e+01 0.000000000e+00
    endloop
  endfacet
  facet normal 0.000000000e+00 0.000000000e+00 1.000000000e+00
    outer loop
      vertex 1.526488662e+00 3.600540924e+01 0.000000000e+00
      vertex 1.554996610e+00 3.243041611e+01 0.000000000e+00
      vertex 1.526488423e+00 2.489601135e+01 0.000000000e+00
    endloop
  endfacet
  facet normal 0.000000000e+00 0.000000000e+00 1.000000000e+00
    outer loop
      vertex 1.516507983e+00 3.643743896e+01 0.000000000e+00
      vertex 1.526488662e+00 3.600540924e+01 0.000000000e+00
      vertex 1.526488423e+00 2.489601135e+01 0.000000000e+00
    endloop
  endfacet
  facet normal 0.000000000e+00 0.000000000e+00 9.999999404e-01
    outer loop
      vertex 8.843362808e+00 2.912043381e+01 0.000000000e+00
      vertex 1.039867783e+01 2.642654800e+01 0.000000000e+00
      vertex 1.554996490e+00 2.132101631e+01 0.000000000e+00
    endloop
  endfacet
  facet normal 0.000000000e+00 0.000000000e+00 9.999999404e-01
    outer loop
      vertex 1.526488423e+00 2.489601135e+01 0.000000000e+00
      vertex 8.843362808e+00 2.912043381e+01 0.000000000e+00
      vertex 1.554996490e+00 2.132101631e+01 0.000000000e+00
    endloop
  endfacet
  facet normal 0.000000000e+00 0.000000000e+00 1.000000000e+00
    outer loop
      vertex 1.526488423e+00 2.489601135e+01 0.000000000e+00
      vertex 1.554996490e+00 2.132101631e+01 0.000000000e+00
      vertex 1.526488423e+00 1.378661346e+01 0.000000000e+00
    endloop
  endfacet
  facet normal 0.000000000e+00 0.000000000e+00 9.999999404e-01
    outer loop
      vertex 1.516507983e+00 3.643743896e+01 0.000000000e+00
      vertex 1.526488423e+00 2.489601135e+01 0.000000000e+00
      vertex 1.526488423e+00 1.378661346e+01 0.000000000e+00
    endloop
  endfacet
  facet normal 0.000000000e+00 0.000000000e+00 1.000000000e+00
    outer loop
      vertex -1.456821366e-07 3.619724274e+01 0.000000000e+00
      vertex 1.516507983e+00 3.643743896e+01 0.000000000e+00
      vertex 1.526488423e+00 1.378661346e+01 0.000000000e+00
    endloop
  endfacet
  facet normal 0.000000000e+00 0.000000000e+00 1.000000000e+00
    outer loop
      vertex 8.843362808e+00 1.801103783e+01 0.000000000e+00
      vertex 9.621019363e+00 1.666409492e+01 0.000000000e+00
      vertex 8.066807747e+00 1.397094345e+01 0.000000000e+00
    endloop
  endfacet
  facet normal 0.000000000e+00 0.000000000e+00 1.000000000e+00
    outer loop
      vertex 8.843362808e+00 1.801103783e+01 0.000000000e+00
      vertex 8.066807747e+00 1.397094345e+01 0.000000000e+00
      vertex 1.554996490e+00 1.021161842e+01 0.000000000e+00
    endloop
  endfacet
  facet normal 0.000000000e+00 0.000000000e+00 9.999999404e-01
    outer loop
      vertex 1.526488423e+00 1.378661346e+01 0.000000000e+00
      vertex 8.843362808e+00 1.801103783e+01 0.000000000e+00
      vertex 1.554996490e+00 1.021161842e+01 0.000000000e+00
    endloop
  endfacet
  facet normal 0.000000000e+00 0.000000000e+00 1.000000000e+00
    outer loop
      vertex 1.526973963e+00 -1.378689671e+01 0.000000000e+00
      vertex 1.555241704e+00 -2.693753958e+00 0.000000000e+00
      vertex 1.555034995e+00 -1.021159649e+01 0.000000000e+00
    endloop
  endfacet
  facet normal 0.000000000e+00 0.000000000e+00 1.000000000e+00
    outer loop
      vertex 8.843362808e+00 -1.801103783e+01 0.000000000e+00
      vertex 1.526973963e+00 -1.378689671e+01 0.000000000e+00
      vertex 1.555034995e+00 -1.021159649e+01 0.000000000e+00
    endloop
  endfacet
  facet normal 0.000000000e+00 0.000000000e+00 1.000000000e+00
    outer loop
      vertex 8.843362808e+00 -1.801103783e+01 0.000000000e+00
      vertex 1.555034995e+00 -1.021159649e+01 0.000000000e+00
      vertex 8.065773964e+00 -1.397033501e+01 0.000000000e+00
    endloop
  endfacet
  facet normal 0.000000000e+00 0.000000000e+00 1.000000000e+00
    outer loop
      vertex 8.069892883e+00 6.450241089e+00 0.000000000e+00
      vertex 9.621019363e+00 3.763115168e+00 0.000000000e+00
      vertex 3.109557629e+00 5.249367678e-04 0.000000000e+00
    endloop
  endfacet
  facet normal 0.000000000e+00 0.000000000e+00 1.000000000e+00
    outer loop
      vertex 1.555231333e+00 2.692561150e+00 0.000000000e+00
      vertex 8.069892883e+00 6.450241089e+00 0.000000000e+00
      vertex 3.109557629e+00 5.249367678e-04 0.000000000e+00
    endloop
  endfacet
  facet normal 0.000000000e+00 0.000000000e+00 9.999999404e-01
    outer loop
      vertex 8.843362808e+00 -1.801103783e+01 0.000000000e+00
      vertex 8.065773964e+00 -1.397033501e+01 0.000000000e+00
      vertex 8.065972328e+00 -6.452505112e+00 0.000000000e+00
    endloop
  endfacet
  facet normal 0.000000000e+00 0.000000000e+00 1.000000000e+00
    outer loop
      vertex 8.069892883e+00 6.450241089e+00 0.000000000e+00
      vertex 8.066807747e+00 1.397094345e+01 0.000000000e+00
      vertex 9.621019363e+00 1.666409492e+01 0.000000000e+00
    endloop
  endfacet
  facet normal 0.000000000e+00 0.000000000e+00 1.000000000e+00
    outer loop
      vertex 9.621019363e+00 3.763115168e+00 0.000000000e+00
      vertex 8.069892883e+00 6.450241089e+00 0.000000000e+00
      vertex 9.621019363e+00 1.666409492e+01 0.000000000e+00
    endloop
  endfacet
  facet normal 0.000000000e+00 0.000000000e+00 9.999999404e-01
    outer loop
      vertex 9.621019363e+00 1.666409492e+01 0.000000000e+00
      vertex 1.117633438e+01 1.666409492e+01 0.000000000e+00
      vertex 1.117599678e+01 8.209314346e+00 0.000000000e+00
    endloop
  endfacet
  facet normal 0.000000000e+00 0.000000000e+00 1.000000000e+00
    outer loop
      vertex 9.621019363e+00 3.763115168e+00 0.000000000e+00
      vertex 9.621019363e+00 1.666409492e+01 0.000000000e+00
      vertex 1.117599678e+01 8.209314346e+00 0.000000000e+00
    endloop
  endfacet
  facet normal 0.000000000e+00 0.000000000e+00 0.000000000e+00
    outer loop
      vertex 1.769091225e+01 1.200494003e+01 0.000000000e+00
      vertex 1.768672371e+01 2.221879196e+01 0.000000000e+00
      vertex 1.768672371e+01 2.221879387e+01 0.000000000e+00
    endloop
  endfacet
  facet normal 0.000000000e+00 0.000000000e+00 1.000000000e+00
    outer loop
      vertex 1.769091225e+01 1.200494003e+01 0.000000000e+00
      vertex 1.768672371e+01 2.221879387e+01 0.000000000e+00
      vertex 2.079735374e+01 2.221879387e+01 0.000000000e+00
    endloop
  endfacet
  facet normal 0.000000000e+00 0.000000000e+00 1.000000000e+00
    outer loop
      vertex 2.963789558e+01 6.903261662e+00 0.000000000e+00
      vertex 2.964071465e+01 6.901640892e+00 0.000000000e+00
      vertex 2.964071465e+01 6.901640415e+00 0.000000000e+00
    endloop
  endfacet
  facet normal 0.000000000e+00 0.000000000e+00 1.000000000e+00
    outer loop
      vertex 2.963789558e+01 6.903261662e+00 0.000000000e+00
      vertex 2.964071465e+01 6.901640415e+00 0.000000000e+00
      vertex 2.808539963e+01 4.207755089e+00 0.000000000e+00
    endloop
  endfacet
  facet normal 0.000000000e+00 0.000000000e+00 9.999999404e-01
    outer loop
      vertex 2.235404587e+01 1.108864689e+01 0.000000000e+00
      vertex 2.963789558e+01 6.903261662e+00 0.000000000e+00
      vertex 2.808539963e+01 4.207755089e+00 0.000000000e+00
    endloop
  endfacet
  facet normal 0.000000000e+00 0.000000000e+00 1.000000000e+00
    outer loop
      vertex 2.235187340e+01 1.108990002e+01 0.000000000e+00
      vertex 2.235404587e+01 1.108864689e+01 0.000000000e+00
      vertex 2.808539963e+01 4.207755089e+00 0.000000000e+00
    endloop
  endfacet
  facet normal 0.000000000e+00 0.000000000e+00 1.000000000e+00
    outer loop
      vertex 2.235187340e+01 1.108990002e+01 0.000000000e+00
      vertex 2.808539963e+01 4.207755089e+00 0.000000000e+00
      vertex 1.924203873e+01 9.317812920e+00 0.000000000e+00
    endloop
  endfacet
  facet normal 0.000000000e+00 0.000000000e+00 1.000000000e+00
    outer loop
      vertex 2.731193161e+01 1.755963707e+01 0.000000000e+00
      vertex 2.730774307e+01 2.777348900e+01 0.000000000e+00
      vertex 2.730774307e+01 2.777349091e+01 0.000000000e+00
    endloop
  endfacet
  facet normal 0.000000000e+00 0.000000000e+00 1.000000000e+00
    outer loop
      vertex 2.731193161e+01 1.755963707e+01 0.000000000e+00
      vertex 2.730774307e+01 2.777349091e+01 0.000000000e+00
      vertex 3.041837311e+01 2.777349091e+01 0.000000000e+00
    endloop
  endfacet
  facet normal 0.000000000e+00 0.000000000e+00 1.000000000e+00
    outer loop
      vertex 3.925891876e+01 1.245796204e+01 0.000000000e+00
      vertex 3.926173782e+01 1.245634079e+01 0.000000000e+00
      vertex 3.770642471e+01 9.762454033e+00 0.000000000e+00
    endloop
  endfacet
  facet normal 0.000000000e+00 0.000000000e+00 1.000000000e+00
    outer loop
      vertex 3.197506523e+01 1.664334488e+01 0.000000000e+00
      vertex 3.925891876e+01 1.245796204e+01 0.000000000e+00
      vertex 3.770642471e+01 9.762454033e+00 0.000000000e+00
    endloop
  endfacet
  facet normal 0.000000000e+00 0.000000000e+00 1.000000000e+00
    outer loop
      vertex 3.197289467e+01 1.664459801e+01 0.000000000e+00
      vertex 3.197506523e+01 1.664334488e+01 0.000000000e+00
      vertex 3.770642471e+01 9.762454033e+00 0.000000000e+00
    endloop
  endfacet
  facet normal 0.000000000e+00 0.000000000e+00 1.000000000e+00
    outer loop
      vertex 3.197289467e+01 1.664459801e+01 0.000000000e+00
      vertex 3.770642471e+01 9.762454033e+00 0.000000000e+00
      vertex 2.886305809e+01 1.487251186e+01 0.000000000e+00
    endloop
  endfacet
  facet normal 0.000000000e+00 0.000000000e+00 9.999999404e-01
    outer loop
      vertex 3.770642090e+01 2.356573677e+01 0.000000000e+00
      vertex 3.926173401e+01 2.087184906e+01 0.000000000e+00
      vertex 3.197289467e+01 1.664459801e+01 0.000000000e+00
    endloop
  endfacet
  facet normal 0.000000000e+00 0.000000000e+00 1.000000000e+00
    outer loop
      vertex 3.041803551e+01 1.931871033e+01 0.000000000e+00
      vertex 3.770642090e+01 2.356573677e+01 0.000000000e+00
      vertex 3.197289467e+01 1.664459801e+01 0.000000000e+00
    endloop
  endfacet
  facet normal 0.000000000e+00 0.000000000e+00 9.999999404e-01
    outer loop
      vertex 3.041803551e+01 1.931871033e+01 0.000000000e+00
      vertex 3.197289467e+01 1.664459801e+01 0.000000000e+00
      vertex 2.886305809e+01 1.487251186e+01 0.000000000e+00
    endloop
  endfacet
  facet normal 0.000000000e+00 0.000000000e+00 1.000000000e+00
    outer loop
      vertex 3.041837311e+01 2.777349091e+01 0.000000000e+00
      vertex 3.041803551e+01 1.931871033e+01 0.000000000e+00
      vertex 2.886305809e+01 1.487251186e+01 0.000000000e+00
    endloop
  endfacet
  facet normal 0.000000000e+00 0.000000000e+00 1.000000000e+00
    outer loop
      vertex 2.731193161e+01 1.755963707e+01 0.000000000e+00
      vertex 3.041837311e+01 2.777349091e+01 0.000000000e+00
      vertex 2.886305809e+01 1.487251186e+01 0.000000000e+00
    endloop
  endfacet
  facet normal 0.000000000e+00 0.000000000e+00 1.000000000e+00
    outer loop
      vertex 2.731193161e+01 1.755963707e+01 0.000000000e+00
      vertex 2.886305809e+01 1.487251186e+01 0.000000000e+00
      vertex 2.290428543e+01 1.141007423e+01 0.000000000e+00
    endloop
  endfacet
  facet normal 0.000000000e+00 0.000000000e+00 1.000000000e+00
    outer loop
      vertex 2.731193161e+01 1.755963707e+01 0.000000000e+00
      vertex 2.290428543e+01 1.141007423e+01 0.000000000e+00
      vertex 2.235187340e+01 1.108990002e+01 0.000000000e+00
    endloop
  endfacet
  facet normal 0.000000000e+00 0.000000000e+00 1.000000000e+00
    outer loop
      vertex 2.079911995e+01 1.376523113e+01 0.000000000e+00
      vertex 2.731193161e+01 1.755963707e+01 0.000000000e+00
      vertex 2.235187340e+01 1.108990002e+01 0.000000000e+00
    endloop
  endfacet
  facet normal 0.000000000e+00 0.000000000e+00 1.000000000e+00
    outer loop
      vertex 2.079701424e+01 1.376401234e+01 0.000000000e+00
      vertex 2.079911995e+01 1.376523113e+01 0.000000000e+00
      vertex 2.235187340e+01 1.108990002e+01 0.000000000e+00
    endloop
  endfacet
  facet normal 0.000000000e+00 0.000000000e+00 9.999999404e-01
    outer loop
      vertex 2.079701424e+01 1.376401234e+01 0.000000000e+00
      vertex 2.235187340e+01 1.108990002e+01 0.000000000e+00
      vertex 1.924203873e+01 9.317812920e+00 0.000000000e+00
    endloop
  endfacet
  facet normal 0.000000000e+00 0.000000000e+00 1.000000000e+00
    outer loop
      vertex 2.079735374e+01 2.221879387e+01 0.000000000e+00
      vertex 2.079701424e+01 1.376401234e+01 0.000000000e+00
      vertex 1.924203873e+01 9.317812920e+00 0.000000000e+00
    endloop
  endfacet
  facet normal 0.000000000e+00 0.000000000e+00 1.000000000e+00
    outer loop
      vertex 1.769091225e+01 1.200494003e+01 0.000000000e+00
      vertex 2.079735374e+01 2.221879387e+01 0.000000000e+00
      vertex 1.924203873e+01 9.317812920e+00 0.000000000e+00
    endloop
  endfacet
  facet normal 0.000000000e+00 0.000000000e+00 1.000000000e+00
    outer loop
      vertex 1.769091225e+01 1.200494003e+01 0.000000000e+00
      vertex 1.924203873e+01 9.317812920e+00 0.000000000e+00
      vertex 1.328326702e+01 5.855375767e+00 0.000000000e+00
    endloop
  endfacet
  facet normal 0.000000000e+00 0.000000000e+00 1.000000000e+00
    outer loop
      vertex 1.769091225e+01 1.200494003e+01 0.000000000e+00
      vertex 1.328326702e+01 5.855375767e+00 0.000000000e+00
      vertex 1.273085403e+01 5.535201550e+00 0.000000000e+00
    endloop
  endfacet
  facet normal 0.000000000e+00 0.000000000e+00 1.000000000e+00
    outer loop
      vertex 1.117810249e+01 8.210532188e+00 0.000000000e+00
      vertex 1.769091225e+01 1.200494003e+01 0.000000000e+00
      vertex 1.273085403e+01 5.535201550e+00 0.000000000e+00
    endloop
  endfacet
  facet normal 0.000000000e+00 0.000000000e+00 1.000000000e+00
    outer loop
      vertex 1.117599678e+01 8.209314346e+00 0.000000000e+00
      vertex 1.117810249e+01 8.210532188e+00 0.000000000e+00
      vertex 1.273085403e+01 5.535201550e+00 0.000000000e+00
    endloop
  endfacet
  facet normal 0.000000000e+00 0.000000000e+00 1.000000000e+00
    outer loop
      vertex 9.621019363e+00 3.763115168e+00 0.000000000e+00
      vertex 1.117599678e+01 8.209314346e+00 0.000000000e+00
      vertex 1.273085403e+01 5.535201550e+00 0.000000000e+00
    endloop
  endfacet
  facet normal 0.000000000e+00 0.000000000e+00 1.000000000e+00
    outer loop
      vertex 1.613248062e+01 5.249470705e-04 0.000000000e+00
      vertex 9.621019363e+00 3.763115168e+00 0.000000000e+00
      vertex 1.273085403e+01 5.535201550e+00 0.000000000e+00
    endloop
  endfacet
  facet normal 0.000000000e+00 0.000000000e+00 1.000000000e+00
    outer loop
      vertex 1.613248062e+01 5.249470705e-04 0.000000000e+00
      vertex 1.273085403e+01 5.535201550e+00 0.000000000e+00
      vertex 1.273302555e+01 5.533947945e+00 0.000000000e+00
    endloop
  endfacet
  facet normal 0.000000000e+00 0.000000000e+00 9.999999404e-01
    outer loop
      vertex 1.613248062e+01 5.249470705e-04 0.000000000e+00
      vertex 1.273302555e+01 5.533947945e+00 0.000000000e+00
      vertex 2.001687622e+01 1.348564029e+00 0.000000000e+00
    endloop
  endfacet
  facet normal 0.000000000e+00 0.000000000e+00 1.000000000e+00
    outer loop
      vertex 2.001969528e+01 1.346943140e+00 0.000000000e+00
      vertex 2.001969719e+01 1.346942663e+00 0.000000000e+00
      vertex 1.924203873e+01 2.943836996e-08 0.000000000e+00
    endloop
  endfacet
  facet normal 0.000000000e+00 0.000000000e+00 1.000000000e+00
    outer loop
      vertex 2.001687622e+01 1.348564029e+00 0.000000000e+00
      vertex 2.001969528e+01 1.346943140e+00 0.000000000e+00
      vertex 1.924203873e+01 2.943836996e-08 0.000000000e+00
    endloop
  endfacet
  facet normal 0.000000000e+00 0.000000000e+00 1.000000000e+00
    outer loop
      vertex 1.613248062e+01 5.249470705e-04 0.000000000e+00
      vertex 2.001687622e+01 1.348564029e+00 0.000000000e+00
      vertex 1.924203873e+01 2.943836996e-08 0.000000000e+00
    endloop
  endfacet
  facet normal 0.000000000e+00 0.000000000e+00 1.000000000e+00
    outer loop
      vertex 1.613248062e+01 5.249470705e-04 0.000000000e+00
      vertex 1.924203873e+01 2.943836996e-08 0.000000000e+00
      vertex 2.001969719e+01 -1.346942782e+00 0.000000000e+00
    endloop
  endfacet
  facet normal 0.000000000e+00 0.000000000e+00 1.000000000e+00
    outer loop
      vertex 1.613248062e+01 5.249470705e-04 0.000000000e+00
      vertex 2.001969719e+01 -1.346942782e+00 0.000000000e+00
      vertex 1.268558884e+01 -5.581253052e+00 0.000000000e+00
    endloop
  endfacet
  facet normal 0.000000000e+00 0.000000000e+00 9.999999404e-01
    outer loop
      vertex 9.621019363e+00 -3.759134293e+00 0.000000000e+00
      vertex 1.613248062e+01 5.249470705e-04 0.000000000e+00
      vertex 1.268558884e+01 -5.581253052e+00 0.000000000e+00
    endloop
  endfacet
  facet normal 0.000000000e+00 0.000000000e+00 1.000000000e+00
    outer loop
      vertex 2.079735374e+01 -2.221879387e+01 0.000000000e+00
      vertex 1.768672371e+01 -2.221879387e+01 0.000000000e+00
      vertex 1.768699074e+01 -1.200720406e+01 0.000000000e+00
    endloop
  endfacet
  facet normal 0.000000000e+00 0.000000000e+00 1.000000000e+00
    outer loop
      vertex 2.808153725e+01 -4.209985256e+00 0.000000000e+00
      vertex 2.808539963e+01 -4.207755089e+00 0.000000000e+00
      vertex 2.964071465e+01 -6.901640415e+00 0.000000000e+00
    endloop
  endfacet
  facet normal 0.000000000e+00 0.000000000e+00 1.000000000e+00
    outer loop
      vertex 2.808153725e+01 -4.209985256e+00 0.000000000e+00
      vertex 2.964071465e+01 -6.901640415e+00 0.000000000e+00
      vertex 2.230660629e+01 -1.113595104e+01 0.000000000e+00
    endloop
  endfacet
  facet normal 0.000000000e+00 0.000000000e+00 1.000000000e+00
    outer loop
      vertex 1.924203873e+01 -9.313832283e+00 0.000000000e+00
      vertex 2.808153725e+01 -4.209985256e+00 0.000000000e+00
      vertex 2.230660629e+01 -1.113595104e+01 0.000000000e+00
    endloop
  endfacet
  facet normal 0.000000000e+00 0.000000000e+00 9.999999404e-01
    outer loop
      vertex 3.041837311e+01 -2.777349091e+01 0.000000000e+00
      vertex 2.730774307e+01 -2.777349091e+01 0.000000000e+00
      vertex 2.730801010e+01 -1.756190300e+01 0.000000000e+00
    endloop
  endfacet
  facet normal 0.000000000e+00 0.000000000e+00 1.000000000e+00
    outer loop
      vertex 3.770256042e+01 -9.764684677e+00 0.000000000e+00
      vertex 3.770642471e+01 -9.762454033e+00 0.000000000e+00
      vertex 3.926173782e+01 -1.245634079e+01 0.000000000e+00
    endloop
  endfacet
  facet normal 0.000000000e+00 0.000000000e+00 1.000000000e+00
    outer loop
      vertex 3.770256042e+01 -9.764684677e+00 0.000000000e+00
      vertex 3.926173782e+01 -1.245634079e+01 0.000000000e+00
      vertex 3.192762756e+01 -1.669064903e+01 0.000000000e+00
    endloop
  endfacet
  facet normal 0.000000000e+00 0.000000000e+00 1.000000000e+00
    outer loop
      vertex 2.886305809e+01 -1.486853123e+01 0.000000000e+00
      vertex 3.770256042e+01 -9.764684677e+00 0.000000000e+00
      vertex 3.192762756e+01 -1.669064903e+01 0.000000000e+00
    endloop
  endfacet
  facet normal 0.000000000e+00 0.000000000e+00 9.999999404e-01
    outer loop
      vertex 3.923261642e+01 -2.085524940e+01 0.000000000e+00
      vertex 3.926173401e+01 -2.087184906e+01 0.000000000e+00
      vertex 3.770642090e+01 -2.356573677e+01 0.000000000e+00
    endloop
  endfacet
  facet normal 0.000000000e+00 0.000000000e+00 1.000000000e+00
    outer loop
      vertex 3.192762756e+01 -1.669064903e+01 0.000000000e+00
      vertex 3.923261642e+01 -2.085524940e+01 0.000000000e+00
      vertex 3.770642090e+01 -2.356573677e+01 0.000000000e+00
    endloop
  endfacet
  facet normal 0.000000000e+00 0.000000000e+00 1.000000000e+00
    outer loop
      vertex 3.192762756e+01 -1.669064903e+01 0.000000000e+00
      vertex 3.770642090e+01 -2.356573677e+01 0.000000000e+00
      vertex 3.039493561e+01 -1.937129402e+01 0.000000000e+00
    endloop
  endfacet
  facet normal 0.000000000e+00 0.000000000e+00 1.000000000e+00
    outer loop
      vertex 2.886305809e+01 -1.486853123e+01 0.000000000e+00
      vertex 3.192762756e+01 -1.669064903e+01 0.000000000e+00
      vertex 3.039493561e+01 -1.937129402e+01 0.000000000e+00
    endloop
  endfacet
  facet normal 0.000000000e+00 0.000000000e+00 1.000000000e+00
    outer loop
      vertex 2.886305809e+01 -1.486853123e+01 0.000000000e+00
      vertex 3.039493561e+01 -1.937129402e+01 0.000000000e+00
      vertex 3.041837311e+01 -2.777349091e+01 0.000000000e+00
    endloop
  endfacet
  facet normal 0.000000000e+00 0.000000000e+00 1.000000000e+00
    outer loop
      vertex 2.886305809e+01 -1.486853123e+01 0.000000000e+00
      vertex 3.041837311e+01 -2.777349091e+01 0.000000000e+00
      vertex 2.730801010e+01 -1.756190300e+01 0.000000000e+00
    endloop
  endfacet
  facet normal 0.000000000e+00 0.000000000e+00 1.000000000e+00
    outer loop
      vertex 2.230660629e+01 -1.113595104e+01 0.000000000e+00
      vertex 2.886305809e+01 -1.486853123e+01 0.000000000e+00
      vertex 2.730801010e+01 -1.756190300e+01 0.000000000e+00
    endloop
  endfacet
  facet normal 0.000000000e+00 0.000000000e+00 1.000000000e+00
    outer loop
      vertex 2.230660629e+01 -1.113595104e+01 0.000000000e+00
      vertex 2.730801010e+01 -1.756190300e+01 0.000000000e+00
      vertex 2.153760910e+01 -1.425441170e+01 0.000000000e+00
    endloop
  endfacet
  facet normal 0.000000000e+00 0.000000000e+00 1.000000000e+00
    outer loop
      vertex 2.230660629e+01 -1.113595104e+01 0.000000000e+00
      vertex 2.153760910e+01 -1.425441170e+01 0.000000000e+00
      vertex 2.077392006e+01 -1.381659603e+01 0.000000000e+00
    endloop
  endfacet
  facet normal 0.000000000e+00 0.000000000e+00 1.000000000e+00
    outer loop
      vertex 1.924203873e+01 -9.313832283e+00 0.000000000e+00
      vertex 2.230660629e+01 -1.113595104e+01 0.000000000e+00
      vertex 2.077392006e+01 -1.381659603e+01 0.000000000e+00
    endloop
  endfacet
  facet normal 0.000000000e+00 0.000000000e+00 1.000000000e+00
    outer loop
      vertex 1.924203873e+01 -9.313832283e+00 0.000000000e+00
      vertex 2.077392006e+01 -1.381659603e+01 0.000000000e+00
      vertex 2.079735374e+01 -2.221879387e+01 0.000000000e+00
    endloop
  endfacet
  facet normal 0.000000000e+00 0.000000000e+00 9.999999404e-01
    outer loop
      vertex 1.924203873e+01 -9.313832283e+00 0.000000000e+00
      vertex 2.079735374e+01 -2.221879387e+01 0.000000000e+00
      vertex 1.768699074e+01 -1.200720406e+01 0.000000000e+00
    endloop
  endfacet
  facet normal 0.000000000e+00 0.000000000e+00 1.000000000e+00
    outer loop
      vertex 1.268558884e+01 -5.581253052e+00 0.000000000e+00
      vertex 1.924203873e+01 -9.313832283e+00 0.000000000e+00
      vertex 1.768699074e+01 -1.200720406e+01 0.000000000e+00
    endloop
  endfacet
  facet normal 0.000000000e+00 0.000000000e+00 1.000000000e+00
    outer loop
      vertex 1.268558884e+01 -5.581253052e+00 0.000000000e+00
      vertex 1.768699074e+01 -1.200720406e+01 0.000000000e+00
      vertex 1.191659164e+01 -8.699714661e+00 0.000000000e+00
    endloop
  endfacet
  facet normal 0.000000000e+00 0.000000000e+00 1.000000000e+00
    outer loop
      vertex 1.268558884e+01 -5.581253052e+00 0.000000000e+00
      vertex 1.191659164e+01 -8.699714661e+00 0.000000000e+00
      vertex 1.115290070e+01 -8.261897087e+00 0.000000000e+00
    endloop
  endfacet
  facet normal 0.000000000e+00 0.000000000e+00 1.000000000e+00
    outer loop
      vertex 9.621019363e+00 -3.759134293e+00 0.000000000e+00
      vertex 1.268558884e+01 -5.581253052e+00 0.000000000e+00
      vertex 1.115290070e+01 -8.261897087e+00 0.000000000e+00
    endloop
  endfacet
  facet normal 0.000000000e+00 0.000000000e+00 9.999999404e-01
    outer loop
      vertex 9.621019363e+00 -3.759134293e+00 0.000000000e+00
      vertex 1.115290070e+01 -8.261897087e+00 0.000000000e+00
      vertex 1.117633438e+01 -1.666409492e+01 0.000000000e+00
    endloop
  endfacet
  facet normal 0.000000000e+00 0.000000000e+00 1.000000000e+00
    outer loop
      vertex 9.621019363e+00 -3.759134293e+00 0.000000000e+00
      vertex 1.117633438e+01 -1.666409492e+01 0.000000000e+00
      vertex 9.621019363e+00 -1.666409492e+01 0.000000000e+00
    endloop
  endfacet
  facet normal 0.000000000e+00 0.000000000e+00 1.000000000e+00
    outer loop
      vertex 9.621019363e+00 -3.759134293e+00 0.000000000e+00
      vertex 9.621019363e+00 -1.666409492e+01 0.000000000e+00
      vertex 8.843362808e+00 -1.801103783e+01 0.000000000e+00
    endloop
  endfacet
  facet normal 0.000000000e+00 0.000000000e+00 1.000000000e+00
    outer loop
      vertex 9.621019363e+00 -3.759134293e+00 0.000000000e+00
      vertex 8.843362808e+00 -1.801103783e+01 0.000000000e+00
      vertex 8.065972328e+00 -6.452505112e+00 0.000000000e+00
    endloop
  endfacet
  facet normal 0.000000000e+00 0.000000000e+00 1.000000000e+00
    outer loop
      vertex 3.109557629e+00 5.249367678e-04 0.000000000e+00
      vertex 9.621019363e+00 -3.759134293e+00 0.000000000e+00
      vertex 8.065972328e+00 -6.452505112e+00 0.000000000e+00
    endloop
  endfacet
  facet normal 0.000000000e+00 0.000000000e+00 1.000000000e+00
    outer loop
      vertex 3.109557629e+00 5.249367678e-04 0.000000000e+00
      vertex 8.065972328e+00 -6.452505112e+00 0.000000000e+00
      vertex 1.555241704e+00 -2.693753958e+00 0.000000000e+00
    endloop
  endfacet
  facet normal 0.000000000e+00 0.000000000e+00 1.000000000e+00
    outer loop
      vertex 1.555231333e+00 2.692561150e+00 0.000000000e+00
      vertex 3.109557629e+00 5.249367678e-04 0.000000000e+00
      vertex 1.555241704e+00 -2.693753958e+00 0.000000000e+00
    endloop
  endfacet
  facet normal 0.000000000e+00 0.000000000e+00 9.999999404e-01
    outer loop
      vertex 1.554996490e+00 1.021161842e+01 0.000000000e+00
      vertex 1.555231333e+00 2.692561150e+00 0.000000000e+00
      vertex 1.555241704e+00 -2.693753958e+00 0.000000000e+00
    endloop
  endfacet
  facet normal 0.000000000e+00 0.000000000e+00 1.000000000e+00
    outer loop
      vertex 1.526488423e+00 1.378661346e+01 0.000000000e+00
      vertex 1.554996490e+00 1.021161842e+01 0.000000000e+00
      vertex 1.555241704e+00 -2.693753958e+00 0.000000000e+00
    endloop
  endfacet
  facet normal 0.000000000e+00 0.000000000e+00 1.000000000e+00
    outer loop
      vertex -1.456821366e-07 3.619724274e+01 0.000000000e+00
      vertex 1.526488423e+00 1.378661346e+01 0.000000000e+00
      vertex 1.555241704e+00 -2.693753958e+00 0.000000000e+00
    endloop
  endfacet
  facet normal 0.000000000e+00 0.000000000e+00 9.999999404e-01
    outer loop
      vertex -1.516508341e+00 3.643743896e+01 0.000000000e+00
      vertex -1.456821366e-07 3.619724274e+01 0.000000000e+00
      vertex 1.555241704e+00 -2.693753958e+00 0.000000000e+00
    endloop
  endfacet
  facet normal 0.000000000e+00 0.000000000e+00 1.000000000e+00
    outer loop
      vertex -1.516508341e+00 3.643743896e+01 0.000000000e+00
      vertex 1.555241704e+00 -2.693753958e+00 0.000000000e+00
      vertex -1.553235173e+00 -2.691529036e+00 0.000000000e+00
    endloop
  endfacet
  facet normal 0.000000000e+00 0.000000000e+00 1.000000000e+00
    outer loop
      vertex -1.555024743e+00 2.132099724e+01 0.000000000e+00
      vertex -1.516508341e+00 3.643743896e+01 0.000000000e+00
      vertex -1.553235173e+00 -2.691529036e+00 0.000000000e+00
    endloop
  endfacet
  facet normal 0.000000000e+00 0.000000000e+00 1.000000000e+00
    outer loop
      vertex -1.555024743e+00 2.132099724e+01 0.000000000e+00
      vertex -1.553235173e+00 -2.691529036e+00 0.000000000e+00
      vertex -1.555024743e+00 1.021160316e+01 0.000000000e+00
    endloop
  endfacet
  facet normal 0.000000000e+00 0.000000000e+00 1.000000000e+00
    outer loop
      vertex -1.568764925e+00 1.434717369e+01 0.000000000e+00
      vertex -1.555024743e+00 2.132099724e+01 0.000000000e+00
      vertex -1.555024743e+00 1.021160316e+01 0.000000000e+00
    endloop
  endfacet
  facet normal 0.000000000e+00 0.000000000e+00 1.000000000e+00
    outer loop
      vertex -1.569806933e+00 1.379481030e+01 0.000000000e+00
      vertex -1.568764925e+00 1.434717369e+01 0.000000000e+00
      vertex -1.555024743e+00 1.021160316e+01 0.000000000e+00
    endloop
  endfacet
  facet normal 0.000000000e+00 0.000000000e+00 1.000000000e+00
    outer loop
      vertex -1.569806933e+00 1.379481030e+01 0.000000000e+00
      vertex -1.555024743e+00 1.021160316e+01 0.000000000e+00
      vertex -4.224547386e+00 1.175275040e+01 0.000000000e+00
    endloop
  endfacet
  facet normal 0.000000000e+00 0.000000000e+00 1.000000000e+00
    outer loop
      vertex -1.569806933e+00 1.379481030e+01 0.000000000e+00
      vertex -4.224547386e+00 1.175275040e+01 0.000000000e+00
      vertex -8.066122055e+00 1.397150326e+01 0.000000000e+00
    endloop
  endfacet
  facet normal 0.000000000e+00 0.000000000e+00 9.999999404e-01
    outer loop
      vertex -8.821939468e+00 1.799862099e+01 0.000000000e+00
      vertex -1.569806933e+00 1.379481030e+01 0.000000000e+00
      vertex -8.066122055e+00 1.397150326e+01 0.000000000e+00
    endloop
  endfacet
  facet normal 0.000000000e+00 0.000000000e+00 1.000000000e+00
    outer loop
      vertex -8.821939468e+00 1.799862099e+01 0.000000000e+00
      vertex -8.066122055e+00 1.397150326e+01 0.000000000e+00
      vertex -8.067283630e+00 6.451747894e+00 0.000000000e+00
    endloop
  endfacet
  facet normal 0.000000000e+00 0.000000000e+00 1.000000000e+00
    outer loop
      vertex -8.843362808e+00 1.801103783e+01 0.000000000e+00
      vertex -8.821939468e+00 1.799862099e+01 0.000000000e+00
      vertex -8.067283630e+00 6.451747894e+00 0.000000000e+00
    endloop
  endfacet
  facet normal 0.000000000e+00 0.000000000e+00 1.000000000e+00
    outer loop
      vertex -9.621015549e+00 3.760432482e+00 0.000000000e+00
      vertex -8.843362808e+00 1.801103783e+01 0.000000000e+00
      vertex -8.067283630e+00 6.451747894e+00 0.000000000e+00
    endloop
  endfacet
  facet normal 0.000000000e+00 0.000000000e+00 0.000000000e+00
    outer loop
      vertex 3.926173782e+01 1.245634079e+01 0.000000000e+00
      vertex 3.926173782e+01 1.245634079e+01 0.000000000e+00
      vertex 3.770642471e+01 9.762454033e+00 0.000000000e+00
    endloop
  endfacet
  facet normal 0.000000000e+00 0.000000000e+00 0.000000000e+00
    outer loop
      vertex -3.926173782e+01 -1.245634079e+01 0.000000000e+00
      vertex -3.926173782e+01 -1.245634079e+01 0.000000000e+00
      vertex -3.770642471e+01 -9.762454033e+00 0.000000000e+00
    endloop
  endfacet
  facet normal 0.000000000e+00 0.000000000e+00 1.000000000e+00
    outer loop
      vertex 1.029898047e+00 4.427446747e+01 0.000000000e+00
      vertex 3.974346896e-08 4.443758774e+01 0.000000000e+00
      vertex 1.555315495e+00 4.443758774e+01 0.000000000e+00
    endloop
  endfacet
  facet normal 0.000000000e+00 0.000000000e+00 1.000000000e+00
    outer loop
      vertex -3.970269203e+00 3.822019958e+01 0.000000000e+00
      vertex -4.667330742e+00 3.958826065e+01 0.000000000e+00
      vertex -4.667330265e+00 4.262127686e+01 0.000000000e+00
    endloop
  endfacet
  facet normal 0.000000000e+00 0.000000000e+00 1.000000000e+00
    outer loop
      vertex -3.970269203e+00 3.822019958e+01 0.000000000e+00
      vertex -4.667330265e+00 4.262127686e+01 0.000000000e+00
      vertex -3.970267296e+00 4.398933411e+01 0.000000000e+00
    endloop
  endfacet
  facet normal 0.000000000e+00 0.000000000e+00 1.000000000e+00
    outer loop
      vertex -2.884568691e+00 3.713449860e+01 0.000000000e+00
      vertex -3.970269203e+00 3.822019958e+01 0.000000000e+00
      vertex -3.970267296e+00 4.398933411e+01 0.000000000e+00
    endloop
  endfacet
  facet normal 0.000000000e+00 0.000000000e+00 1.000000000e+00
    outer loop
      vertex -2.884568691e+00 3.713449860e+01 0.000000000e+00
      vertex -3.970267296e+00 4.398933411e+01 0.000000000e+00
      vertex -2.884567976e+00 4.507503510e+01 0.000000000e+00
    endloop
  endfacet
  facet normal 0.000000000e+00 0.000000000e+00 1.000000000e+00
    outer loop
      vertex -1.569031954e+00 3.646419907e+01 0.000000000e+00
      vertex -2.884568691e+00 3.713449860e+01 0.000000000e+00
      vertex -2.884567976e+00 4.507503510e+01 0.000000000e+00
    endloop
  endfacet
  facet normal 0.000000000e+00 0.000000000e+00 1.000000000e+00
    outer loop
      vertex -1.422345757e+00 4.007137299e+01 0.000000000e+00
      vertex -1.033394575e+00 3.968242264e+01 0.000000000e+00
      vertex -1.566031694e+00 3.820824051e+01 0.000000000e+00
    endloop
  endfacet
  facet normal 0.000000000e+00 0.000000000e+00 1.000000000e+00
    outer loop
      vertex -1.672067881e+00 4.056148148e+01 0.000000000e+00
      vertex -1.422345757e+00 4.007137299e+01 0.000000000e+00
      vertex -1.566031694e+00 3.820824051e+01 0.000000000e+00
    endloop
  endfacet
  facet normal 0.000000000e+00 0.000000000e+00 1.000000000e+00
    outer loop
      vertex -1.672067881e+00 4.056148148e+01 0.000000000e+00
      vertex -1.566031694e+00 3.820824051e+01 0.000000000e+00
      vertex -1.569031954e+00 3.646419907e+01 0.000000000e+00
    endloop
  endfacet
  facet normal 0.000000000e+00 0.000000000e+00 1.000000000e+00
    outer loop
      vertex -1.758116364e+00 4.110476685e+01 0.000000000e+00
      vertex -1.672067881e+00 4.056148148e+01 0.000000000e+00
      vertex -1.569031954e+00 3.646419907e+01 0.000000000e+00
    endloop
  endfacet
  facet normal 0.000000000e+00 0.000000000e+00 1.000000000e+00
    outer loop
      vertex -1.758116364e+00 4.110476685e+01 0.000000000e+00
      vertex -1.569031954e+00 3.646419907e+01 0.000000000e+00
      vertex -2.884567976e+00 4.507503510e+01 0.000000000e+00
    endloop
  endfacet
  facet normal 0.000000000e+00 0.000000000e+00 1.000000000e+00
    outer loop
      vertex -1.758116364e+00 4.110476685e+01 0.000000000e+00
      vertex -2.884567976e+00 4.507503510e+01 0.000000000e+00
      vertex -1.516508579e+00 4.577209854e+01 0.000000000e+00
    endloop
  endfacet
  facet normal 0.000000000e+00 0.000000000e+00 1.000000000e+00
    outer loop
      vertex -1.715091825e+00 4.137641144e+01 0.000000000e+00
      vertex -1.758116364e+00 4.110476685e+01 0.000000000e+00
      vertex -1.516508579e+00 4.577209854e+01 0.000000000e+00
    endloop
  endfacet
  facet normal 0.000000000e+00 0.000000000e+00 1.000000000e+00
    outer loop
      vertex -1.672067642e+00 4.164805603e+01 0.000000000e+00
      vertex -1.715091825e+00 4.137641144e+01 0.000000000e+00
      vertex -1.516508579e+00 4.577209854e+01 0.000000000e+00
    endloop
  endfacet
  facet normal 0.000000000e+00 0.000000000e+00 1.000000000e+00
    outer loop
      vertex 3.974346896e-08 4.601229095e+01 0.000000000e+00
      vertex 1.516508341e+00 4.577209854e+01 0.000000000e+00
      vertex 1.555315495e+00 4.443758774e+01 0.000000000e+00
    endloop
  endfacet
  facet normal 0.000000000e+00 0.000000000e+00 1.000000000e+00
    outer loop
      vertex 3.974346896e-08 4.601229095e+01 0.000000000e+00
      vertex 1.555315495e+00 4.443758774e+01 0.000000000e+00
      vertex 3.974346896e-08 4.443758774e+01 0.000000000e+00
    endloop
  endfacet
  facet normal 0.000000000e+00 0.000000000e+00 1.000000000e+00
    outer loop
      vertex 3.974346896e-08 4.601229095e+01 0.000000000e+00
      vertex 3.974346896e-08 4.443758774e+01 0.000000000e+00
      vertex -6.798499896e-08 4.443758774e+01 0.000000000e+00
    endloop
  endfacet
  facet normal 0.000000000e+00 0.000000000e+00 1.000000000e+00
    outer loop
      vertex -1.516508579e+00 4.577209854e+01 0.000000000e+00
      vertex 3.974346896e-08 4.601229095e+01 0.000000000e+00
      vertex -6.798499896e-08 4.443758774e+01 0.000000000e+00
    endloop
  endfacet
  facet normal 0.000000000e+00 0.000000000e+00 1.000000000e+00
    outer loop
      vertex -1.516508579e+00 4.577209854e+01 0.000000000e+00
      vertex -6.798499896e-08 4.443758774e+01 0.000000000e+00
      vertex -1.555315495e+00 4.443758774e+01 0.000000000e+00
    endloop
  endfacet
  facet normal 0.000000000e+00 0.000000000e+00 1.000000000e+00
    outer loop
      vertex -1.672067642e+00 4.164805603e+01 0.000000000e+00
      vertex -1.516508579e+00 4.577209854e+01 0.000000000e+00
      vertex -1.555315495e+00 4.443758774e+01 0.000000000e+00
    endloop
  endfacet
  facet normal 0.000000000e+00 0.000000000e+00 1.000000000e+00
    outer loop
      vertex -1.672067642e+00 4.164805603e+01 0.000000000e+00
      vertex -1.555315495e+00 4.443758774e+01 0.000000000e+00
      vertex -1.556057334e+00 4.400637436e+01 0.000000000e+00
    endloop
  endfacet
  facet normal 0.000000000e+00 0.000000000e+00 9.999999404e-01
    outer loop
      vertex -1.422346354e+00 4.213816071e+01 0.000000000e+00
      vertex -1.672067642e+00 4.164805603e+01 0.000000000e+00
      vertex -1.556057334e+00 4.400637436e+01 0.000000000e+00
    endloop
  endfacet
  facet normal 0.000000000e+00 0.000000000e+00 1.000000000e+00
    outer loop
      vertex -1.029897809e+00 3.793506622e+01 0.000000000e+00
      vertex -1.566031694e+00 3.820824051e+01 0.000000000e+00
      vertex -1.033394575e+00 3.968242264e+01 0.000000000e+00
    endloop
  endfacet
  facet normal 0.000000000e+00 0.000000000e+00 1.000000000e+00
    outer loop
      vertex -1.422346354e+00 4.213816071e+01 0.000000000e+00
      vertex -1.556057334e+00 4.400637436e+01 0.000000000e+00
      vertex -1.029897928e+00 4.427446747e+01 0.000000000e+00
    endloop
  endfacet
  facet normal 0.000000000e+00 0.000000000e+00 9.999999404e-01
    outer loop
      vertex -1.033394098e+00 4.252711105e+01 0.000000000e+00
      vertex -1.422346354e+00 4.213816071e+01 0.000000000e+00
      vertex -1.029897928e+00 4.427446747e+01 0.000000000e+00
    endloop
  endfacet
  facet normal 0.000000000e+00 0.000000000e+00 1.000000000e+00
    outer loop
      vertex -1.029897809e+00 3.793506622e+01 0.000000000e+00
      vertex -1.033394575e+00 3.968242264e+01 0.000000000e+00
      vertex -5.432872772e-01 3.943269730e+01 0.000000000e+00
    endloop
  endfacet
  facet normal 0.000000000e+00 0.000000000e+00 1.000000000e+00
    outer loop
      vertex -5.432873368e-01 4.277683640e+01 0.000000000e+00
      vertex -1.033394098e+00 4.252711105e+01 0.000000000e+00
      vertex -1.029897928e+00 4.427446747e+01 0.000000000e+00
    endloop
  endfacet
  facet normal 0.000000000e+00 0.000000000e+00 1.000000000e+00
    outer loop
      vertex -5.432873368e-01 4.277683640e+01 0.000000000e+00
      vertex -1.029897928e+00 4.427446747e+01 0.000000000e+00
      vertex -6.798499896e-08 4.443758774e+01 0.000000000e+00
    endloop
  endfacet
  facet normal 0.000000000e+00 0.000000000e+00 9.999999404e-01
    outer loop
      vertex 2.795300388e-04 3.777199554e+01 0.000000000e+00
      vertex -1.029897809e+00 3.793506622e+01 0.000000000e+00
      vertex -5.432872772e-01 3.943269730e+01 0.000000000e+00
    endloop
  endfacet
  facet normal 0.000000000e+00 0.000000000e+00 1.000000000e+00
    outer loop
      vertex -2.716436088e-01 4.281986237e+01 0.000000000e+00
      vertex -5.432873368e-01 4.277683640e+01 0.000000000e+00
      vertex -6.798499896e-08 4.443758774e+01 0.000000000e+00
    endloop
  endfacet
  facet normal 0.000000000e+00 0.000000000e+00 1.000000000e+00
    outer loop
      vertex 2.795300388e-04 3.777199554e+01 0.000000000e+00
      vertex -5.432872772e-01 3.943269730e+01 0.000000000e+00
      vertex -1.456821366e-07 3.934665298e+01 0.000000000e+00
    endloop
  endfacet
  facet normal 0.000000000e+00 0.000000000e+00 1.000000000e+00
    outer loop
      vertex 3.974346896e-08 4.286288071e+01 0.000000000e+00
      vertex -2.716436088e-01 4.281986237e+01 0.000000000e+00
      vertex -6.798499896e-08 4.443758774e+01 0.000000000e+00
    endloop
  endfacet
  facet normal 0.000000000e+00 0.000000000e+00 1.000000000e+00
    outer loop
      vertex 2.795300388e-04 3.777199554e+01 0.000000000e+00
      vertex -1.456821366e-07 3.934665298e+01 0.000000000e+00
      vertex 5.432872176e-01 3.943269730e+01 0.000000000e+00
    endloop
  endfacet
  facet normal 0.000000000e+00 0.000000000e+00 1.000000000e+00
    outer loop
      vertex 3.974346896e-08 4.286288071e+01 0.000000000e+00
      vertex -6.798499896e-08 4.443758774e+01 0.000000000e+00
      vertex 3.974346896e-08 4.443758774e+01 0.000000000e+00
    endloop
  endfacet
  facet normal 0.000000000e+00 0.000000000e+00 1.000000000e+00
    outer loop
      vertex 5.432879329e-01 4.277683640e+01 0.000000000e+00
      vertex 3.974346896e-08 4.286288071e+01 0.000000000e+00
      vertex 3.974346896e-08 4.443758774e+01 0.000000000e+00
    endloop
  endfacet
  facet normal 0.000000000e+00 0.000000000e+00 9.999999404e-01
    outer loop
      vertex 5.432879329e-01 4.277683640e+01 0.000000000e+00
      vertex 3.974346896e-08 4.443758774e+01 0.000000000e+00
      vertex 1.029898047e+00 4.427446747e+01 0.000000000e+00
    endloop
  endfacet
  facet normal 0.000000000e+00 0.000000000e+00 1.000000000e+00
    outer loop
      vertex 1.033395529e+00 4.252711105e+01 0.000000000e+00
      vertex 5.432879329e-01 4.277683640e+01 0.000000000e+00
      vertex 1.029898047e+00 4.427446747e+01 0.000000000e+00
    endloop
  endfacet
  facet normal 0.000000000e+00 0.000000000e+00 1.000000000e+00
    outer loop
      vertex 1.033395529e+00 4.252711105e+01 0.000000000e+00
      vertex 1.029898047e+00 4.427446747e+01 0.000000000e+00
      vertex 1.553845048e+00 4.400750351e+01 0.000000000e+00
    endloop
  endfacet
  facet normal 0.000000000e+00 0.000000000e+00 1.000000000e+00
    outer loop
      vertex 1.422346592e+00 4.213816071e+01 0.000000000e+00
      vertex 1.033395529e+00 4.252711105e+01 0.000000000e+00
      vertex 1.553845048e+00 4.400750351e+01 0.000000000e+00
    endloop
  endfacet
  facet normal 0.000000000e+00 0.000000000e+00 1.000000000e+00
    outer loop
      vertex 1.672067642e+00 4.164805603e+01 0.000000000e+00
      vertex 1.422346592e+00 4.213816071e+01 0.000000000e+00
      vertex 1.553845048e+00 4.400750351e+01 0.000000000e+00
    endloop
  endfacet
  facet normal 0.000000000e+00 0.000000000e+00 1.000000000e+00
    outer loop
      vertex 1.555315495e+00 4.443758774e+01 0.000000000e+00
      vertex 1.516508341e+00 4.577209854e+01 0.000000000e+00
      vertex 2.884569883e+00 4.507503510e+01 0.000000000e+00
    endloop
  endfacet
  facet normal 0.000000000e+00 0.000000000e+00 1.000000000e+00
    outer loop
      vertex 2.884568930e+00 3.713449860e+01 0.000000000e+00
      vertex 1.527985215e+00 3.644328308e+01 0.000000000e+00
      vertex 1.533963323e+00 3.819190216e+01 0.000000000e+00
    endloop
  endfacet
  facet normal 0.000000000e+00 0.000000000e+00 9.999999404e-01
    outer loop
      vertex 1.672067642e+00 4.164805603e+01 0.000000000e+00
      vertex 1.553845048e+00 4.400750351e+01 0.000000000e+00
      vertex 1.555315495e+00 4.443758774e+01 0.000000000e+00
    endloop
  endfacet
  facet normal 0.000000000e+00 0.000000000e+00 1.000000000e+00
    outer loop
      vertex 1.672067642e+00 4.164805603e+01 0.000000000e+00
      vertex 1.555315495e+00 4.443758774e+01 0.000000000e+00
      vertex 2.884569883e+00 4.507503510e+01 0.000000000e+00
    endloop
  endfacet
  facet normal 0.000000000e+00 0.000000000e+00 1.000000000e+00
    outer loop
      vertex 1.758116364e+00 4.110476685e+01 0.000000000e+00
      vertex 1.672067642e+00 4.164805603e+01 0.000000000e+00
      vertex 2.884569883e+00 4.507503510e+01 0.000000000e+00
    endloop
  endfacet
  facet normal 0.000000000e+00 0.000000000e+00 9.999999404e-01
    outer loop
      vertex 4.667330742e+00 4.262127686e+01 0.000000000e+00
      vertex 4.907521725e+00 4.110476685e+01 0.000000000e+00
      vertex 4.667330265e+00 3.958825684e+01 0.000000000e+00
    endloop
  endfacet
  facet normal 0.000000000e+00 0.000000000e+00 1.000000000e+00
    outer loop
      vertex 3.970269203e+00 4.398933411e+01 0.000000000e+00
      vertex 4.667330742e+00 4.262127686e+01 0.000000000e+00
      vertex 4.667330265e+00 3.958825684e+01 0.000000000e+00
    endloop
  endfacet
  facet normal 0.000000000e+00 0.000000000e+00 1.000000000e+00
    outer loop
      vertex 3.970269203e+00 4.398933411e+01 0.000000000e+00
      vertex 4.667330265e+00 3.958825684e+01 0.000000000e+00
      vertex 3.970268011e+00 3.822019958e+01 0.000000000e+00
    endloop
  endfacet
  facet normal 0.000000000e+00 0.000000000e+00 1.000000000e+00
    outer loop
      vertex 2.884569883e+00 4.507503510e+01 0.000000000e+00
      vertex 3.970269203e+00 4.398933411e+01 0.000000000e+00
      vertex 3.970268011e+00 3.822019958e+01 0.000000000e+00
    endloop
  endfacet
  facet normal 0.000000000e+00 0.000000000e+00 1.000000000e+00
    outer loop
      vertex 2.884569883e+00 4.507503510e+01 0.000000000e+00
      vertex 3.970268011e+00 3.822019958e+01 0.000000000e+00
      vertex 2.884568930e+00 3.713449860e+01 0.000000000e+00
    endloop
  endfacet
  facet normal 0.000000000e+00 0.000000000e+00 1.000000000e+00
    outer loop
      vertex 1.758116364e+00 4.110476685e+01 0.000000000e+00
      vertex 2.884569883e+00 4.507503510e+01 0.000000000e+00
      vertex 2.884568930e+00 3.713449860e+01 0.000000000e+00
    endloop
  endfacet
  facet normal 0.000000000e+00 0.000000000e+00 1.000000000e+00
    outer loop
      vertex 1.672067761e+00 4.056147766e+01 0.000000000e+00
      vertex 1.758116364e+00 4.110476685e+01 0.000000000e+00
      vertex 2.884568930e+00 3.713449860e+01 0.000000000e+00
    endloop
  endfacet
  facet normal 0.000000000e+00 0.000000000e+00 9.999999404e-01
    outer loop
      vertex 1.672067761e+00 4.056147766e+01 0.000000000e+00
      vertex 2.884568930e+00 3.713449860e+01 0.000000000e+00
      vertex 1.533963323e+00 3.819190216e+01 0.000000000e+00
    endloop
  endfacet
  facet normal 0.000000000e+00 0.000000000e+00 1.000000000e+00
    outer loop
      vertex 1.422346354e+00 4.007137299e+01 0.000000000e+00
      vertex 1.672067761e+00 4.056147766e+01 0.000000000e+00
      vertex 1.533963323e+00 3.819190216e+01 0.000000000e+00
    endloop
  endfacet
  facet normal 0.000000000e+00 0.000000000e+00 1.000000000e+00
    outer loop
      vertex 1.033394694e+00 3.968242264e+01 0.000000000e+00
      vertex 1.422346354e+00 4.007137299e+01 0.000000000e+00
      vertex 1.533963323e+00 3.819190216e+01 0.000000000e+00
    endloop
  endfacet
  facet normal 0.000000000e+00 0.000000000e+00 9.999999404e-01
    outer loop
      vertex 1.033394694e+00 3.968242264e+01 0.000000000e+00
      vertex 1.533963323e+00 3.819190216e+01 0.000000000e+00
      vertex 1.029897571e+00 3.793506622e+01 0.000000000e+00
    endloop
  endfacet
  facet normal 0.000000000e+00 0.000000000e+00 1.000000000e+00
    outer loop
      vertex 5.432872176e-01 3.943269730e+01 0.000000000e+00
      vertex 1.033394694e+00 3.968242264e+01 0.000000000e+00
      vertex 1.029897571e+00 3.793506622e+01 0.000000000e+00
    endloop
  endfacet
  facet normal 0.000000000e+00 0.000000000e+00 1.000000000e+00
    outer loop
      vertex 2.795300388e-04 3.777199554e+01 0.000000000e+00
      vertex 5.432872176e-01 3.943269730e+01 0.000000000e+00
      vertex 1.029897571e+00 3.793506622e+01 0.000000000e+00
    endloop
  endfacet
  facet normal 0.000000000e+00 0.000000000e+00 1.000000000e+00
    outer loop
      vertex -1.516508341e+00 3.643743896e+01 0.000000000e+00
      vertex -1.566031694e+00 3.820824051e+01 0.000000000e+00
      vertex -1.029897809e+00 3.793506622e+01 0.000000000e+00
    endloop
  endfacet
  facet normal 0.000000000e+00 0.000000000e+00 9.999999404e-01
    outer loop
      vertex -1.456821366e-07 3.619724274e+01 0.000000000e+00
      vertex -1.516508341e+00 3.643743896e+01 0.000000000e+00
      vertex -1.029897809e+00 3.793506622e+01 0.000000000e+00
    endloop
  endfacet
  facet normal 0.000000000e+00 0.000000000e+00 9.999999404e-01
    outer loop
      vertex -1.456821366e-07 3.619724274e+01 0.000000000e+00
      vertex -1.029897809e+00 3.793506622e+01 0.000000000e+00
      vertex 2.795300388e-04 3.777199554e+01 0.000000000e+00
    endloop
  endfacet
  facet normal 0.000000000e+00 0.000000000e+00 1.000000000e+00
    outer loop
      vertex 1.516507983e+00 3.643743896e+01 0.000000000e+00
      vertex -1.456821366e-07 3.619724274e+01 0.000000000e+00
      vertex 2.795300388e-04 3.777199554e+01 0.000000000e+00
    endloop
  endfacet
  facet normal 0.000000000e+00 0.000000000e+00 1.000000000e+00
    outer loop
      vertex 1.533963323e+00 3.819190216e+01 0.000000000e+00
      vertex 1.527985215e+00 3.644328308e+01 0.000000000e+00
      vertex 1.516507983e+00 3.643743896e+01 0.000000000e+00
    endloop
  endfacet
  facet normal 0.000000000e+00 0.000000000e+00 1.000000000e+00
    outer loop
      vertex 1.029897571e+00 3.793506622e+01 0.000000000e+00
      vertex 1.533963323e+00 3.819190216e+01 0.000000000e+00
      vertex 1.516507983e+00 3.643743896e+01 0.000000000e+00
    endloop
  endfacet
  facet normal 0.000000000e+00 0.000000000e+00 9.999999404e-01
    outer loop
      vertex 1.029897571e+00 3.793506622e+01 0.000000000e+00
      vertex 1.516507983e+00 3.643743896e+01 0.000000000e+00
      vertex 2.795300388e-04 3.777199554e+01 0.000000000e+00
    endloop
  endfacet
  facet normal 0.000000000e+00 0.000000000e+00 1.000000000e+00
    outer loop
      vertex -1.555315495e+00 4.443758774e+01 0.000000000e+00
      vertex -6.798499896e-08 4.443758774e+01 0.000000000e+00
      vertex -1.029897928e+00 4.427446747e+01 0.000000000e+00
    endloop
  endfacet
  facet normal 0.000000000e+00 0.000000000e+00 1.000000000e+00
    outer loop
      vertex -1.029897928e+00 4.427446747e+01 0.000000000e+00
      vertex -1.556057334e+00 4.400637436e+01 0.000000000e+00
      vertex -1.555315495e+00 4.443758774e+01 0.000000000e+00
    endloop
  endfacet
  facet normal 0.000000000e+00 0.000000000e+00 9.999999404e-01
    outer loop
      vertex -1.516508341e+00 3.643743896e+01 0.000000000e+00
      vertex -1.569031954e+00 3.646419907e+01 0.000000000e+00
      vertex -1.566031694e+00 3.820824051e+01 0.000000000e+00
    endloop
  endfacet
  facet normal 0.000000000e+00 0.000000000e+00 1.000000000e+00
    outer loop
      vertex -4.667330742e+00 3.958826065e+01 0.000000000e+00
      vertex -4.907521725e+00 4.110476685e+01 0.000000000e+00
      vertex -4.667330265e+00 4.262127686e+01 0.000000000e+00
    endloop
  endfacet
  facet normal 0.000000000e+00 0.000000000e+00 1.000000000e+00
    outer loop
      vertex 1.555315495e+00 4.443758774e+01 0.000000000e+00
      vertex 1.553845048e+00 4.400750351e+01 0.000000000e+00
      vertex 1.029898047e+00 4.427446747e+01 0.000000000e+00
    endloop
  endfacet
  facet normal 0.000000000e+00 0.000000000e+00 1.000000000e+00
    outer loop
      vertex -3.193986130e+01 -1.668323135e+01 0.000000000e+00
      vertex -3.926173782e+01 -1.245634079e+01 0.000000000e+00
      vertex -3.770642471e+01 -9.762454033e+00 0.000000000e+00
    endloop
  endfacet
  facet normal 0.000000000e+00 0.000000000e+00 0.000000000e+00
    outer loop
      vertex -1.634650744e-07 4.443758774e+01 2.177441597e+00
      vertex -1.359699979e-07 4.443758774e+01 2.177441597e+00
      vertex -1.685549904e-07 4.443758774e+01 2.177441597e+00
    endloop
  endfacet
  facet normal 0.000000000e+00 0.000000000e+00 0.000000000e+00
    outer loop
      vertex -1.359699979e-07 4.443758774e+01 2.177441597e+00
      vertex -1.359699979e-07 4.443758774e+01 2.177441597e+00
      vertex -1.634650744e-07 4.443758774e+01 2.177441597e+00
    endloop
  endfacet
  facet normal 0.000000000e+00 0.000000000e+00 0.000000000e+00
    outer loop
      vertex -1.685549904e-07 4.443758774e+01 2.177441597e+00
      vertex -1.359699979e-07 4.443758774e+01 2.177441597e+00
      vertex -1.359699979e-07 4.443758774e+01 2.177441597e+00
    endloop
  endfacet
  facet normal 7.250418663e-01 3.694275916e-01 -5.812380314e-01
    outer loop
      vertex 1.672067642e+00 4.164805603e+01 0.000000000e+00
      vertex 3.169698954e+00 4.213466644e+01 2.177441597e+00
      vertex 2.696307898e+00 4.306374741e+01 2.177441597e+00
    endloop
  endfacet
  facet normal 5.753970742e-01 5.753950477e-01 -5.812389851e-01
    outer loop
      vertex 2.696307898e+00 4.306374741e+01 2.177441597e+00
      vertex 1.958982587e+00 4.380107498e+01 2.177441597e+00
      vertex 1.033395529e+00 4.252711105e+01 0.000000000e+00
    endloop
  endfacet
  facet normal 3.694279194e-01 7.250428200e-01 -5.812365413e-01
    outer loop
      vertex 1.958982587e+00 4.380107498e+01 2.177441597e+00
      vertex 1.029898047e+00 4.427446747e+01 2.177441597e+00
      vertex 5.432879329e-01 4.277683640e+01 0.000000000e+00
    endloop
  endfacet
  facet normal 1.272962391e-01 8.037140965e-01 -5.812393427e-01
    outer loop
      vertex 1.029898047e+00 4.427446747e+01 2.177441597e+00
      vertex 3.974346896e-08 4.443758774e+01 2.177441597e+00
      vertex 3.974346896e-08 4.286288071e+01 0.000000000e+00
    endloop
  endfacet
  facet normal -1.272963881e-01 8.037161231e-01 -5.812366605e-01
    outer loop
      vertex 3.974346896e-08 4.443758774e+01 2.177441597e+00
      vertex -1.029897928e+00 4.427446747e+01 2.177441597e+00
      vertex -5.432872772e-01 4.277683640e+01 1.927308517e-07
    endloop
  endfacet
  facet normal 1.272963881e-01 -8.037154675e-01 -5.812374949e-01
    outer loop
      vertex -1.516508579e+00 4.577209854e+01 0.000000000e+00
      vertex -1.029897928e+00 4.427446747e+01 2.177441597e+00
      vertex 3.974346896e-08 4.443758774e+01 2.177441597e+00
    endloop
  endfacet
  facet normal -1.564410031e-01 9.876872897e-01 0.000000000e+00
    outer loop
      vertex -5.432872772e-01 4.277683640e+01 1.927308517e-07
      vertex -5.432873368e-01 4.277683640e+01 0.000000000e+00
      vertex -2.716436088e-01 4.281986237e+01 0.000000000e+00
    endloop
  endfacet
  facet normal 3.694282174e-01 -7.250415087e-01 -5.812379718e-01
    outer loop
      vertex -1.516508579e+00 4.577209854e+01 0.000000000e+00
      vertex -2.884567976e+00 4.507503510e+01 0.000000000e+00
      vertex -1.958981156e+00 4.380107498e+01 2.177441597e+00
    endloop
  endfacet
  facet normal -1.261205971e-02 2.475221641e-02 -9.996140599e-01
    outer loop
      vertex -1.033393979e+00 4.252711105e+01 1.927307949e-07
      vertex -1.033394098e+00 4.252711105e+01 0.000000000e+00
      vertex -5.432873368e-01 4.277683640e+01 0.000000000e+00
    endloop
  endfacet
  facet normal 5.753970742e-01 -5.753964782e-01 -5.812375546e-01
    outer loop
      vertex -2.884567976e+00 4.507503510e+01 0.000000000e+00
      vertex -3.970267296e+00 4.398933411e+01 0.000000000e+00
      vertex -2.696306944e+00 4.306374741e+01 2.177441597e+00
    endloop
  endfacet
  facet normal -2.984069102e-02 2.984084003e-02 9.991090894e-01
    outer loop
      vertex -1.422346354e+00 4.213816071e+01 0.000000000e+00
      vertex -1.033394098e+00 4.252711105e+01 0.000000000e+00
      vertex -1.033393979e+00 4.252711105e+01 1.927307949e-07
    endloop
  endfacet
  facet normal 7.250408530e-01 -3.694287539e-01 -5.812385678e-01
    outer loop
      vertex -3.970267296e+00 4.398933411e+01 0.000000000e+00
      vertex -4.667330265e+00 4.262127686e+01 0.000000000e+00
      vertex -3.169698954e+00 4.213466644e+01 2.177441597e+00
    endloop
  endfacet
  facet normal -1.814119965e-01 9.243407845e-02 9.790534377e-01
    outer loop
      vertex -1.672067642e+00 4.164805603e+01 0.000000000e+00
      vertex -1.422346354e+00 4.213816071e+01 0.000000000e+00
      vertex -1.422346234e+00 4.213816071e+01 1.927308375e-07
    endloop
  endfacet
  facet normal -2.143559903e-01 3.395059332e-02 9.761654139e-01
    outer loop
      vertex -1.672067523e+00 4.164805603e+01 1.927308517e-07
      vertex -1.715091825e+00 4.137641144e+01 0.000000000e+00
      vertex -1.672067642e+00 4.164805603e+01 0.000000000e+00
    endloop
  endfacet
  facet normal -8.037162423e-01 -1.272959709e-01 -5.812366009e-01
    outer loop
      vertex -3.332818747e+00 4.110476685e+01 2.177441597e+00
      vertex -3.169699192e+00 4.007487106e+01 2.177441597e+00
      vertex -1.672067881e+00 4.056148148e+01 0.000000000e+00
    endloop
  endfacet
  facet normal -7.250449061e-01 -3.694279492e-01 -5.812339783e-01
    outer loop
      vertex -3.169699192e+00 4.007487106e+01 2.177441597e+00
      vertex -2.696307421e+00 3.914578629e+01 2.177441597e+00
      vertex -1.422345757e+00 4.007137299e+01 0.000000000e+00
    endloop
  endfacet
  facet normal -5.753968358e-01 -5.753955245e-01 -5.812387466e-01
    outer loop
      vertex -2.696307421e+00 3.914578629e+01 2.177441597e+00
      vertex -1.958981514e+00 3.840845871e+01 2.177441597e+00
      vertex -1.033394575e+00 3.968242264e+01 0.000000000e+00
    endloop
  endfacet
  facet normal -3.694278300e-01 -7.250418663e-01 -5.812377334e-01
    outer loop
      vertex -1.958981514e+00 3.840845871e+01 2.177441597e+00
      vertex -1.029897809e+00 3.793506622e+01 2.177441597e+00
      vertex -5.432872772e-01 3.943269730e+01 0.000000000e+00
    endloop
  endfacet
  facet normal 3.694283664e-01 7.250430584e-01 -5.812358856e-01
    outer loop
      vertex -1.029897809e+00 3.793506622e+01 2.177441597e+00
      vertex -1.958981514e+00 3.840845871e+01 2.177441597e+00
      vertex -2.884568691e+00 3.713449860e+01 0.000000000e+00
    endloop
  endfacet
  facet normal -1.272903234e-01 -8.037160635e-01 -5.812381506e-01
    outer loop
      vertex -2.522417049e-07 3.777194977e+01 2.177441597e+00
      vertex -1.456821366e-07 3.934665298e+01 0.000000000e+00
      vertex -5.432872772e-01 3.943269730e+01 0.000000000e+00
    endloop
  endfacet
  facet normal 1.272935420e-01 8.037158251e-01 -5.812377334e-01
    outer loop
      vertex -1.492737770e+00 3.651059341e+01 1.063664407e-01
      vertex -2.522417049e-07 3.777194977e+01 2.177441597e+00
      vertex -1.029897809e+00 3.793506622e+01 2.177441597e+00
    endloop
  endfacet
  facet normal 1.272934377e-01 -8.037150502e-01 -5.812388659e-01
    outer loop
      vertex -1.456821366e-07 3.777194977e+01 2.177441597e+00
      vertex 1.029897571e+00 3.793506622e+01 2.177441597e+00
      vertex 5.432872176e-01 3.943269730e+01 0.000000000e+00
    endloop
  endfacet
  facet normal -1.272936016e-01 8.037164807e-01 -5.812366605e-01
    outer loop
      vertex -1.030306223e-07 3.777194977e+01 2.177441597e+00
      vertex 1.511053085e+00 3.645422745e+01 2.440890297e-02
      vertex 1.029897571e+00 3.793506622e+01 2.177441597e+00
    endloop
  endfacet
  facet normal 3.694317341e-01 -7.250414491e-01 -5.812358260e-01
    outer loop
      vertex 1.033394694e+00 3.968242264e+01 0.000000000e+00
      vertex 5.432872176e-01 3.943269730e+01 0.000000000e+00
      vertex 1.029897571e+00 3.793506622e+01 2.177441597e+00
    endloop
  endfacet
  facet normal 5.753969550e-01 -5.753951669e-01 -5.812389255e-01
    outer loop
      vertex 1.958981752e+00 3.840845871e+01 2.177441597e+00
      vertex 2.696307182e+00 3.914578629e+01 2.177441597e+00
      vertex 1.422346354e+00 4.007137299e+01 0.000000000e+00
    endloop
  endfacet
  facet normal 7.250409722e-01 -3.694281578e-01 -5.812386870e-01
    outer loop
      vertex 2.696307182e+00 3.914578629e+01 2.177441597e+00
      vertex 3.169698954e+00 4.007486725e+01 2.177441597e+00
      vertex 1.672067761e+00 4.056147766e+01 0.000000000e+00
    endloop
  endfacet
  facet normal 8.037146926e-01 -1.272955984e-01 -5.812387466e-01
    outer loop
      vertex 3.169698954e+00 4.007486725e+01 2.177441597e+00
      vertex 3.332818747e+00 4.110476685e+01 2.177441597e+00
      vertex 1.758116364e+00 4.110476685e+01 0.000000000e+00
    endloop
  endfacet
  facet normal 8.037164211e-01 1.272960752e-01 -5.812362432e-01
    outer loop
      vertex 1.672067642e+00 4.164805603e+01 0.000000000e+00
      vertex 1.758116364e+00 4.110476685e+01 0.000000000e+00
      vertex 3.332818747e+00 4.110476685e+01 2.177441597e+00
    endloop
  endfacet
  facet normal -7.250406146e-01 -3.694269955e-01 -5.812398791e-01
    outer loop
      vertex 3.970269203e+00 4.398933411e+01 0.000000000e+00
      vertex 2.696307898e+00 4.306374741e+01 2.177441597e+00
      vertex 3.169698954e+00 4.213466644e+01 2.177441597e+00
    endloop
  endfacet
  facet normal -5.753969550e-01 -5.753952265e-01 -5.812388659e-01
    outer loop
      vertex 2.884569883e+00 4.507503510e+01 0.000000000e+00
      vertex 1.958982587e+00 4.380107498e+01 2.177441597e+00
      vertex 2.696307898e+00 4.306374741e+01 2.177441597e+00
    endloop
  endfacet
  facet normal -3.694270551e-01 -7.250410914e-01 -5.812391639e-01
    outer loop
      vertex 1.516508341e+00 4.577209854e+01 0.000000000e+00
      vertex 1.029898047e+00 4.427446747e+01 2.177441597e+00
      vertex 1.958982587e+00 4.380107498e+01 2.177441597e+00
    endloop
  endfacet
  facet normal -1.272963136e-01 -8.037154675e-01 -5.812375546e-01
    outer loop
      vertex 3.974346896e-08 4.601229095e+01 0.000000000e+00
      vertex 3.974346896e-08 4.443758774e+01 2.177441597e+00
      vertex 1.029898047e+00 4.427446747e+01 2.177441597e+00
    endloop
  endfacet
  facet normal -3.694308698e-01 7.250387669e-01 -5.812397599e-01
    outer loop
      vertex -1.958981156e+00 4.380107498e+01 2.177441597e+00
      vertex -1.033393979e+00 4.252711105e+01 1.927307949e-07
      vertex -5.432872772e-01 4.277683640e+01 1.927308517e-07
    endloop
  endfacet
  facet normal -5.753920674e-01 5.753951073e-01 -5.812438726e-01
    outer loop
      vertex -2.696306944e+00 4.306374741e+01 2.177441597e+00
      vertex -1.422346234e+00 4.213816071e+01 1.927308375e-07
      vertex -1.033393979e+00 4.252711105e+01 1.927307949e-07
    endloop
  endfacet
  facet normal -7.250432372e-01 3.694288135e-01 -5.812354684e-01
    outer loop
      vertex -3.169698954e+00 4.213466644e+01 2.177441597e+00
      vertex -1.672067523e+00 4.164805603e+01 1.927308517e-07
      vertex -1.422346234e+00 4.213816071e+01 1.927308375e-07
    endloop
  endfacet
  facet normal -8.037114739e-01 1.272959709e-01 -5.812431574e-01
    outer loop
      vertex -1.715091825e+00 4.137641144e+01 0.000000000e+00
      vertex -1.672067523e+00 4.164805603e+01 1.927308517e-07
      vertex -3.169698954e+00 4.213466644e+01 2.177441597e+00
    endloop
  endfacet
  facet normal 8.037150502e-01 -1.272958219e-01 -5.812380910e-01
    outer loop
      vertex -3.169698954e+00 4.213466644e+01 2.177441597e+00
      vertex -4.667330265e+00 4.262127686e+01 0.000000000e+00
      vertex -4.907521725e+00 4.110476685e+01 0.000000000e+00
    endloop
  endfacet
  facet normal 8.037164807e-01 1.272967011e-01 -5.812360644e-01
    outer loop
      vertex -4.667330742e+00 3.958826065e+01 0.000000000e+00
      vertex -3.169699192e+00 4.007487106e+01 2.177441597e+00
      vertex -3.332818747e+00 4.110476685e+01 2.177441597e+00
    endloop
  endfacet
  facet normal 7.250406742e-01 3.694264889e-01 -5.812401772e-01
    outer loop
      vertex -3.970269203e+00 3.822019958e+01 0.000000000e+00
      vertex -2.696307421e+00 3.914578629e+01 2.177441597e+00
      vertex -3.169699192e+00 4.007487106e+01 2.177441597e+00
    endloop
  endfacet
  facet normal 5.753968358e-01 5.753955245e-01 -5.812387466e-01
    outer loop
      vertex -2.884568691e+00 3.713449860e+01 0.000000000e+00
      vertex -1.958981514e+00 3.840845871e+01 2.177441597e+00
      vertex -2.696307421e+00 3.914578629e+01 2.177441597e+00
    endloop
  endfacet
  facet normal -3.416745961e-01 6.705725789e-01 -6.584762335e-01
    outer loop
      vertex 1.528005719e+00 3.644331741e+01 2.863645204e-05
      vertex 1.527985215e+00 3.644328308e+01 0.000000000e+00
      vertex 2.884568930e+00 3.713449860e+01 0.000000000e+00
    endloop
  endfacet
  facet normal -5.753986835e-01 5.753973126e-01 -5.812351108e-01
    outer loop
      vertex 3.970268011e+00 3.822019958e+01 0.000000000e+00
      vertex 2.696307182e+00 3.914578629e+01 2.177441597e+00
      vertex 1.958981752e+00 3.840845871e+01 2.177441597e+00
    endloop
  endfacet
  facet normal -7.250403166e-01 3.694281578e-01 -5.812395215e-01
    outer loop
      vertex 4.667330265e+00 3.958825684e+01 0.000000000e+00
      vertex 3.169698954e+00 4.007486725e+01 2.177441597e+00
      vertex 2.696307182e+00 3.914578629e+01 2.177441597e+00
    endloop
  endfacet
  facet normal -8.037158251e-01 1.272954345e-01 -5.812371969e-01
    outer loop
      vertex 4.907521725e+00 4.110476685e+01 0.000000000e+00
      vertex 3.332818747e+00 4.110476685e+01 2.177441597e+00
      vertex 3.169698954e+00 4.007486725e+01 2.177441597e+00
    endloop
  endfacet
  facet normal -8.037152886e-01 -1.272954047e-01 -5.812378526e-01
    outer loop
      vertex 3.332818747e+00 4.110476685e+01 2.177441597e+00
      vertex 4.907521725e+00 4.110476685e+01 0.000000000e+00
      vertex 4.667330742e+00 4.262127686e+01 0.000000000e+00
    endloop
  endfacet
  facet normal 0.000000000e+00 -4.465986416e-02 -9.990022779e-01
    outer loop
      vertex -1.030583974e-07 3.777194977e+01 2.177441835e+00
      vertex -1.030306223e-07 3.777194977e+01 2.177441597e+00
      vertex -1.243473804e-07 3.777194977e+01 2.177441597e+00
    endloop
  endfacet
  facet normal 0.000000000e+00 -1.000000000e+00 0.000000000e+00
    outer loop
      vertex -1.030583974e-07 3.777194977e+01 2.177441835e+00
      vertex 4.998599223e-08 3.777194977e+01 2.177441597e+00
      vertex -1.030306223e-07 3.777194977e+01 2.177441597e+00
    endloop
  endfacet
  facet normal 4.068325758e-01 -7.046049833e-01 5.813940763e-01
    outer loop
      vertex 1.613248062e+01 5.249470705e-04 0.000000000e+00
      vertex 9.621019363e+00 -3.759134293e+00 0.000000000e+00
      vertex 9.621019363e+00 -3.758774996e+00 4.355833516e-04
    endloop
  endfacet
  facet normal 8.139592409e-01 -2.134974966e-05 5.809220076e-01
    outer loop
      vertex 8.065704346e+00 -6.452660084e+00 3.754781210e-04
      vertex 8.065972328e+00 -6.452505112e+00 0.000000000e+00
      vertex 8.065773964e+00 -1.397033501e+01 0.000000000e+00
    endloop
  endfacet
  facet normal -8.178468347e-01 -1.588949635e-05 -5.754359365e-01
    outer loop
      vertex 1.115290070e+01 -8.261897087e+00 0.000000000e+00
      vertex 9.620802879e+00 -5.554573059e+00 2.177441835e+00
      vertex 9.621019363e+00 -1.666409492e+01 2.177441597e+00
    endloop
  endfacet
  facet normal 4.074451327e-01 7.057572603e-01 5.795645714e-01
    outer loop
      vertex 1.555315495e+00 -2.693881989e+00 1.034550805e-04
      vertex 1.555241704e+00 -2.693753958e+00 0.000000000e+00
      vertex 8.065972328e+00 -6.452505112e+00 0.000000000e+00
    endloop
  endfacet
  facet normal -4.133075774e-01 7.158767581e-01 5.627587438e-01
    outer loop
      vertex 3.926173782e+01 -1.245634079e+01 0.000000000e+00
      vertex 3.192769432e+01 -1.669064903e+01 4.775312846e-05
      vertex 3.192762756e+01 -1.669064903e+01 0.000000000e+00
    endloop
  endfacet
  facet normal 4.063113630e-01 -7.037028074e-01 5.828495026e-01
    outer loop
      vertex 2.886305809e+01 -1.486817169e+01 4.355833516e-04
      vertex 3.770256042e+01 -9.764684677e+00 0.000000000e+00
      vertex 2.886305809e+01 -1.486853123e+01 0.000000000e+00
    endloop
  endfacet
  facet normal -8.660253286e-01 -5.000002384e-01 2.816014160e-07
    outer loop
      vertex 3.770642471e+01 -9.762454033e+00 0.000000000e+00
      vertex 3.848408127e+01 -1.110939693e+01 2.177441597e+00
      vertex 3.926173782e+01 -1.245634079e+01 0.000000000e+00
    endloop
  endfacet
  facet normal 8.149365783e-01 -2.137813317e-05 5.795500875e-01
    outer loop
      vertex 2.730774307e+01 -1.756205559e+01 3.754781210e-04
      vertex 2.730801010e+01 -1.756190300e+01 0.000000000e+00
      vertex 2.730774307e+01 -2.777349091e+01 0.000000000e+00
    endloop
  endfacet
  facet normal -8.191704154e-01 -2.285341034e-03 -5.735455751e-01
    outer loop
      vertex 3.041837311e+01 -2.777349091e+01 0.000000000e+00
      vertex 3.039493561e+01 -1.937129402e+01 0.000000000e+00
      vertex 2.886283875e+01 -1.666396904e+01 2.177441835e+00
    endloop
  endfacet
  facet normal 0.000000000e+00 1.000000000e+00 0.000000000e+00
    outer loop
      vertex 2.886305809e+01 -2.777349091e+01 2.177441597e+00
      vertex 2.730774307e+01 -2.777349091e+01 0.000000000e+00
      vertex 3.041837311e+01 -2.777349091e+01 0.000000000e+00
    endloop
  endfacet
  facet normal -4.047393501e-01 7.010351419e-01 5.871422291e-01
    outer loop
      vertex 2.964071465e+01 -6.901640415e+00 0.000000000e+00
      vertex 2.230667496e+01 -1.113595200e+01 4.775331763e-05
      vertex 2.230660629e+01 -1.113595104e+01 0.000000000e+00
    endloop
  endfacet
  facet normal 4.069719613e-01 -7.048464417e-01 5.810037851e-01
    outer loop
      vertex 1.924203873e+01 -9.313472748e+00 4.355833516e-04
      vertex 2.808153725e+01 -4.209985256e+00 0.000000000e+00
      vertex 1.924203873e+01 -9.313832283e+00 0.000000000e+00
    endloop
  endfacet
  facet normal -8.660252094e-01 -5.000004172e-01 4.224023087e-07
    outer loop
      vertex 2.808539963e+01 -4.207755089e+00 0.000000000e+00
      vertex 2.886305809e+01 -5.554697990e+00 2.177441597e+00
      vertex 2.964071465e+01 -6.901640415e+00 0.000000000e+00
    endloop
  endfacet
  facet normal 8.149367571e-01 -2.137813499e-05 5.795498490e-01
    outer loop
      vertex 1.768672371e+01 -1.200735855e+01 3.754781210e-04
      vertex 1.768699074e+01 -1.200720406e+01 0.000000000e+00
      vertex 1.768672371e+01 -2.221879387e+01 0.000000000e+00
    endloop
  endfacet
  facet normal -8.191698790e-01 -2.284998307e-03 -5.735463500e-01
    outer loop
      vertex 2.079735374e+01 -2.221879387e+01 0.000000000e+00
      vertex 2.077392006e+01 -1.381659603e+01 0.000000000e+00
      vertex 1.924182129e+01 -1.110927200e+01 2.177441597e+00
    endloop
  endfacet
  facet normal 0.000000000e+00 1.000000000e+00 0.000000000e+00
    outer loop
      vertex 1.768672371e+01 -2.221879387e+01 0.000000000e+00
      vertex 2.079735374e+01 -2.221879387e+01 0.000000000e+00
      vertex 1.924203873e+01 -2.221879387e+01 2.177441597e+00
    endloop
  endfacet
  facet normal -4.093682468e-01 7.090529799e-01 5.741617084e-01
    outer loop
      vertex 2.001969719e+01 -1.346942782e+00 0.000000000e+00
      vertex 1.268565559e+01 -5.581253529e+00 4.775319394e-05
      vertex 1.268558884e+01 -5.581253052e+00 0.000000000e+00
    endloop
  endfacet
  facet normal -4.091022313e-01 -7.175925374e-01 5.636456013e-01
    outer loop
      vertex 3.923261642e+01 -2.085524940e+01 0.000000000e+00
      vertex 3.192762756e+01 -1.669064903e+01 0.000000000e+00
      vertex 3.192769432e+01 -1.669064903e+01 4.775312846e-05
    endloop
  endfacet
  facet normal -8.660263419e-01 4.999983609e-01 1.126406573e-06
    outer loop
      vertex 3.926173401e+01 -2.087184906e+01 0.000000000e+00
      vertex 3.848407745e+01 -2.221879387e+01 2.177441597e+00
      vertex 3.770642090e+01 -2.356573677e+01 0.000000000e+00
    endloop
  endfacet
  facet normal -4.033030272e-01 -7.084199190e-01 5.792130232e-01
    outer loop
      vertex 2.886305809e+01 -1.486853123e+01 0.000000000e+00
      vertex 2.230660629e+01 -1.113595104e+01 0.000000000e+00
      vertex 2.230667496e+01 -1.113595200e+01 4.775331763e-05
    endloop
  endfacet
  facet normal 4.057149589e-01 7.078292966e-01 5.782501101e-01
    outer loop
      vertex 2.730774307e+01 -1.756205559e+01 3.754781210e-04
      vertex 2.153760910e+01 -1.425441170e+01 0.000000000e+00
      vertex 2.730801010e+01 -1.756190300e+01 0.000000000e+00
    endloop
  endfacet
  facet normal -4.082406163e-01 -7.170934677e-01 5.649039745e-01
    outer loop
      vertex 1.924203873e+01 -9.313832283e+00 0.000000000e+00
      vertex 1.268558884e+01 -5.581253052e+00 0.000000000e+00
      vertex 1.268565559e+01 -5.581253529e+00 4.775319394e-05
    endloop
  endfacet
  facet normal 4.051301479e-01 7.068088651e-01 5.799058080e-01
    outer loop
      vertex 1.768672371e+01 -1.200735855e+01 3.754781210e-04
      vertex 1.191659164e+01 -8.699714661e+00 0.000000000e+00
      vertex 1.768699074e+01 -1.200720406e+01 0.000000000e+00
    endloop
  endfacet
  facet normal -4.064714611e-01 -7.039795518e-01 5.824033022e-01
    outer loop
      vertex 9.621019363e+00 -3.759134293e+00 0.000000000e+00
      vertex 3.109557629e+00 5.249367678e-04 0.000000000e+00
      vertex 3.109558582e+00 6.190854474e-04 1.147185467e-04
    endloop
  endfacet
  facet normal 4.317792058e-01 7.478597164e-01 5.042544603e-01
    outer loop
      vertex 1.526993513e+00 -1.378693008e+01 2.783787750e-05
      vertex 1.526973963e+00 -1.378689671e+01 0.000000000e+00
      vertex 8.843362808e+00 -1.801103783e+01 0.000000000e+00
    endloop
  endfacet
  facet normal -4.062934816e-01 -7.037655115e-01 5.827862620e-01
    outer loop
      vertex 8.065704346e+00 -1.397021198e+01 9.905502520e-05
      vertex 8.065773964e+00 -1.397033501e+01 0.000000000e+00
      vertex 1.555034995e+00 -1.021159649e+01 0.000000000e+00
    endloop
  endfacet
  facet normal 4.063882232e-01 -7.039265037e-01 5.825256109e-01
    outer loop
      vertex -1.555059314e+00 -1.021158314e+01 0.000000000e+00
      vertex -2.872323513e+00 -1.097206116e+01 0.000000000e+00
      vertex -1.555315495e+00 -1.021143436e+01 3.586934181e-04
    endloop
  endfacet
  facet normal -4.081329405e-01 7.068774104e-01 -5.777125955e-01
    outer loop
      vertex -1.569563866e+00 -1.379495811e+01 0.000000000e+00
      vertex -5.504301726e-08 -1.110916424e+01 2.177441597e+00
      vertex -9.621019363e+00 -1.666409492e+01 2.177441597e+00
    endloop
  endfacet
  facet normal -8.141145110e-01 2.236076398e-05 5.807043910e-01
    outer loop
      vertex 1.555034995e+00 -1.021159649e+01 0.000000000e+00
      vertex 1.555241704e+00 -2.693753958e+00 0.000000000e+00
      vertex 1.555315495e+00 -2.693881989e+00 1.034550805e-04
    endloop
  endfacet
  facet normal 8.137682080e-01 2.048958595e-05 5.811895132e-01
    outer loop
      vertex -1.555059314e+00 -1.021158314e+01 0.000000000e+00
      vertex -1.555315495e+00 -1.021143436e+01 3.586934181e-04
      vertex -1.555097580e+00 -8.690558434e+00 0.000000000e+00
    endloop
  endfacet
  facet normal 3.912464082e-01 6.776552796e-01 6.226633191e-01
    outer loop
      vertex 8.843362808e+00 -4.022983170e+01 0.000000000e+00
      vertex 1.526993752e+00 -3.600572586e+01 2.783768832e-05
      vertex 1.526974201e+00 -3.600569153e+01 0.000000000e+00
    endloop
  endfacet
  facet normal -4.065103531e-01 -7.041412592e-01 5.821806788e-01
    outer loop
      vertex 1.555315733e+00 -3.243022919e+01 3.924226621e-04
      vertex 1.039653301e+01 -3.753470993e+01 0.000000000e+00
      vertex 1.555035353e+00 -3.243039322e+01 0.000000000e+00
    endloop
  endfacet
  facet normal -8.660252094e-01 5.000002980e-01 5.632029456e-07
    outer loop
      vertex 8.843362808e+00 -4.022983170e+01 0.000000000e+00
      vertex 1.039867783e+01 -3.753594589e+01 0.000000000e+00
      vertex 9.621020317e+00 -3.888288879e+01 2.177441597e+00
    endloop
  endfacet
  facet normal 4.003644288e-01 -6.934919357e-01 5.989803076e-01
    outer loop
      vertex -1.039867783e+01 -3.753594589e+01 0.000000000e+00
      vertex -1.555315733e+00 -3.243022919e+01 3.586934181e-04
      vertex -1.555059671e+00 -3.243037796e+01 0.000000000e+00
    endloop
  endfacet
  facet normal -4.097280502e-01 7.068839669e-01 -5.765743852e-01
    outer loop
      vertex -8.843362808e+00 -4.022983170e+01 0.000000000e+00
      vertex -1.569564104e+00 -3.601375198e+01 0.000000000e+00
      vertex -5.504301726e-08 -3.332795715e+01 2.177441597e+00
    endloop
  endfacet
  facet normal 8.660252094e-01 5.000002980e-01 1.126405891e-06
    outer loop
      vertex -9.621020317e+00 -3.888288879e+01 2.177441597e+00
      vertex -1.039867783e+01 -3.753594589e+01 0.000000000e+00
      vertex -8.843362808e+00 -4.022983170e+01 0.000000000e+00
    endloop
  endfacet
  facet normal 3.725467026e-01 6.452662349e-01 6.669636965e-01
    outer loop
      vertex 8.843362808e+00 -2.912043381e+01 0.000000000e+00
      vertex 1.526993275e+00 -2.489632797e+01 2.783800846e-05
      vertex 1.526973724e+00 -2.489629173e+01 0.000000000e+00
    endloop
  endfacet
  facet normal -4.035796821e-01 -6.990649104e-01 5.902810693e-01
    outer loop
      vertex 1.555315495e+00 -2.132083130e+01 3.924226621e-04
      vertex 1.039653301e+01 -2.642531013e+01 0.000000000e+00
      vertex 1.555034995e+00 -2.132099342e+01 0.000000000e+00
    endloop
  endfacet
  facet normal -8.660252094e-01 5.000002980e-01 -5.632029456e-07
    outer loop
      vertex 8.843362808e+00 -2.912043381e+01 0.000000000e+00
      vertex 1.039867783e+01 -2.642654800e+01 0.000000000e+00
      vertex 9.621020317e+00 -2.777349091e+01 2.177441597e+00
    endloop
  endfacet
  facet normal 4.079538882e-01 -7.066377997e-01 5.781321526e-01
    outer loop
      vertex -1.039867783e+01 -2.642654800e+01 0.000000000e+00
      vertex -1.555315495e+00 -2.132083130e+01 3.586934181e-04
      vertex -1.555059314e+00 -2.132097816e+01 0.000000000e+00
    endloop
  endfacet
  facet normal -4.097285271e-01 7.068850994e-01 -5.765725970e-01
    outer loop
      vertex -8.843362808e+00 -2.912043381e+01 0.000000000e+00
      vertex -1.569564104e+00 -2.490435600e+01 0.000000000e+00
      vertex -5.504301726e-08 -2.221856117e+01 2.177441597e+00
    endloop
  endfacet
  facet normal 8.660252094e-01 5.000002980e-01 -1.126405891e-06
    outer loop
      vertex -9.621020317e+00 -2.777349091e+01 2.177441597e+00
      vertex -1.039867783e+01 -2.642654800e+01 0.000000000e+00
      vertex -8.843362808e+00 -2.912043381e+01 0.000000000e+00
    endloop
  endfacet
  facet normal -8.195449114e-01 -2.754659858e-03 5.730083585e-01
    outer loop
      vertex 1.526993752e+00 -3.600572586e+01 2.783768832e-05
      vertex 1.555219054e+00 -4.440885544e+01 0.000000000e+00
      vertex 1.526974201e+00 -3.600569153e+01 0.000000000e+00
    endloop
  endfacet
  facet normal 0.000000000e+00 1.000000000e+00 0.000000000e+00
    outer loop
      vertex 0.000000000e+00 -4.443758774e+01 2.177441597e+00
      vertex -1.555315495e+00 -4.443758774e+01 0.000000000e+00
      vertex 1.555315495e+00 -4.443758774e+01 0.000000000e+00
    endloop
  endfacet
  facet normal -8.202244639e-01 -3.055033507e-03 5.720336437e-01
    outer loop
      vertex 1.555035353e+00 -3.243039322e+01 0.000000000e+00
      vertex 1.526973724e+00 -2.489629173e+01 0.000000000e+00
      vertex 1.526993275e+00 -2.489632797e+01 2.783800846e-05
    endloop
  endfacet
  facet normal 8.142055273e-01 1.573535847e-03 5.805746317e-01
    outer loop
      vertex -1.555315733e+00 -3.243022919e+01 3.586934181e-04
      vertex -1.568546295e+00 -2.545195961e+01 0.000000000e+00
      vertex -1.555059671e+00 -3.243037796e+01 0.000000000e+00
    endloop
  endfacet
  facet normal -8.200301528e-01 -3.054240718e-03 5.723121762e-01
    outer loop
      vertex 1.555034995e+00 -2.132099342e+01 0.000000000e+00
      vertex 1.526973963e+00 -1.378689671e+01 0.000000000e+00
      vertex 1.526993513e+00 -1.378693008e+01 2.783787750e-05
    endloop
  endfacet
  facet normal 8.140635490e-01 1.573261339e-03 5.807738304e-01
    outer loop
      vertex -1.555315495e+00 -2.132083130e+01 3.586934181e-04
      vertex -1.568546057e+00 -1.434255981e+01 0.000000000e+00
      vertex -1.555059314e+00 -2.132097816e+01 0.000000000e+00
    endloop
  endfacet
  facet normal -8.137339354e-01 1.256914693e-04 -5.812375546e-01
    outer loop
      vertex -8.067283630e+00 6.451747894e+00 0.000000000e+00
      vertex -8.066122055e+00 1.397150326e+01 0.000000000e+00
      vertex -9.621019363e+00 1.666409492e+01 2.177441597e+00
    endloop
  endfacet
  facet normal 8.137336373e-01 1.147042440e-05 -5.812380314e-01
    outer loop
      vertex -9.621019363e+00 1.666409492e+01 2.177441597e+00
      vertex -1.117633438e+01 1.666409492e+01 0.000000000e+00
      vertex -1.117621517e+01 8.212761879e+00 0.000000000e+00
    endloop
  endfacet
  facet normal -4.064294994e-01 -7.034906745e-01 5.830230713e-01
    outer loop
      vertex -1.555315495e+00 2.693314075e+00 1.072979285e-04
      vertex -1.555238843e+00 2.693181276e+00 0.000000000e+00
      vertex -1.855527997e+00 2.866667986e+00 0.000000000e+00
    endloop
  endfacet
  facet normal -4.073172212e-01 -7.057457566e-01 -5.796684623e-01
    outer loop
      vertex -1.855527997e+00 2.866667986e+00 0.000000000e+00
      vertex -8.067283630e+00 6.451747894e+00 0.000000000e+00
      vertex -9.616399765e+00 5.557365417e+00 2.177430630e+00
    endloop
  endfacet
  facet normal -4.071030617e-01 7.048947215e-01 -5.808532238e-01
    outer loop
      vertex -3.770642471e+01 9.762454033e+00 0.000000000e+00
      vertex -2.886305428e+01 1.486983013e+01 0.000000000e+00
      vertex -2.885843849e+01 1.666676140e+01 2.177430630e+00
    endloop
  endfacet
  facet normal 4.067769349e-01 -7.076108456e-01 5.777711272e-01
    outer loop
      vertex -3.926173782e+01 1.245634079e+01 0.000000000e+00
      vertex -3.197363281e+01 1.664611626e+01 1.713753591e-04
      vertex -3.197338676e+01 1.664611816e+01 0.000000000e+00
    endloop
  endfacet
  facet normal 8.660253286e-01 5.000002384e-01 2.816014160e-07
    outer loop
      vertex -3.926173782e+01 1.245634079e+01 0.000000000e+00
      vertex -3.770642471e+01 9.762454033e+00 0.000000000e+00
      vertex -3.848408127e+01 1.110939693e+01 2.177441597e+00
    endloop
  endfacet
  facet normal 8.129431009e-01 1.078526202e-05 -5.823431611e-01
    outer loop
      vertex -3.041837311e+01 2.777349091e+01 0.000000000e+00
      vertex -3.041825485e+01 1.932215881e+01 0.000000000e+00
      vertex -2.885843849e+01 1.666676140e+01 2.177430630e+00
    endloop
  endfacet
  facet normal 0.000000000e+00 -1.000000000e+00 0.000000000e+00
    outer loop
      vertex -3.041837311e+01 2.777349091e+01 0.000000000e+00
      vertex -2.886305809e+01 2.777349091e+01 2.177441597e+00
      vertex -2.730774307e+01 2.777349091e+01 0.000000000e+00
    endloop
  endfacet
  facet normal -4.071030319e-01 7.048943639e-01 -5.808538198e-01
    outer loop
      vertex -2.808539963e+01 4.207755089e+00 0.000000000e+00
      vertex -1.924203300e+01 9.315131187e+00 0.000000000e+00
      vertex -1.923741913e+01 1.111206341e+01 2.177430630e+00
    endloop
  endfacet
  facet normal 4.050278068e-01 -7.045684457e-01 5.826970339e-01
    outer loop
      vertex -2.964071465e+01 6.901640415e+00 0.000000000e+00
      vertex -2.235261345e+01 1.109141636e+01 1.713753591e-04
      vertex -2.235236740e+01 1.109141731e+01 0.000000000e+00
    endloop
  endfacet
  facet normal 8.660252094e-01 5.000004172e-01 4.224023087e-07
    outer loop
      vertex -2.964071465e+01 6.901640415e+00 0.000000000e+00
      vertex -2.808539963e+01 4.207755089e+00 0.000000000e+00
      vertex -2.886305809e+01 5.554697990e+00 2.177441597e+00
    endloop
  endfacet
  facet normal 8.129431605e-01 1.179637729e-05 -5.823429823e-01
    outer loop
      vertex -2.079735374e+01 2.221879387e+01 0.000000000e+00
      vertex -2.079723549e+01 1.376745987e+01 0.000000000e+00
      vertex -1.923741913e+01 1.111206341e+01 2.177430630e+00
    endloop
  endfacet
  facet normal 0.000000000e+00 -1.000000000e+00 0.000000000e+00
    outer loop
      vertex -2.079735374e+01 2.221879387e+01 0.000000000e+00
      vertex -1.924203873e+01 2.221879387e+01 2.177441597e+00
      vertex -1.768672371e+01 2.221879387e+01 0.000000000e+00
    endloop
  endfacet
  facet normal 4.067172110e-01 -7.075066566e-01 5.779407620e-01
    outer loop
      vertex -2.001969719e+01 1.346942782e+00 0.000000000e+00
      vertex -1.273159409e+01 5.536718369e+00 1.713763631e-04
      vertex -1.273134899e+01 5.536719322e+00 0.000000000e+00
    endloop
  endfacet
  facet normal 4.030752480e-01 6.952058077e-01 5.951632857e-01
    outer loop
      vertex -3.197363281e+01 1.664611626e+01 1.713753591e-04
      vertex -3.925365067e+01 2.086716080e+01 0.000000000e+00
      vertex -3.197338676e+01 1.664611816e+01 0.000000000e+00
    endloop
  endfacet
  facet normal 8.660263419e-01 -4.999983609e-01 1.126406573e-06
    outer loop
      vertex -3.770642090e+01 2.356573677e+01 0.000000000e+00
      vertex -3.926173401e+01 2.087184906e+01 0.000000000e+00
      vertex -3.848407745e+01 2.221879387e+01 2.177441597e+00
    endloop
  endfacet
  facet normal 4.063650072e-01 7.008396983e-01 5.862518549e-01
    outer loop
      vertex -2.235261345e+01 1.109141636e+01 1.713753591e-04
      vertex -2.286461067e+01 1.138842964e+01 0.000000000e+00
      vertex -2.235236740e+01 1.109141731e+01 0.000000000e+00
    endloop
  endfacet
  facet normal -4.074138999e-01 -7.056616545e-01 -5.797030330e-01
    outer loop
      vertex -2.730932236e+01 1.756114388e+01 0.000000000e+00
      vertex -2.885843849e+01 1.666676140e+01 2.177430630e+00
      vertex -1.923741913e+01 1.111206341e+01 2.177430630e+00
    endloop
  endfacet
  facet normal 4.072750807e-01 7.024043798e-01 5.837423205e-01
    outer loop
      vertex -1.273159409e+01 5.536718369e+00 1.713763631e-04
      vertex -1.324359512e+01 5.833733559e+00 0.000000000e+00
      vertex -1.273134899e+01 5.536719322e+00 0.000000000e+00
    endloop
  endfacet
  facet normal -4.074141383e-01 -7.056616545e-01 -5.797027946e-01
    outer loop
      vertex -1.768830299e+01 1.200644588e+01 0.000000000e+00
      vertex -1.923741913e+01 1.111206341e+01 2.177430630e+00
      vertex -9.616399765e+00 5.557365417e+00 2.177430630e+00
    endloop
  endfacet
  facet normal -5.014697313e-01 -8.651752472e-01 0.000000000e+00
    outer loop
      vertex -8.843362808e+00 1.801103783e+01 9.517899713e-08
      vertex -8.821939468e+00 1.799862099e+01 0.000000000e+00
      vertex -8.843362808e+00 1.801103783e+01 0.000000000e+00
    endloop
  endfacet
  facet normal 4.055589736e-01 7.024953961e-01 5.848266482e-01
    outer loop
      vertex -1.555315495e+00 1.021143436e+01 4.068095586e-04
      vertex -4.224547386e+00 1.175275040e+01 0.000000000e+00
      vertex -1.555024743e+00 1.021160316e+01 0.000000000e+00
    endloop
  endfacet
  facet normal -4.062236845e-01 7.036507130e-01 5.829733610e-01
    outer loop
      vertex 1.554996490e+00 1.021161842e+01 0.000000000e+00
      vertex 8.066807747e+00 1.397094345e+01 0.000000000e+00
      vertex 8.066891670e+00 1.397089386e+01 1.178841630e-04
    endloop
  endfacet
  facet normal 8.111722469e-01 0.000000000e+00 -5.848073959e-01
    outer loop
      vertex -1.569806933e+00 3.601360321e+01 0.000000000e+00
      vertex -8.111602767e-08 3.332792664e+01 2.177441835e+00
      vertex -1.030583974e-07 3.777194977e+01 2.177441835e+00
    endloop
  endfacet
  facet normal -8.149241209e-01 2.785187447e-03 5.795611143e-01
    outer loop
      vertex 1.526488662e+00 3.600540924e+01 0.000000000e+00
      vertex 1.527985215e+00 3.644328308e+01 0.000000000e+00
      vertex 1.528005719e+00 3.644331741e+01 2.863645204e-05
    endloop
  endfacet
  facet normal -8.139686584e-01 -2.541284630e-05 5.809086561e-01
    outer loop
      vertex 1.555231333e+00 2.692561150e+00 0.000000000e+00
      vertex 1.554996490e+00 1.021161842e+01 0.000000000e+00
      vertex 1.555315375e+00 1.021143436e+01 4.468131228e-04
    endloop
  endfacet
  facet normal -5.014697313e-01 -8.651752472e-01 0.000000000e+00
    outer loop
      vertex -8.843362808e+00 4.022983170e+01 9.517899713e-08
      vertex -8.821939468e+00 4.021741486e+01 0.000000000e+00
      vertex -8.843362808e+00 4.022983170e+01 0.000000000e+00
    endloop
  endfacet
  facet normal 4.057603180e-01 7.028437853e-01 5.842679739e-01
    outer loop
      vertex -1.555024981e+00 3.243039703e+01 0.000000000e+00
      vertex -1.555315733e+00 3.243022919e+01 4.068095586e-04
      vertex -1.039867783e+01 3.753594589e+01 0.000000000e+00
    endloop
  endfacet
  facet normal 8.660252094e-01 -5.000002980e-01 5.632029456e-07
    outer loop
      vertex -8.843362808e+00 4.022983170e+01 0.000000000e+00
      vertex -1.039867783e+01 3.753594589e+01 0.000000000e+00
      vertex -9.621020317e+00 3.888288879e+01 2.177441597e+00
    endloop
  endfacet
  facet normal 4.495638013e-01 -7.786631584e-01 4.376938045e-01
    outer loop
      vertex 8.843362808e+00 4.022983170e+01 0.000000000e+00
      vertex 1.526488662e+00 3.600540924e+01 0.000000000e+00
      vertex 1.526509881e+00 3.600544739e+01 3.019974974e-05
    endloop
  endfacet
  facet normal -4.075343311e-01 7.059215307e-01 5.793018341e-01
    outer loop
      vertex 1.039867783e+01 3.753594589e+01 9.517899713e-08
      vertex 1.555315495e+00 3.243022919e+01 4.468131228e-04
      vertex 1.554996610e+00 3.243041611e+01 0.000000000e+00
    endloop
  endfacet
  facet normal 0.000000000e+00 -1.000000000e+00 0.000000000e+00
    outer loop
      vertex 9.621020317e+00 3.888288879e+01 2.177441597e+00
      vertex 1.039867783e+01 3.753594589e+01 9.517899713e-08
      vertex 1.039867783e+01 3.753594589e+01 0.000000000e+00
    endloop
  endfacet
  facet normal -5.015273094e-01 -8.651416898e-01 0.000000000e+00
    outer loop
      vertex -8.821939468e+00 2.910801506e+01 0.000000000e+00
      vertex -8.843362808e+00 2.912043381e+01 0.000000000e+00
      vertex -8.843362808e+00 2.912043381e+01 9.517899713e-08
    endloop
  endfacet
  facet normal 4.100013673e-01 7.101897001e-01 5.723019242e-01
    outer loop
      vertex -1.555024743e+00 2.132099724e+01 0.000000000e+00
      vertex -1.555315495e+00 2.132083130e+01 4.068095586e-04
      vertex -1.039867783e+01 2.642654800e+01 0.000000000e+00
    endloop
  endfacet
  facet normal 8.660252094e-01 -5.000002980e-01 -5.632029456e-07
    outer loop
      vertex -8.843362808e+00 2.912043381e+01 0.000000000e+00
      vertex -1.039867783e+01 2.642654800e+01 0.000000000e+00
      vertex -9.621020317e+00 2.777349091e+01 2.177441597e+00
    endloop
  endfacet
  facet normal 4.062260091e-01 -7.036002874e-01 5.830326676e-01
    outer loop
      vertex 1.526488423e+00 2.489601135e+01 0.000000000e+00
      vertex 1.526509643e+00 2.489604759e+01 3.020013173e-05
      vertex 8.843362808e+00 2.912043381e+01 0.000000000e+00
    endloop
  endfacet
  facet normal -4.073168337e-01 7.055444717e-01 5.799137354e-01
    outer loop
      vertex 1.039867783e+01 2.642654800e+01 9.517899713e-08
      vertex 1.555315375e+00 2.132083130e+01 4.468131228e-04
      vertex 1.554996490e+00 2.132101631e+01 0.000000000e+00
    endloop
  endfacet
  facet normal 0.000000000e+00 -1.000000000e+00 0.000000000e+00
    outer loop
      vertex 9.621020317e+00 2.777349091e+01 2.177441597e+00
      vertex 1.039867783e+01 2.642654800e+01 9.517899713e-08
      vertex 1.039867783e+01 2.642654800e+01 0.000000000e+00
    endloop
  endfacet
  facet normal 4.177235663e-01 -7.235141993e-01 5.495764017e-01
    outer loop
      vertex 1.526488423e+00 1.378661346e+01 0.000000000e+00
      vertex 1.526509643e+00 1.378665066e+01 3.019994256e-05
      vertex 8.843362808e+00 1.801103783e+01 0.000000000e+00
    endloop
  endfacet
  facet normal 8.136819601e-01 0.000000000e+00 -5.813102722e-01
    outer loop
      vertex -8.111602767e-08 2.221853065e+01 2.177441835e+00
      vertex -8.111602767e-08 3.332792664e+01 2.177441835e+00
      vertex -1.555315733e+00 3.243022919e+01 4.068095586e-04
    endloop
  endfacet
  facet normal 8.138782978e-01 -1.603490324e-03 5.810330510e-01
    outer loop
      vertex -1.555024981e+00 3.243039703e+01 0.000000000e+00
      vertex -1.568764687e+00 2.545657349e+01 0.000000000e+00
      vertex -1.555315733e+00 3.243022919e+01 4.068095586e-04
    endloop
  endfacet
  facet normal -8.133509755e-01 3.077500034e-03 5.817652345e-01
    outer loop
      vertex 1.526488423e+00 2.489601135e+01 0.000000000e+00
      vertex 1.554996610e+00 3.243041611e+01 0.000000000e+00
      vertex 1.555315495e+00 3.243022919e+01 4.468131228e-04
    endloop
  endfacet
  facet normal 8.136821389e-01 0.000000000e+00 -5.813100934e-01
    outer loop
      vertex -8.111602767e-08 1.110913277e+01 2.177441835e+00
      vertex -8.111602767e-08 2.221853065e+01 2.177441835e+00
      vertex -1.555315495e+00 2.132083130e+01 4.068095586e-04
    endloop
  endfacet
  facet normal 8.138743043e-01 -1.603549346e-03 5.810387731e-01
    outer loop
      vertex -1.555024743e+00 2.132099724e+01 0.000000000e+00
      vertex -1.568764925e+00 1.434717369e+01 0.000000000e+00
      vertex -1.555315495e+00 2.132083130e+01 4.068095586e-04
    endloop
  endfacet
  facet normal -8.133683205e-01 3.077566391e-03 5.817409158e-01
    outer loop
      vertex 1.526488423e+00 1.378661346e+01 0.000000000e+00
      vertex 1.554996490e+00 2.132101631e+01 0.000000000e+00
      vertex 1.555315375e+00 2.132083130e+01 4.468131228e-04
    endloop
  endfacet
  facet normal 8.136833906e-01 -2.319074338e-05 5.813083053e-01
    outer loop
      vertex -1.555024743e+00 1.021160316e+01 0.000000000e+00
      vertex -1.555238843e+00 2.693181276e+00 0.000000000e+00
      vertex -1.555315495e+00 2.693314075e+00 1.072979285e-04
    endloop
  endfacet
  facet normal 0.000000000e+00 -1.000000000e+00 0.000000000e+00
    outer loop
      vertex 2.730774307e+01 2.777349091e+01 0.000000000e+00
      vertex 2.886305809e+01 2.777349091e+01 2.177441597e+00
      vertex 3.041837311e+01 2.777349091e+01 0.000000000e+00
    endloop
  endfacet
  facet normal -8.660253286e-01 5.000002384e-01 2.816014160e-07
    outer loop
      vertex 3.926173782e+01 1.245634079e+01 0.000000000e+00
      vertex 3.848408127e+01 1.110939693e+01 2.177441597e+00
      vertex 3.770642471e+01 9.762454033e+00 0.000000000e+00
    endloop
  endfacet
  facet normal 0.000000000e+00 -1.000000000e+00 0.000000000e+00
    outer loop
      vertex 1.768672371e+01 2.221879387e+01 0.000000000e+00
      vertex 1.924203873e+01 2.221879387e+01 2.177441597e+00
      vertex 2.079735374e+01 2.221879387e+01 0.000000000e+00
    endloop
  endfacet
  facet normal -8.660252094e-01 5.000004172e-01 4.224023087e-07
    outer loop
      vertex 2.964071465e+01 6.901640415e+00 0.000000000e+00
      vertex 2.886305809e+01 5.554697990e+00 2.177441597e+00
      vertex 2.808539963e+01 4.207755089e+00 0.000000000e+00
    endloop
  endfacet
  facet normal 4.136490822e-01 -7.098698020e-01 -5.700696111e-01
    outer loop
      vertex 3.770642090e+01 2.356573677e+01 0.000000000e+00
      vertex 3.041803551e+01 1.931871033e+01 0.000000000e+00
      vertex 2.887508202e+01 1.667103767e+01 2.177376509e+00
    endloop
  endfacet
  facet normal -4.062470794e-01 7.004717588e-01 5.867730975e-01
    outer loop
      vertex 3.926173401e+01 2.087184906e+01 0.000000000e+00
      vertex 3.197359657e+01 1.664459419e+01 4.915641039e-04
      vertex 3.197289467e+01 1.664459801e+01 0.000000000e+00
    endloop
  endfacet
  facet normal -8.660263419e-01 -4.999983609e-01 1.126406573e-06
    outer loop
      vertex 3.770642090e+01 2.356573677e+01 0.000000000e+00
      vertex 3.848407745e+01 2.221879387e+01 2.177441597e+00
      vertex 3.926173401e+01 2.087184906e+01 0.000000000e+00
    endloop
  endfacet
  facet normal -8.165541291e-01 -3.036988201e-04 -5.772688389e-01
    outer loop
      vertex -8.066704750e+00 -1.397318840e+01 0.000000000e+00
      vertex -8.069501877e+00 -6.450467587e+00 0.000000000e+00
      vertex -9.609138489e+00 -5.561557770e+00 2.177368402e+00
    endloop
  endfacet
  facet normal -4.086563885e-01 -7.071380019e-01 -5.770232677e-01
    outer loop
      vertex -1.613290024e+01 -4.248430778e-04 0.000000000e+00
      vertex -1.673691177e+01 1.568462583e-03 4.253274202e-01
      vertex -9.621019363e+00 -5.540375710e+00 2.177360773e+00
    endloop
  endfacet
  facet normal 4.086565673e-01 -7.071381807e-01 -5.770229697e-01
    outer loop
      vertex -3.107649326e+00 4.357206053e-04 0.000000000e+00
      vertex -9.621019363e+00 -3.763654709e+00 0.000000000e+00
      vertex -9.621019363e+00 -5.540375710e+00 2.177360773e+00
    endloop
  endfacet
  facet normal -4.080138803e-01 7.073080540e-01 -5.772693753e-01
    outer loop
      vertex -8.069501877e+00 -6.450467587e+00 0.000000000e+00
      vertex -1.553235173e+00 -2.691529036e+00 0.000000000e+00
      vertex -1.251530290e+00 -2.170319557e+00 4.253755212e-01
    endloop
  endfacet
  facet normal 0.000000000e+00 1.000000000e+00 0.000000000e+00
    outer loop
      vertex -2.886305809e+01 -2.777349091e+01 2.177441597e+00
      vertex -3.041837311e+01 -2.777349091e+01 0.000000000e+00
      vertex -2.730774307e+01 -2.777349091e+01 0.000000000e+00
    endloop
  endfacet
  facet normal 8.660253286e-01 -5.000002384e-01 2.816014160e-07
    outer loop
      vertex -3.926173782e+01 -1.245634079e+01 0.000000000e+00
      vertex -3.848408127e+01 -1.110939693e+01 2.177441597e+00
      vertex -3.770642471e+01 -9.762454033e+00 0.000000000e+00
    endloop
  endfacet
  facet normal 0.000000000e+00 1.000000000e+00 0.000000000e+00
    outer loop
      vertex -1.924203873e+01 -2.221879387e+01 2.177441597e+00
      vertex -2.079735374e+01 -2.221879387e+01 0.000000000e+00
      vertex -1.768672371e+01 -2.221879387e+01 0.000000000e+00
    endloop
  endfacet
  facet normal 8.660252094e-01 -5.000004172e-01 4.224023087e-07
    outer loop
      vertex -2.964071465e+01 -6.901640415e+00 0.000000000e+00
      vertex -2.886305809e+01 -5.554697990e+00 2.177441597e+00
      vertex -2.808539963e+01 -4.207755089e+00 0.000000000e+00
    endloop
  endfacet
  facet normal 8.660263419e-01 4.999983609e-01 1.126406573e-06
    outer loop
      vertex -3.770642090e+01 -2.356573677e+01 0.000000000e+00
      vertex -3.848407745e+01 -2.221879387e+01 2.177441597e+00
      vertex -3.926173401e+01 -2.087184906e+01 0.000000000e+00
    endloop
  endfacet
  facet normal 4.074531198e-01 -7.075546980e-01 -5.773631930e-01
    outer loop
      vertex -2.886305809e+01 -1.487305164e+01 0.000000000e+00
      vertex -2.886305809e+01 -1.664977264e+01 2.177360773e+00
      vertex -1.925417709e+01 -1.111640549e+01 2.177375317e+00
    endloop
  endfacet
  facet normal -4.065091312e-01 7.086092234e-01 -5.767349005e-01
    outer loop
      vertex -2.078060150e+01 -1.381284618e+01 4.930232535e-04
      vertex -2.885117531e+01 -1.667095566e+01 2.177368402e+00
      vertex -2.731154060e+01 -1.755986404e+01 0.000000000e+00
    endloop
  endfacet
  facet normal 4.074531198e-01 -7.075546384e-01 -5.773631930e-01
    outer loop
      vertex -1.924203873e+01 -9.318352699e+00 0.000000000e+00
      vertex -1.924203873e+01 -1.109507465e+01 2.177360773e+00
      vertex -9.633159637e+00 -5.561707497e+00 2.177375317e+00
    endloop
  endfacet
  facet normal -4.065091014e-01 7.086083889e-01 -5.767360330e-01
    outer loop
      vertex -1.115958214e+01 -8.258147240e+00 4.930282594e-04
      vertex -1.923015785e+01 -1.111625576e+01 2.177368402e+00
      vertex -1.769052124e+01 -1.200516701e+01 0.000000000e+00
    endloop
  endfacet
  facet normal -8.660252094e-01 -5.000003576e-01 0.000000000e+00
    outer loop
      vertex 2.001969719e+01 -1.346942782e+00 0.000000000e+00
      vertex 1.924203873e+01 2.943836996e-08 0.000000000e+00
      vertex 1.924203873e+01 5.887673993e-08 2.177441597e+00
    endloop
  endfacet
  facet normal 0.000000000e+00 1.000000000e+00 0.000000000e+00
    outer loop
      vertex 9.621019363e+00 -1.666409492e+01 2.177441597e+00
      vertex 9.621019363e+00 -1.666409492e+01 0.000000000e+00
      vertex 1.117633438e+01 -1.666409492e+01 0.000000000e+00
    endloop
  endfacet
  facet normal -8.660257459e-01 4.999994934e-01 0.000000000e+00
    outer loop
      vertex 9.621019363e+00 -1.666409492e+01 0.000000000e+00
      vertex 9.621019363e+00 -1.666409492e+01 2.177441597e+00
      vertex 8.843362808e+00 -1.801103783e+01 0.000000000e+00
    endloop
  endfacet
  facet normal 8.660257459e-01 4.999994934e-01 0.000000000e+00
    outer loop
      vertex -9.621019363e+00 -1.666409492e+01 2.177441597e+00
      vertex -9.621019363e+00 -1.666409492e+01 0.000000000e+00
      vertex -8.843362808e+00 -1.801103783e+01 0.000000000e+00
    endloop
  endfacet
  facet normal 8.660252094e-01 5.000003576e-01 0.000000000e+00
    outer loop
      vertex -2.001969719e+01 1.346942782e+00 0.000000000e+00
      vertex -1.924203873e+01 -2.943836996e-08 0.000000000e+00
      vertex -1.924203873e+01 -5.887673993e-08 2.177441597e+00
    endloop
  endfacet
  facet normal 0.000000000e+00 -1.000000000e+00 0.000000000e+00
    outer loop
      vertex -9.621019363e+00 1.666409492e+01 0.000000000e+00
      vertex -1.117633438e+01 1.666409492e+01 0.000000000e+00
      vertex -9.621019363e+00 1.666409492e+01 2.177441597e+00
    endloop
  endfacet
  facet normal 8.660257459e-01 -4.999994934e-01 0.000000000e+00
    outer loop
      vertex -8.843362808e+00 1.801103783e+01 0.000000000e+00
      vertex -9.621019363e+00 1.666409492e+01 0.000000000e+00
      vertex -9.621019363e+00 1.666409492e+01 2.177441597e+00
    endloop
  endfacet
  facet normal -8.660257459e-01 -4.999994934e-01 0.000000000e+00
    outer loop
      vertex 9.621019363e+00 1.666409492e+01 2.177441597e+00
      vertex 9.621019363e+00 1.666409492e+01 0.000000000e+00
      vertex 8.843362808e+00 1.801103783e+01 0.000000000e+00
    endloop
  endfacet
  facet normal 0.000000000e+00 -1.000000000e+00 0.000000000e+00
    outer loop
      vertex 9.621019363e+00 1.666409492e+01 0.000000000e+00
      vertex 9.621019363e+00 1.666409492e+01 2.177441597e+00
      vertex 1.117633438e+01 1.666409492e+01 0.000000000e+00
    endloop
  endfacet
  facet normal -8.660252094e-01 5.000004172e-01 0.000000000e+00
    outer loop
      vertex 1.924203873e+01 2.943836996e-08 0.000000000e+00
      vertex 2.001969719e+01 1.346942663e+00 0.000000000e+00
      vertex 1.924203873e+01 5.887673993e-08 2.177441597e+00
    endloop
  endfacet
  facet normal 8.137330413e-01 -8.972952492e-04 -5.812380314e-01
    outer loop
      vertex 2.885076714e+01 1.667119026e+01 2.177373886e+00
      vertex 2.886305809e+01 2.777349091e+01 2.177441597e+00
      vertex 2.730774307e+01 2.777349091e+01 0.000000000e+00
    endloop
  endfacet
  facet normal 8.167024851e-01 3.348106693e-04 -5.770589709e-01
    outer loop
      vertex 2.730774307e+01 2.777348900e+01 0.000000000e+00
      vertex 2.731193161e+01 1.755963707e+01 0.000000000e+00
      vertex 2.885076714e+01 1.667119026e+01 2.177373886e+00
    endloop
  endfacet
  facet normal -8.159292340e-01 3.313849447e-05 -5.781518817e-01
    outer loop
      vertex 3.041837311e+01 2.777349091e+01 0.000000000e+00
      vertex 2.887508202e+01 1.667103767e+01 2.177376509e+00
      vertex 3.041803551e+01 1.931871033e+01 0.000000000e+00
    endloop
  endfacet
  facet normal -4.049255252e-01 -7.046950459e-01 5.826149583e-01
    outer loop
      vertex 3.197359657e+01 1.664459419e+01 4.915641039e-04
      vertex 3.925891876e+01 1.245796204e+01 0.000000000e+00
      vertex 3.197506523e+01 1.664334488e+01 0.000000000e+00
    endloop
  endfacet
  facet normal -4.065729678e-01 -7.056753039e-01 5.802765489e-01
    outer loop
      vertex 3.197359657e+01 1.664459419e+01 4.915641039e-04
      vertex 3.197506523e+01 1.664334488e+01 0.000000000e+00
      vertex 3.197289467e+01 1.664459801e+01 0.000000000e+00
    endloop
  endfacet
  facet normal 4.085230827e-01 7.069816589e-01 -5.773091912e-01
    outer loop
      vertex 2.886305809e+01 1.665050888e+01 2.177366018e+00
      vertex 2.886305809e+01 1.487251186e+01 0.000000000e+00
      vertex 3.770642471e+01 9.762454033e+00 0.000000000e+00
    endloop
  endfacet
  facet normal 0.000000000e+00 0.000000000e+00 0.000000000e+00
    outer loop
      vertex 3.926173782e+01 1.245634079e+01 0.000000000e+00
      vertex 2.887508202e+01 1.667103767e+01 2.177376509e+00
      vertex 3.926173782e+01 1.245634079e+01 0.000000000e+00
    endloop
  endfacet
  facet normal -4.084603488e-01 -7.107104063e-01 -5.727571845e-01
    outer loop
      vertex 3.197359657e+01 1.664459419e+01 4.915641039e-04
      vertex 2.887508202e+01 1.667103767e+01 2.177376509e+00
      vertex 3.926173782e+01 1.245634079e+01 0.000000000e+00
    endloop
  endfacet
  facet normal 8.137332201e-01 -8.972953656e-04 -5.812378526e-01
    outer loop
      vertex 1.922974968e+01 1.111649132e+01 2.177373886e+00
      vertex 1.924203873e+01 2.221879387e+01 2.177441597e+00
      vertex 1.768672371e+01 2.221879387e+01 0.000000000e+00
    endloop
  endfacet
  facet normal 8.167020679e-01 3.348104947e-04 -5.770593286e-01
    outer loop
      vertex 1.768672371e+01 2.221879196e+01 0.000000000e+00
      vertex 1.769091225e+01 1.200494003e+01 0.000000000e+00
      vertex 1.922974968e+01 1.111649132e+01 2.177373886e+00
    endloop
  endfacet
  facet normal -8.159298301e-01 3.246221604e-05 -5.781508684e-01
    outer loop
      vertex 2.079701424e+01 1.376401234e+01 0.000000000e+00
      vertex 2.079735374e+01 2.221879387e+01 0.000000000e+00
      vertex 1.925406456e+01 1.111633968e+01 2.177376747e+00
    endloop
  endfacet
  facet normal -4.056340158e-01 -7.059274912e-01 5.806267262e-01
    outer loop
      vertex 2.235257530e+01 1.108989525e+01 4.915631143e-04
      vertex 2.963789558e+01 6.903261662e+00 0.000000000e+00
      vertex 2.235404587e+01 1.108864689e+01 0.000000000e+00
    endloop
  endfacet
  facet normal -4.086700082e-01 -7.080807686e-01 5.758562684e-01
    outer loop
      vertex 2.235257530e+01 1.108989525e+01 4.915631143e-04
      vertex 2.235404587e+01 1.108864689e+01 0.000000000e+00
      vertex 2.235187340e+01 1.108990002e+01 0.000000000e+00
    endloop
  endfacet
  facet normal 4.085232019e-01 7.069818377e-01 -5.773087144e-01
    outer loop
      vertex 1.924203873e+01 1.109581089e+01 2.177366018e+00
      vertex 1.924203873e+01 9.317812920e+00 0.000000000e+00
      vertex 2.808539963e+01 4.207755089e+00 0.000000000e+00
    endloop
  endfacet
  facet normal -4.076271057e-01 -7.042747140e-01 -5.812377930e-01
    outer loop
      vertex 2.964071465e+01 6.901640892e+00 0.000000000e+00
      vertex 1.925406456e+01 1.111633968e+01 2.177376747e+00
      vertex 2.886305809e+01 5.554697990e+00 2.177441597e+00
    endloop
  endfacet
  facet normal -4.079020619e-01 -7.099701166e-01 -5.740717649e-01
    outer loop
      vertex 1.925406456e+01 1.111633968e+01 2.177376747e+00
      vertex 2.964071465e+01 6.901640892e+00 0.000000000e+00
      vertex 2.963789558e+01 6.903261662e+00 0.000000000e+00
    endloop
  endfacet
  facet normal -8.159293532e-01 3.280035162e-05 -5.781516433e-01
    outer loop
      vertex 1.117599678e+01 8.209314346e+00 0.000000000e+00
      vertex 1.117633438e+01 1.666409492e+01 0.000000000e+00
      vertex 9.633044243e+00 5.561640739e+00 2.177376747e+00
    endloop
  endfacet
  facet normal -4.054566026e-01 -7.056185603e-01 5.811259151e-01
    outer loop
      vertex 1.273155689e+01 5.535197258e+00 4.915621248e-04
      vertex 2.001687622e+01 1.348564029e+00 0.000000000e+00
      vertex 1.273302555e+01 5.533947945e+00 0.000000000e+00
    endloop
  endfacet
  facet normal -4.080391228e-01 -7.073367834e-01 5.772164464e-01
    outer loop
      vertex 1.273155689e+01 5.535197258e+00 4.915621248e-04
      vertex 1.273302555e+01 5.533947945e+00 0.000000000e+00
      vertex 1.273085403e+01 5.535201550e+00 0.000000000e+00
    endloop
  endfacet
  facet normal -4.076269269e-01 -7.042747736e-01 -5.812378526e-01
    outer loop
      vertex 2.001969528e+01 1.346943140e+00 0.000000000e+00
      vertex 9.633044243e+00 5.561640739e+00 2.177376747e+00
      vertex 1.924203873e+01 5.887673993e-08 2.177441597e+00
    endloop
  endfacet
  facet normal -4.084402025e-01 -7.098317742e-01 -5.738600492e-01
    outer loop
      vertex 9.633044243e+00 5.561640739e+00 2.177376747e+00
      vertex 2.001969528e+01 1.346943140e+00 0.000000000e+00
      vertex 2.001687622e+01 1.348564029e+00 0.000000000e+00
    endloop
  endfacet
  facet normal -4.057486653e-01 7.000586390e-01 5.876103640e-01
    outer loop
      vertex 2.235257530e+01 1.108989525e+01 4.915631143e-04
      vertex 2.235187340e+01 1.108990002e+01 0.000000000e+00
      vertex 2.290428543e+01 1.141007423e+01 0.000000000e+00
    endloop
  endfacet
  facet normal -4.104197025e-01 7.063227892e-01 -5.767700076e-01
    outer loop
      vertex 2.290428543e+01 1.141007423e+01 0.000000000e+00
      vertex 2.886305809e+01 1.487251186e+01 0.000000000e+00
      vertex 2.886305809e+01 1.665050888e+01 2.177366018e+00
    endloop
  endfacet
  facet normal 4.109008014e-01 -7.098833323e-01 -5.720370412e-01
    outer loop
      vertex 1.925406456e+01 1.111633968e+01 2.177376747e+00
      vertex 2.885076714e+01 1.667119026e+01 2.177373886e+00
      vertex 2.079911995e+01 1.376523113e+01 0.000000000e+00
    endloop
  endfacet
  facet normal 4.107878804e-01 -7.050858736e-01 -5.780200362e-01
    outer loop
      vertex 2.079911995e+01 1.376523113e+01 0.000000000e+00
      vertex 2.885076714e+01 1.667119026e+01 2.177373886e+00
      vertex 2.731193161e+01 1.755963707e+01 0.000000000e+00
    endloop
  endfacet
  facet normal -4.063341916e-01 7.010703087e-01 5.859973431e-01
    outer loop
      vertex 1.273155689e+01 5.535197258e+00 4.915621248e-04
      vertex 1.273085403e+01 5.535201550e+00 0.000000000e+00
      vertex 1.328326702e+01 5.855375767e+00 0.000000000e+00
    endloop
  endfacet
  facet normal -4.104197025e-01 7.063224912e-01 -5.767705441e-01
    outer loop
      vertex 1.328326702e+01 5.855375767e+00 0.000000000e+00
      vertex 1.924203873e+01 9.317812920e+00 0.000000000e+00
      vertex 1.924203873e+01 1.109581089e+01 2.177366018e+00
    endloop
  endfacet
  facet normal 4.109009206e-01 -7.098838091e-01 -5.720362067e-01
    outer loop
      vertex 9.633044243e+00 5.561640739e+00 2.177376747e+00
      vertex 1.922974968e+01 1.111649132e+01 2.177373886e+00
      vertex 1.117810249e+01 8.210532188e+00 0.000000000e+00
    endloop
  endfacet
  facet normal 4.107874632e-01 -7.050849199e-01 -5.780214667e-01
    outer loop
      vertex 1.117810249e+01 8.210532188e+00 0.000000000e+00
      vertex 1.922974968e+01 1.111649132e+01 2.177373886e+00
      vertex 1.769091225e+01 1.200494003e+01 0.000000000e+00
    endloop
  endfacet
  facet normal 0.000000000e+00 1.000000000e+00 0.000000000e+00
    outer loop
      vertex -9.621019363e+00 -1.666409492e+01 0.000000000e+00
      vertex -9.621019363e+00 -1.666409492e+01 2.177441597e+00
      vertex -1.117633438e+01 -1.666409492e+01 0.000000000e+00
    endloop
  endfacet
  facet normal 8.660252094e-01 -5.000004172e-01 0.000000000e+00
    outer loop
      vertex -1.924203873e+01 -2.943836996e-08 0.000000000e+00
      vertex -2.001969719e+01 -1.346942663e+00 0.000000000e+00
      vertex -1.924203873e+01 -5.887673993e-08 2.177441597e+00
    endloop
  endfacet
  facet normal 8.171347976e-01 -1.662067021e-03 5.764442086e-01
    outer loop
      vertex -3.041837311e+01 -2.777349091e+01 0.000000000e+00
      vertex -3.040162086e+01 -1.936754417e+01 4.930282594e-04
      vertex -3.040127182e+01 -1.936693573e+01 0.000000000e+00
    endloop
  endfacet
  facet normal -8.137331009e-01 8.667948423e-04 -5.812381506e-01
    outer loop
      vertex -2.730774307e+01 -2.777348900e+01 0.000000000e+00
      vertex -2.885117531e+01 -1.667095566e+01 2.177368402e+00
      vertex -2.886305809e+01 -2.777349091e+01 2.177441597e+00
    endloop
  endfacet
  facet normal -8.165544868e-01 -3.036636044e-04 -5.772682428e-01
    outer loop
      vertex -2.885117531e+01 -1.667095566e+01 2.177368402e+00
      vertex -2.730774307e+01 -2.777348900e+01 0.000000000e+00
      vertex -2.731154060e+01 -1.755986404e+01 0.000000000e+00
    endloop
  endfacet
  facet normal 4.076341987e-01 7.042708397e-01 -5.812374353e-01
    outer loop
      vertex -2.887519836e+01 -1.667110443e+01 2.177375317e+00
      vertex -3.848408127e+01 -1.110939693e+01 2.177441597e+00
      vertex -3.926173782e+01 -1.245634079e+01 0.000000000e+00
    endloop
  endfacet
  facet normal 4.079465270e-01 7.066504955e-01 -5.781217217e-01
    outer loop
      vertex -3.193986130e+01 -1.668323135e+01 0.000000000e+00
      vertex -2.887519836e+01 -1.667110443e+01 2.177375317e+00
      vertex -3.926173782e+01 -1.245634079e+01 0.000000000e+00
    endloop
  endfacet
  facet normal -4.086564779e-01 -7.071378231e-01 -5.770233870e-01
    outer loop
      vertex -3.770642471e+01 -9.762454033e+00 0.000000000e+00
      vertex -2.886305809e+01 -1.664977264e+01 2.177360773e+00
      vertex -2.886305809e+01 -1.487305164e+01 0.000000000e+00
    endloop
  endfacet
  facet normal 8.171230555e-01 -1.662794151e-03 5.764609575e-01
    outer loop
      vertex -2.079735374e+01 -2.221879387e+01 0.000000000e+00
      vertex -2.078060150e+01 -1.381284618e+01 4.930232535e-04
      vertex -2.078025246e+01 -1.381223774e+01 0.000000000e+00
    endloop
  endfacet
  facet normal -4.781113267e-01 0.000000000e+00 -8.782992363e-01
    outer loop
      vertex -1.924203873e+01 -2.221879387e+01 2.177441597e+00
      vertex -1.768672371e+01 -2.221879387e+01 0.000000000e+00
      vertex -1.768672371e+01 -2.221879196e+01 0.000000000e+00
    endloop
  endfacet
  facet normal -8.165540695e-01 -3.033833054e-04 -5.772688389e-01
    outer loop
      vertex -1.923015785e+01 -1.111625576e+01 2.177368402e+00
      vertex -1.768672371e+01 -2.221879196e+01 0.000000000e+00
      vertex -1.769052124e+01 -1.200516701e+01 0.000000000e+00
    endloop
  endfacet
  facet normal 4.076341987e-01 7.042708397e-01 -5.812374949e-01
    outer loop
      vertex -1.925417709e+01 -1.111640549e+01 2.177375317e+00
      vertex -2.886305809e+01 -5.554697990e+00 2.177441597e+00
      vertex -2.964071465e+01 -6.901640415e+00 0.000000000e+00
    endloop
  endfacet
  facet normal 4.079468548e-01 7.066496015e-01 -5.781224966e-01
    outer loop
      vertex -1.925417709e+01 -1.111640549e+01 2.177375317e+00
      vertex -2.964071465e+01 -6.901640892e+00 0.000000000e+00
      vertex -2.231884384e+01 -1.112853432e+01 0.000000000e+00
    endloop
  endfacet
  facet normal -4.086566269e-01 -7.071378231e-01 -5.770233274e-01
    outer loop
      vertex -2.808539963e+01 -4.207755089e+00 0.000000000e+00
      vertex -1.924203873e+01 -1.109507465e+01 2.177360773e+00
      vertex -1.924203873e+01 -9.318352699e+00 0.000000000e+00
    endloop
  endfacet
  facet normal 8.171306252e-01 -1.662425464e-03 5.764501691e-01
    outer loop
      vertex -1.117633438e+01 -1.666409492e+01 0.000000000e+00
      vertex -1.115958214e+01 -8.258147240e+00 4.930282594e-04
      vertex -1.115923309e+01 -8.257538795e+00 0.000000000e+00
    endloop
  endfacet
  facet normal 4.076341987e-01 7.042702436e-01 -5.812381506e-01
    outer loop
      vertex -9.633159637e+00 -5.561707497e+00 2.177375317e+00
      vertex -1.924203873e+01 -5.887673993e-08 2.177441597e+00
      vertex -2.001969719e+01 -1.346942663e+00 0.000000000e+00
    endloop
  endfacet
  facet normal 4.079465568e-01 7.066493034e-01 -5.781231523e-01
    outer loop
      vertex -9.633159637e+00 -5.561707497e+00 2.177375317e+00
      vertex -2.001969528e+01 -1.346943140e+00 0.000000000e+00
      vertex -1.269782543e+01 -5.573835850e+00 0.000000000e+00
    endloop
  endfacet
  facet normal -4.054436386e-01 7.055348158e-01 -5.812366605e-01
    outer loop
      vertex -3.040162086e+01 -1.936754417e+01 4.930282594e-04
      vertex -3.848407745e+01 -2.221879387e+01 2.177441597e+00
      vertex -3.770642090e+01 -2.356573677e+01 0.000000000e+00
    endloop
  endfacet
  facet normal -4.057760835e-01 7.059758306e-01 5.804687738e-01
    outer loop
      vertex -3.040162086e+01 -1.936754417e+01 4.930282594e-04
      vertex -3.770359802e+01 -2.356411552e+01 0.000000000e+00
      vertex -3.040127182e+01 -1.936693573e+01 0.000000000e+00
    endloop
  endfacet
  facet normal 4.040662348e-01 -7.063256502e-01 -5.812354684e-01
    outer loop
      vertex -3.848407745e+01 -2.221879387e+01 2.177441597e+00
      vertex -3.194197655e+01 -1.668445206e+01 0.000000000e+00
      vertex -3.926173401e+01 -2.087184906e+01 0.000000000e+00
    endloop
  endfacet
  facet normal 4.096695483e-01 -7.102598548e-01 -5.724524856e-01
    outer loop
      vertex -2.887519836e+01 -1.667110443e+01 2.177375317e+00
      vertex -3.193986130e+01 -1.668323135e+01 0.000000000e+00
      vertex -3.194197655e+01 -1.668445206e+01 0.000000000e+00
    endloop
  endfacet
  facet normal 8.137301803e-01 1.581023571e-05 -5.812427402e-01
    outer loop
      vertex 8.065704346e+00 -1.397021198e+01 9.905502520e-05
      vertex 9.621019363e+00 -1.666409492e+01 2.177441597e+00
      vertex 9.620802879e+00 -5.554573059e+00 2.177441835e+00
    endloop
  endfacet
  facet normal -4.068154693e-01 -7.046744227e-01 -5.813219547e-01
    outer loop
      vertex 9.620802879e+00 -5.554573059e+00 2.177441835e+00
      vertex 9.621019363e+00 -3.758774996e+00 4.355833516e-04
      vertex 3.109558582e+00 6.190854474e-04 1.147185467e-04
    endloop
  endfacet
  facet normal -4.068464041e-01 7.046718001e-01 -5.813032985e-01
    outer loop
      vertex 2.886283875e+01 -1.666396904e+01 2.177441835e+00
      vertex 3.192769432e+01 -1.669064903e+01 4.775312846e-05
      vertex 3.926173782e+01 -1.245634079e+01 0.000000000e+00
    endloop
  endfacet
  facet normal 4.068343937e-01 -7.047080398e-01 -5.812678933e-01
    outer loop
      vertex 3.770256042e+01 -9.764684677e+00 0.000000000e+00
      vertex 2.886305809e+01 -1.486817169e+01 4.355833516e-04
      vertex 2.886283875e+01 -1.666396904e+01 2.177441835e+00
    endloop
  endfacet
  facet normal 8.137206435e-01 2.153591413e-05 -5.812560916e-01
    outer loop
      vertex 2.886283875e+01 -1.666396904e+01 2.177441835e+00
      vertex 2.730774307e+01 -1.756205559e+01 3.754781210e-04
      vertex 2.730774307e+01 -2.777349091e+01 0.000000000e+00
    endloop
  endfacet
  facet normal -4.068463147e-01 7.046717405e-01 -5.813034773e-01
    outer loop
      vertex 1.924182129e+01 -1.110927200e+01 2.177441597e+00
      vertex 2.230667496e+01 -1.113595200e+01 4.775331763e-05
      vertex 2.964071465e+01 -6.901640415e+00 0.000000000e+00
    endloop
  endfacet
  facet normal 4.068344831e-01 -7.047073245e-01 -5.812686682e-01
    outer loop
      vertex 2.808153725e+01 -4.209985256e+00 0.000000000e+00
      vertex 1.924203873e+01 -9.313472748e+00 4.355833516e-04
      vertex 1.924182129e+01 -1.110927200e+01 2.177441597e+00
    endloop
  endfacet
  facet normal 8.137204647e-01 2.125402534e-05 -5.812564492e-01
    outer loop
      vertex 1.924182129e+01 -1.110927200e+01 2.177441597e+00
      vertex 1.768672371e+01 -1.200735855e+01 3.754781210e-04
      vertex 1.768672371e+01 -2.221879387e+01 0.000000000e+00
    endloop
  endfacet
  facet normal -4.068464935e-01 7.046722770e-01 -5.813027024e-01
    outer loop
      vertex 9.620802879e+00 -5.554573059e+00 2.177441835e+00
      vertex 1.268565559e+01 -5.581253529e+00 4.775319394e-05
      vertex 2.001969719e+01 -1.346942782e+00 0.000000000e+00
    endloop
  endfacet
  facet normal 4.068430066e-01 -7.047048211e-01 -5.812656879e-01
    outer loop
      vertex 9.621019363e+00 -3.758774996e+00 4.355833516e-04
      vertex 9.620802879e+00 -5.554573059e+00 2.177441835e+00
      vertex 1.924203873e+01 5.887673993e-08 2.177441597e+00
    endloop
  endfacet
  facet normal -4.083208442e-01 -7.162084579e-01 -5.659677386e-01
    outer loop
      vertex 3.923261642e+01 -2.085524940e+01 0.000000000e+00
      vertex 3.192769432e+01 -1.669064903e+01 4.775312846e-05
      vertex 2.886283875e+01 -1.666396904e+01 2.177441835e+00
    endloop
  endfacet
  facet normal 4.022278190e-01 7.011378407e-01 -5.887432694e-01
    outer loop
      vertex 2.886283875e+01 -1.666396904e+01 2.177441835e+00
      vertex 3.039493561e+01 -1.937129402e+01 0.000000000e+00
      vertex 3.770642090e+01 -2.356573677e+01 0.000000000e+00
    endloop
  endfacet
  facet normal -4.109286070e-01 -7.117491961e-01 -5.696936250e-01
    outer loop
      vertex 2.230667496e+01 -1.113595200e+01 4.775331763e-05
      vertex 1.924182129e+01 -1.110927200e+01 2.177441597e+00
      vertex 2.886283875e+01 -1.666396904e+01 2.177441835e+00
    endloop
  endfacet
  facet normal 4.049324691e-01 7.063323855e-01 -5.806239843e-01
    outer loop
      vertex 2.153760910e+01 -1.425441170e+01 0.000000000e+00
      vertex 2.730774307e+01 -1.756205559e+01 3.754781210e-04
      vertex 2.886283875e+01 -1.666396904e+01 2.177441835e+00
    endloop
  endfacet
  facet normal -4.109286666e-01 -7.117492557e-01 -5.696934462e-01
    outer loop
      vertex 1.268565559e+01 -5.581253529e+00 4.775319394e-05
      vertex 9.620802879e+00 -5.554573059e+00 2.177441835e+00
      vertex 1.924182129e+01 -1.110927200e+01 2.177441597e+00
    endloop
  endfacet
  facet normal 4.049325883e-01 7.063323259e-01 -5.806240439e-01
    outer loop
      vertex 1.191659164e+01 -8.699714661e+00 0.000000000e+00
      vertex 1.768672371e+01 -1.200735855e+01 3.754781210e-04
      vertex 1.924182129e+01 -1.110927200e+01 2.177441597e+00
    endloop
  endfacet
  facet normal 4.068852365e-01 7.047032118e-01 -5.812380314e-01
    outer loop
      vertex -4.529425368e-08 -7.845194716e-08 2.177441597e+00
      vertex 1.555315495e+00 -2.693881989e+00 1.034550805e-04
      vertex 8.065704346e+00 -6.452660084e+00 3.754781210e-04
    endloop
  endfacet
  facet normal -4.068868458e-01 -7.047029734e-01 -5.812371969e-01
    outer loop
      vertex 9.621019363e+00 -1.666409492e+01 2.177441597e+00
      vertex 8.065704346e+00 -1.397021198e+01 9.905502520e-05
      vertex 1.555315495e+00 -1.021143436e+01 3.924226621e-04
    endloop
  endfacet
  facet normal 4.070566297e-01 -7.045351863e-01 -5.813217759e-01
    outer loop
      vertex -5.504301726e-08 -1.110916424e+01 2.177441597e+00
      vertex -1.555315495e+00 -1.021143436e+01 3.586934181e-04
      vertex -2.872323513e+00 -1.097206116e+01 0.000000000e+00
    endloop
  endfacet
  facet normal -8.137334585e-01 -2.234140993e-05 -5.812380910e-01
    outer loop
      vertex 1.555315495e+00 -1.021143436e+01 3.924226621e-04
      vertex 1.555315495e+00 -2.693881989e+00 1.034550805e-04
      vertex -4.529425368e-08 -7.845194716e-08 2.177441597e+00
    endloop
  endfacet
  facet normal 8.136881590e-01 0.000000000e+00 -5.813016891e-01
    outer loop
      vertex -1.555315495e+00 -1.021143436e+01 3.586934181e-04
      vertex -5.504301726e-08 -1.110916424e+01 2.177441597e+00
      vertex -4.529425368e-08 -7.845194716e-08 2.177441597e+00
    endloop
  endfacet
  facet normal 4.068446755e-01 7.046796679e-01 -5.812950134e-01
    outer loop
      vertex -5.504301726e-08 -3.332795715e+01 2.177441597e+00
      vertex 1.526993752e+00 -3.600572586e+01 2.783768832e-05
      vertex 8.843362808e+00 -4.022983170e+01 0.000000000e+00
    endloop
  endfacet
  facet normal -4.061382413e-01 -7.052010894e-01 -5.811567307e-01
    outer loop
      vertex 9.621020317e+00 -3.888288879e+01 2.177441597e+00
      vertex 1.039867783e+01 -3.753594589e+01 0.000000000e+00
      vertex 1.039653301e+01 -3.753470993e+01 0.000000000e+00
    endloop
  endfacet
  facet normal 4.068765342e-01 -7.046900392e-01 -5.812603235e-01
    outer loop
      vertex -5.504301726e-08 -3.332795715e+01 2.177441597e+00
      vertex -1.555315733e+00 -3.243022919e+01 3.586934181e-04
      vertex -1.039867783e+01 -3.753594589e+01 0.000000000e+00
    endloop
  endfacet
  facet normal 4.068445861e-01 7.046797276e-01 -5.812950134e-01
    outer loop
      vertex -5.504301726e-08 -2.221856117e+01 2.177441597e+00
      vertex 1.526993275e+00 -2.489632797e+01 2.783800846e-05
      vertex 8.843362808e+00 -2.912043381e+01 0.000000000e+00
    endloop
  endfacet
  facet normal -4.068765342e-01 -7.046862245e-01 -5.812647939e-01
    outer loop
      vertex 1.039653301e+01 -2.642531013e+01 0.000000000e+00
      vertex 1.555315495e+00 -2.132083130e+01 3.924226621e-04
      vertex -5.504301726e-08 -2.221856117e+01 2.177441597e+00
    endloop
  endfacet
  facet normal 4.068775475e-01 -7.046918869e-01 -5.812572837e-01
    outer loop
      vertex -5.504301726e-08 -2.221856117e+01 2.177441597e+00
      vertex -1.555315495e+00 -2.132083130e+01 3.586934181e-04
      vertex -1.039867783e+01 -2.642654800e+01 0.000000000e+00
    endloop
  endfacet
  facet normal 4.068796337e-01 7.047066689e-01 -5.812377930e-01
    outer loop
      vertex 8.843362808e+00 -1.801103783e+01 0.000000000e+00
      vertex 9.621019363e+00 -1.666409492e+01 2.177441597e+00
      vertex -5.504301726e-08 -1.110916424e+01 2.177441597e+00
    endloop
  endfacet
  facet normal -8.203215599e-01 -2.753487322e-03 -5.718958974e-01
    outer loop
      vertex 1.555219054e+00 -4.440885544e+01 0.000000000e+00
      vertex 1.526993752e+00 -3.600572586e+01 2.783768832e-05
      vertex -5.504301726e-08 -3.332795715e+01 2.177441597e+00
    endloop
  endfacet
  facet normal 8.104112148e-01 1.370786806e-03 -5.858598351e-01
    outer loop
      vertex -5.504301726e-08 -3.332795715e+01 2.177441597e+00
      vertex -1.569564104e+00 -3.601375198e+01 0.000000000e+00
      vertex -1.555315495e+00 -4.443758774e+01 0.000000000e+00
    endloop
  endfacet
  facet normal -8.187364340e-01 0.000000000e+00 -5.741694570e-01
    outer loop
      vertex 1.526993275e+00 -2.489632797e+01 2.783800846e-05
      vertex -5.504301726e-08 -2.221856117e+01 2.177441597e+00
      vertex -5.504301726e-08 -3.332795715e+01 2.177441597e+00
    endloop
  endfacet
  facet normal 8.139822483e-01 1.513412222e-03 -5.808878541e-01
    outer loop
      vertex -1.568546295e+00 -2.545195961e+01 0.000000000e+00
      vertex -1.555315733e+00 -3.243022919e+01 3.586934181e-04
      vertex -5.504301726e-08 -3.332795715e+01 2.177441597e+00
    endloop
  endfacet
  facet normal -8.187361956e-01 0.000000000e+00 -5.741697550e-01
    outer loop
      vertex 1.526993513e+00 -1.378693008e+01 2.783787750e-05
      vertex -5.504301726e-08 -1.110916424e+01 2.177441597e+00
      vertex -5.504301726e-08 -2.221856117e+01 2.177441597e+00
    endloop
  endfacet
  facet normal 8.139821887e-01 1.513411640e-03 -5.808878541e-01
    outer loop
      vertex -1.568546057e+00 -1.434255981e+01 0.000000000e+00
      vertex -1.555315495e+00 -2.132083130e+01 3.586934181e-04
      vertex -5.504301726e-08 -2.221856117e+01 2.177441597e+00
    endloop
  endfacet
  facet normal 4.065399170e-01 7.042409778e-01 -5.820394754e-01
    outer loop
      vertex -9.616399765e+00 5.557365417e+00 2.177430630e+00
      vertex -9.621015549e+00 3.760432482e+00 0.000000000e+00
      vertex -3.107649326e+00 4.357206053e-04 0.000000000e+00
    endloop
  endfacet
  facet normal 4.073706269e-01 -7.085970640e-01 -5.761417747e-01
    outer loop
      vertex -2.885843849e+01 1.666676140e+01 2.177430630e+00
      vertex -3.197363281e+01 1.664611626e+01 1.713753591e-04
      vertex -3.926173782e+01 1.245634079e+01 0.000000000e+00
    endloop
  endfacet
  facet normal -8.148522377e-01 1.260885329e-04 -5.796687603e-01
    outer loop
      vertex -2.885843849e+01 1.666676140e+01 2.177430630e+00
      vertex -2.730932236e+01 1.756114388e+01 0.000000000e+00
      vertex -2.730774307e+01 2.777349091e+01 0.000000000e+00
    endloop
  endfacet
  facet normal 4.073709846e-01 -7.085970044e-01 -5.761415362e-01
    outer loop
      vertex -1.923741913e+01 1.111206341e+01 2.177430630e+00
      vertex -2.235261345e+01 1.109141636e+01 1.713753591e-04
      vertex -2.964071465e+01 6.901640415e+00 0.000000000e+00
    endloop
  endfacet
  facet normal -8.148522973e-01 1.258089615e-04 -5.796685219e-01
    outer loop
      vertex -1.923741913e+01 1.111206341e+01 2.177430630e+00
      vertex -1.768830299e+01 1.200644588e+01 0.000000000e+00
      vertex -1.768672371e+01 2.221879387e+01 0.000000000e+00
    endloop
  endfacet
  facet normal -4.071028829e-01 7.048943043e-01 -5.808538795e-01
    outer loop
      vertex -1.613290024e+01 -4.248430778e-04 0.000000000e+00
      vertex -9.621015549e+00 3.760432482e+00 0.000000000e+00
      vertex -9.616399765e+00 5.557365417e+00 2.177430630e+00
    endloop
  endfacet
  facet normal 4.073709548e-01 -7.085973024e-01 -5.761413574e-01
    outer loop
      vertex -9.616399765e+00 5.557365417e+00 2.177430630e+00
      vertex -1.273159409e+01 5.536718369e+00 1.713763631e-04
      vertex -2.001969719e+01 1.346942782e+00 0.000000000e+00
    endloop
  endfacet
  facet normal -4.134911299e-01 -7.101528645e-01 -5.698315501e-01
    outer loop
      vertex -2.885843849e+01 1.666676140e+01 2.177430630e+00
      vertex -3.041825485e+01 1.932215881e+01 0.000000000e+00
      vertex -3.770642090e+01 2.356573677e+01 0.000000000e+00
    endloop
  endfacet
  facet normal 4.059347212e-01 7.000904679e-01 -5.874440074e-01
    outer loop
      vertex -3.925365067e+01 2.086716080e+01 0.000000000e+00
      vertex -3.197363281e+01 1.664611626e+01 1.713753591e-04
      vertex -2.885843849e+01 1.666676140e+01 2.177430630e+00
    endloop
  endfacet
  facet normal 4.061281979e-01 6.997494698e-01 -5.877163410e-01
    outer loop
      vertex -2.286461067e+01 1.138842964e+01 0.000000000e+00
      vertex -2.235261345e+01 1.109141636e+01 1.713753591e-04
      vertex -1.923741913e+01 1.111206341e+01 2.177430630e+00
    endloop
  endfacet
  facet normal 4.061258733e-01 6.997506618e-01 -5.877164602e-01
    outer loop
      vertex -1.324359512e+01 5.833733559e+00 0.000000000e+00
      vertex -1.273159409e+01 5.536718369e+00 1.713763631e-04
      vertex -9.616399765e+00 5.557365417e+00 2.177430630e+00
    endloop
  endfacet
  facet normal 4.069611728e-01 7.046167850e-01 -5.812896490e-01
    outer loop
      vertex -4.224547386e+00 1.175275040e+01 0.000000000e+00
      vertex -1.555315495e+00 1.021143436e+01 4.068095586e-04
      vertex -8.111602767e-08 1.110913277e+01 2.177441835e+00
    endloop
  endfacet
  facet normal -4.068782628e-01 7.046831250e-01 -5.812673569e-01
    outer loop
      vertex 1.555315375e+00 1.021143436e+01 4.468131228e-04
      vertex 8.066891670e+00 1.397089386e+01 1.178841630e-04
      vertex 8.367161751e+00 1.449505901e+01 4.253892601e-01
    endloop
  endfacet
  facet normal 4.068649709e-01 -7.047150135e-01 -5.812379718e-01
    outer loop
      vertex 9.621019363e+00 1.666409492e+01 2.177441597e+00
      vertex 8.843362808e+00 1.801103783e+01 0.000000000e+00
      vertex 1.526509643e+00 1.378665066e+01 3.019994256e-05
    endloop
  endfacet
  facet normal -8.204287887e-01 2.800556365e-03 -5.717418194e-01
    outer loop
      vertex 1.526509881e+00 3.600544739e+01 3.019974974e-05
      vertex 1.528005719e+00 3.644331741e+01 2.863645204e-05
      vertex 1.511053085e+00 3.645422745e+01 2.440890297e-02
    endloop
  endfacet
  facet normal 8.137198687e-01 2.406196131e-08 -5.812571645e-01
    outer loop
      vertex -1.555315495e+00 2.693314075e+00 1.072979285e-04
      vertex -4.529425368e-08 -7.845194716e-08 2.177441597e+00
      vertex -8.111602767e-08 1.110913277e+01 2.177441835e+00
    endloop
  endfacet
  facet normal -8.136720061e-01 2.542211587e-05 -5.813241601e-01
    outer loop
      vertex 1.555315495e+00 2.692513466e+00 1.178841339e-04
      vertex 1.555315375e+00 1.021143436e+01 4.468131228e-04
      vertex -8.111602767e-08 1.110913277e+01 2.177441835e+00
    endloop
  endfacet
  facet normal -4.097771645e-01 -7.069200277e-01 -5.764952898e-01
    outer loop
      vertex -8.111602767e-08 3.332792664e+01 2.177441835e+00
      vertex -1.569806933e+00 3.601360321e+01 0.000000000e+00
      vertex -8.821939468e+00 4.021741486e+01 0.000000000e+00
    endloop
  endfacet
  facet normal 4.068740904e-01 7.046931982e-01 -5.812581182e-01
    outer loop
      vertex -1.555315733e+00 3.243022919e+01 4.068095586e-04
      vertex -8.111602767e-08 3.332792664e+01 2.177441835e+00
      vertex -9.621020317e+00 3.888288879e+01 2.177441597e+00
    endloop
  endfacet
  facet normal -4.068779349e-01 7.046825886e-01 -5.812683105e-01
    outer loop
      vertex -8.111602767e-08 3.332792664e+01 2.177441835e+00
      vertex 1.555315495e+00 3.243022919e+01 4.468131228e-04
      vertex 1.039867783e+01 3.753594589e+01 9.517899713e-08
    endloop
  endfacet
  facet normal 4.068638384e-01 -7.046755552e-01 -5.812867284e-01
    outer loop
      vertex 1.526509881e+00 3.600544739e+01 3.019974974e-05
      vertex -8.111602767e-08 3.332792664e+01 2.177441835e+00
      vertex 9.621020317e+00 3.888288879e+01 2.177441597e+00
    endloop
  endfacet
  facet normal -4.097765386e-01 -7.069195509e-01 -5.764963031e-01
    outer loop
      vertex -8.111602767e-08 2.221853065e+01 2.177441835e+00
      vertex -1.569806576e+00 2.490420723e+01 0.000000000e+00
      vertex -8.821939468e+00 2.910801506e+01 0.000000000e+00
    endloop
  endfacet
  facet normal 4.068736732e-01 7.046928406e-01 -5.812587738e-01
    outer loop
      vertex -1.555315495e+00 2.132083130e+01 4.068095586e-04
      vertex -8.111602767e-08 2.221853065e+01 2.177441835e+00
      vertex -9.621020317e+00 2.777349091e+01 2.177441597e+00
    endloop
  endfacet
  facet normal -4.068782032e-01 7.046830058e-01 -5.812675357e-01
    outer loop
      vertex -8.111602767e-08 2.221853065e+01 2.177441835e+00
      vertex 1.555315375e+00 2.132083130e+01 4.468131228e-04
      vertex 1.039867783e+01 2.642654800e+01 9.517899713e-08
    endloop
  endfacet
  facet normal 4.068634510e-01 -7.046750784e-01 -5.812874436e-01
    outer loop
      vertex 1.526509643e+00 2.489604759e+01 3.020013173e-05
      vertex -8.111602767e-08 2.221853065e+01 2.177441835e+00
      vertex 9.621020317e+00 2.777349091e+01 2.177441597e+00
    endloop
  endfacet
  facet normal -4.080687463e-01 -7.040311098e-01 -5.812229514e-01
    outer loop
      vertex -8.821939468e+00 1.799862099e+01 0.000000000e+00
      vertex -8.843362808e+00 1.801103783e+01 9.517899713e-08
      vertex -9.621019363e+00 1.666409492e+01 2.177441597e+00
    endloop
  endfacet
  facet normal -8.206451535e-01 3.169225063e-03 -5.714293122e-01
    outer loop
      vertex -8.111602767e-08 2.221853065e+01 2.177441835e+00
      vertex 1.526509643e+00 2.489604759e+01 3.020013173e-05
      vertex 1.555315495e+00 3.243022919e+01 4.468131228e-04
    endloop
  endfacet
  facet normal -8.206450343e-01 3.169213422e-03 -5.714294314e-01
    outer loop
      vertex -8.111602767e-08 1.110913277e+01 2.177441835e+00
      vertex 1.526509643e+00 1.378665066e+01 3.019994256e-05
      vertex 1.555315375e+00 2.132083130e+01 4.468131228e-04
    endloop
  endfacet
  facet normal 8.167020679e-01 3.351464402e-04 -5.770594478e-01
    outer loop
      vertex 8.069892883e+00 6.450241089e+00 0.000000000e+00
      vertex 9.608730316e+00 5.561793327e+00 2.177373886e+00
      vertex 8.367161751e+00 1.449505901e+01 4.253892601e-01
    endloop
  endfacet
  facet normal 4.085233212e-01 7.069820762e-01 -5.773085356e-01
    outer loop
      vertex 9.621019363e+00 5.541111946e+00 2.177366018e+00
      vertex 9.621019363e+00 3.763115168e+00 0.000000000e+00
      vertex 1.613248062e+01 5.249470705e-04 0.000000000e+00
    endloop
  endfacet
  facet normal -4.088648856e-01 7.075731158e-01 -5.763416290e-01
    outer loop
      vertex 3.109558582e+00 6.190854474e-04 1.147185467e-04
      vertex 3.109557629e+00 5.249367678e-04 0.000000000e+00
      vertex 9.621019363e+00 3.763115168e+00 0.000000000e+00
    endloop
  endfacet
  facet normal 4.080794752e-01 -7.074843049e-01 -5.770070553e-01
    outer loop
      vertex 8.069892883e+00 6.450241089e+00 0.000000000e+00
      vertex 1.555231333e+00 2.692561150e+00 0.000000000e+00
      vertex 1.555315495e+00 2.692513466e+00 1.178841339e-04
    endloop
  endfacet
  facet normal -4.062919617e-01 7.004132867e-01 -5.868119001e-01
    outer loop
      vertex 2.887508202e+01 1.667103767e+01 2.177376509e+00
      vertex 3.197359657e+01 1.664459419e+01 4.915641039e-04
      vertex 3.926173401e+01 2.087184906e+01 0.000000000e+00
    endloop
  endfacet
  facet normal -4.043090940e-01 7.020981908e-01 -5.861674547e-01
    outer loop
      vertex -2.078060150e+01 -1.381284618e+01 4.930232535e-04
      vertex -1.925417709e+01 -1.111640549e+01 2.177375317e+00
      vertex -2.886305809e+01 -1.664977264e+01 2.177360773e+00
    endloop
  endfacet
  facet normal -4.043092132e-01 7.020979524e-01 -5.861676931e-01
    outer loop
      vertex -1.115958214e+01 -8.258147240e+00 4.930282594e-04
      vertex -9.633159637e+00 -5.561707497e+00 2.177375317e+00
      vertex -1.924203873e+01 -1.109507465e+01 2.177360773e+00
    endloop
  endfacet
  facet normal -6.202327204e-04 6.794291949e-06 -9.999997616e-01
    outer loop
      vertex 9.621019363e+00 1.666409492e+01 2.177441597e+00
      vertex 9.608730316e+00 5.561793327e+00 2.177373886e+00
      vertex 9.621019363e+00 5.541111946e+00 2.177366018e+00
    endloop
  endfacet
  facet normal 8.137331605e-01 -8.972525829e-04 -5.812379718e-01
    outer loop
      vertex 9.621019363e+00 1.666409492e+01 2.177441597e+00
      vertex 8.367161751e+00 1.449505901e+01 4.253892601e-01
      vertex 9.608730316e+00 5.561793327e+00 2.177373886e+00
    endloop
  endfacet
  facet normal -8.137332201e-01 -8.780226344e-04 -5.812379122e-01
    outer loop
      vertex 9.621019363e+00 1.666409492e+01 2.177441597e+00
      vertex 9.633044243e+00 5.561640739e+00 2.177376747e+00
      vertex 1.117633438e+01 1.666409492e+01 0.000000000e+00
    endloop
  endfacet
  facet normal 8.556167013e-04 6.794173260e-06 -9.999997020e-01
    outer loop
      vertex 9.633044243e+00 5.561640739e+00 2.177376747e+00
      vertex 9.621019363e+00 1.666409492e+01 2.177441597e+00
      vertex 9.621019363e+00 5.541111946e+00 2.177366018e+00
    endloop
  endfacet
  facet normal 4.061233997e-01 7.051427960e-01 -5.812379122e-01
    outer loop
      vertex 1.924203873e+01 5.887673993e-08 2.177441597e+00
      vertex 9.621019363e+00 5.541111946e+00 2.177366018e+00
      vertex 1.673673058e+01 -1.282899058e-03 4.253731668e-01
    endloop
  endfacet
  facet normal -4.061232805e-01 7.051427364e-01 -5.812380910e-01
    outer loop
      vertex -4.529425368e-08 -7.845194716e-08 2.177441597e+00
      vertex 2.505260229e+00 -1.320978277e-03 4.253611565e-01
      vertex 9.621019363e+00 5.541111946e+00 2.177366018e+00
    endloop
  endfacet
  facet normal 4.076436162e-01 -7.042650580e-01 -5.812378526e-01
    outer loop
      vertex 9.608730316e+00 5.561793327e+00 2.177373886e+00
      vertex 1.251531005e+00 2.170397997e+00 4.253933728e-01
      vertex -4.529425368e-08 -7.845194716e-08 2.177441597e+00
    endloop
  endfacet
  facet normal -6.201368524e-04 6.795903118e-06 -9.999998212e-01
    outer loop
      vertex 2.886305809e+01 2.777349091e+01 2.177441597e+00
      vertex 2.885076714e+01 1.667119026e+01 2.177373886e+00
      vertex 2.886305809e+01 1.665050888e+01 2.177366018e+00
    endloop
  endfacet
  facet normal -8.137331605e-01 -8.779143100e-04 -5.812379718e-01
    outer loop
      vertex 3.041837311e+01 2.777349091e+01 0.000000000e+00
      vertex 2.886305809e+01 2.777349091e+01 2.177441597e+00
      vertex 2.887508202e+01 1.667103767e+01 2.177376509e+00
    endloop
  endfacet
  facet normal 8.570220089e-04 6.794280580e-06 -9.999996424e-01
    outer loop
      vertex 2.886305809e+01 2.777349091e+01 2.177441597e+00
      vertex 2.886305809e+01 1.665050888e+01 2.177366018e+00
      vertex 2.887508202e+01 1.667103767e+01 2.177376509e+00
    endloop
  endfacet
  facet normal 4.061232209e-01 7.051432133e-01 -5.812374353e-01
    outer loop
      vertex 3.770642471e+01 9.762454033e+00 0.000000000e+00
      vertex 3.848408127e+01 1.110939693e+01 2.177441597e+00
      vertex 2.886305809e+01 1.665050888e+01 2.177366018e+00
    endloop
  endfacet
  facet normal 2.231900144e-04 3.786908637e-04 -9.999999404e-01
    outer loop
      vertex 3.848408127e+01 1.110939693e+01 2.177441597e+00
      vertex 2.887508202e+01 1.667103767e+01 2.177376509e+00
      vertex 2.886305809e+01 1.665050888e+01 2.177366018e+00
    endloop
  endfacet
  facet normal -6.177253672e-04 6.795250101e-06 -9.999997616e-01
    outer loop
      vertex 1.924203873e+01 2.221879387e+01 2.177441597e+00
      vertex 1.922974968e+01 1.111649132e+01 2.177373886e+00
      vertex 1.924203873e+01 1.109581089e+01 2.177366018e+00
    endloop
  endfacet
  facet normal -8.137332201e-01 -8.780783392e-04 -5.812379122e-01
    outer loop
      vertex 2.079735374e+01 2.221879387e+01 0.000000000e+00
      vertex 1.924203873e+01 2.221879387e+01 2.177441597e+00
      vertex 1.925406456e+01 1.111633968e+01 2.177376747e+00
    endloop
  endfacet
  facet normal 8.569412166e-04 6.794286037e-06 -9.999996424e-01
    outer loop
      vertex 1.924203873e+01 2.221879387e+01 2.177441597e+00
      vertex 1.924203873e+01 1.109581089e+01 2.177366018e+00
      vertex 1.925406456e+01 1.111633968e+01 2.177376747e+00
    endloop
  endfacet
  facet normal 4.061232507e-01 7.051426768e-01 -5.812380314e-01
    outer loop
      vertex 2.808539963e+01 4.207755089e+00 0.000000000e+00
      vertex 2.886305809e+01 5.554697990e+00 2.177441597e+00
      vertex 1.924203873e+01 1.109581089e+01 2.177366018e+00
    endloop
  endfacet
  facet normal 2.303624206e-04 3.873391543e-04 -9.999998808e-01
    outer loop
      vertex 2.886305809e+01 5.554697990e+00 2.177441597e+00
      vertex 1.925406456e+01 1.111633968e+01 2.177376747e+00
      vertex 1.924203873e+01 1.109581089e+01 2.177366018e+00
    endloop
  endfacet
  facet normal 2.231452527e-04 3.873461683e-04 -9.999998808e-01
    outer loop
      vertex 1.924203873e+01 5.887673993e-08 2.177441597e+00
      vertex 9.633044243e+00 5.561640739e+00 2.177376747e+00
      vertex 9.621019363e+00 5.541111946e+00 2.177366018e+00
    endloop
  endfacet
  facet normal -4.048481882e-01 7.029378414e-01 -5.847874880e-01
    outer loop
      vertex 2.886305809e+01 1.665050888e+01 2.177366018e+00
      vertex 1.925406456e+01 1.111633968e+01 2.177376747e+00
      vertex 2.235257530e+01 1.108989525e+01 4.915631143e-04
    endloop
  endfacet
  facet normal -1.644736913e-04 2.829517471e-04 -1.000000000e+00
    outer loop
      vertex 2.886305809e+01 1.665050888e+01 2.177366018e+00
      vertex 2.885076714e+01 1.667119026e+01 2.177373886e+00
      vertex 1.925406456e+01 1.111633968e+01 2.177376747e+00
    endloop
  endfacet
  facet normal -4.048482478e-01 7.029379606e-01 -5.847873092e-01
    outer loop
      vertex 1.924203873e+01 1.109581089e+01 2.177366018e+00
      vertex 9.633044243e+00 5.561640739e+00 2.177376747e+00
      vertex 1.273155689e+01 5.535197258e+00 4.915621248e-04
    endloop
  endfacet
  facet normal -1.644736913e-04 2.829516889e-04 -1.000000000e+00
    outer loop
      vertex 1.924203873e+01 1.109581089e+01 2.177366018e+00
      vertex 1.922974968e+01 1.111649132e+01 2.177373886e+00
      vertex 9.633044243e+00 5.561640739e+00 2.177376747e+00
    endloop
  endfacet
  facet normal -1.642598800e-04 2.799543145e-04 -9.999998808e-01
    outer loop
      vertex 9.621019363e+00 5.541111946e+00 2.177366018e+00
      vertex 9.608730316e+00 5.561793327e+00 2.177373886e+00
      vertex -4.529425368e-08 -7.845194716e-08 2.177441597e+00
    endloop
  endfacet
  facet normal 8.137332797e-01 8.863742696e-04 -5.812378526e-01
    outer loop
      vertex -9.621019363e+00 -1.666409492e+01 2.177441597e+00
      vertex -9.633159637e+00 -5.561707497e+00 2.177375317e+00
      vertex -1.117633438e+01 -1.666409492e+01 0.000000000e+00
    endloop
  endfacet
  facet normal -2.992854279e-04 -6.284311894e-06 -9.999998808e-01
    outer loop
      vertex -9.621019363e+00 -1.666409492e+01 2.177441597e+00
      vertex -9.609138489e+00 -5.561557770e+00 2.177368402e+00
      vertex -9.633159637e+00 -5.561707497e+00 2.177375317e+00
    endloop
  endfacet
  facet normal -8.137332201e-01 8.669859380e-04 -5.812378526e-01
    outer loop
      vertex -9.621019363e+00 -1.666409492e+01 2.177441597e+00
      vertex -8.367231369e+00 -1.449509239e+01 4.253728092e-01
      vertex -9.609138489e+00 -5.561557770e+00 2.177368402e+00
    endloop
  endfacet
  facet normal -4.060828090e-01 -7.051660419e-01 -5.812379122e-01
    outer loop
      vertex -1.924203873e+01 -5.887673993e-08 2.177441597e+00
      vertex -9.621019363e+00 -5.540375710e+00 2.177360773e+00
      vertex -1.673691177e+01 1.568462583e-03 4.253274202e-01
    endloop
  endfacet
  facet normal 4.060828686e-01 -7.051659822e-01 -5.812379718e-01
    outer loop
      vertex -4.529425368e-08 -7.845194716e-08 2.177441597e+00
      vertex -2.504683495e+00 1.913900487e-03 4.252181947e-01
      vertex -9.621019363e+00 -5.540375710e+00 2.177360773e+00
    endloop
  endfacet
  facet normal 1.697816915e-04 -2.686839143e-04 -1.000000000e+00
    outer loop
      vertex -9.609138489e+00 -5.561557770e+00 2.177368402e+00
      vertex -4.529425368e-08 -7.845194716e-08 2.177441597e+00
      vertex -9.621019363e+00 -5.540375710e+00 2.177360773e+00
    endloop
  endfacet
  facet normal -4.076174200e-01 7.042802572e-01 -5.812377930e-01
    outer loop
      vertex -9.609138489e+00 -5.561557770e+00 2.177368402e+00
      vertex -1.251530290e+00 -2.170319557e+00 4.253755212e-01
      vertex -4.529425368e-08 -7.845194716e-08 2.177441597e+00
    endloop
  endfacet
  facet normal 8.197009563e-01 -1.600246527e-03 -5.727894306e-01
    outer loop
      vertex -3.041837311e+01 -2.777349091e+01 0.000000000e+00
      vertex -2.887519836e+01 -1.667110443e+01 2.177375317e+00
      vertex -3.040162086e+01 -1.936754417e+01 4.930282594e-04
    endloop
  endfacet
  facet normal 8.137332201e-01 8.858866058e-04 -5.812379718e-01
    outer loop
      vertex -3.041837311e+01 -2.777349091e+01 0.000000000e+00
      vertex -2.886305809e+01 -2.777349091e+01 2.177441597e+00
      vertex -2.887519836e+01 -1.667110443e+01 2.177375317e+00
    endloop
  endfacet
  facet normal -2.979933051e-04 -6.284741630e-06 -1.000000000e+00
    outer loop
      vertex -2.886305809e+01 -2.777349091e+01 2.177441597e+00
      vertex -2.885117531e+01 -1.667095566e+01 2.177368402e+00
      vertex -2.887519836e+01 -1.667110443e+01 2.177375317e+00
    endloop
  endfacet
  facet normal -3.012396628e-04 -4.801381438e-04 -9.999998212e-01
    outer loop
      vertex -3.848408127e+01 -1.110939693e+01 2.177441597e+00
      vertex -2.887519836e+01 -1.667110443e+01 2.177375317e+00
      vertex -2.885117531e+01 -1.667095566e+01 2.177368402e+00
    endloop
  endfacet
  facet normal -4.060826004e-01 -7.051661611e-01 -5.812379122e-01
    outer loop
      vertex -3.770642471e+01 -9.762454033e+00 0.000000000e+00
      vertex -3.848408127e+01 -1.110939693e+01 2.177441597e+00
      vertex -2.886305809e+01 -1.664977264e+01 2.177360773e+00
    endloop
  endfacet
  facet normal -3.232171875e-04 -5.390092265e-04 -9.999997616e-01
    outer loop
      vertex -3.848408127e+01 -1.110939693e+01 2.177441597e+00
      vertex -2.885117531e+01 -1.667095566e+01 2.177368402e+00
      vertex -2.886305809e+01 -1.664977264e+01 2.177360773e+00
    endloop
  endfacet
  facet normal 8.197005987e-01 -1.599562238e-03 -5.727899075e-01
    outer loop
      vertex -2.079735374e+01 -2.221879387e+01 0.000000000e+00
      vertex -1.925417709e+01 -1.111640549e+01 2.177375317e+00
      vertex -2.078060150e+01 -1.381284618e+01 4.930232535e-04
    endloop
  endfacet
  facet normal 8.137331009e-01 8.861006936e-04 -5.812379718e-01
    outer loop
      vertex -2.079735374e+01 -2.221879387e+01 0.000000000e+00
      vertex -1.924203873e+01 -2.221879387e+01 2.177441597e+00
      vertex -1.925417709e+01 -1.111640549e+01 2.177375317e+00
    endloop
  endfacet
  facet normal -2.993091766e-04 -6.284428764e-06 -9.999999404e-01
    outer loop
      vertex -1.924203873e+01 -2.221879387e+01 2.177441597e+00
      vertex -1.923015785e+01 -1.111625576e+01 2.177368402e+00
      vertex -1.925417709e+01 -1.111640549e+01 2.177375317e+00
    endloop
  endfacet
  facet normal -2.987656917e-04 -4.801922478e-04 -9.999997616e-01
    outer loop
      vertex -2.886305809e+01 -5.554697990e+00 2.177441597e+00
      vertex -1.925417709e+01 -1.111640549e+01 2.177375317e+00
      vertex -1.923015785e+01 -1.111625576e+01 2.177368402e+00
    endloop
  endfacet
  facet normal -4.060828686e-01 -7.051658630e-01 -5.812380910e-01
    outer loop
      vertex -2.808539963e+01 -4.207755089e+00 0.000000000e+00
      vertex -2.886305809e+01 -5.554697990e+00 2.177441597e+00
      vertex -1.924203873e+01 -1.109507465e+01 2.177360773e+00
    endloop
  endfacet
  facet normal -3.143335343e-04 -5.390539882e-04 -9.999997616e-01
    outer loop
      vertex -2.886305809e+01 -5.554697990e+00 2.177441597e+00
      vertex -1.923015785e+01 -1.111625576e+01 2.177368402e+00
      vertex -1.924203873e+01 -1.109507465e+01 2.177360773e+00
    endloop
  endfacet
  facet normal 8.197007775e-01 -1.599904266e-03 -5.727896690e-01
    outer loop
      vertex -1.117633438e+01 -1.666409492e+01 0.000000000e+00
      vertex -9.633159637e+00 -5.561707497e+00 2.177375317e+00
      vertex -1.115958214e+01 -8.258147240e+00 4.930282594e-04
    endloop
  endfacet
  facet normal -2.987720072e-04 -4.802008043e-04 -9.999997616e-01
    outer loop
      vertex -1.924203873e+01 -5.887673993e-08 2.177441597e+00
      vertex -9.633159637e+00 -5.561707497e+00 2.177375317e+00
      vertex -9.609138489e+00 -5.561557770e+00 2.177368402e+00
    endloop
  endfacet
  facet normal -3.256284981e-04 -5.389782600e-04 -9.999997616e-01
    outer loop
      vertex -1.924203873e+01 -5.887673993e-08 2.177441597e+00
      vertex -9.609138489e+00 -5.561557770e+00 2.177368402e+00
      vertex -9.621019363e+00 -5.540375710e+00 2.177360773e+00
    endloop
  endfacet
  facet normal -4.053631723e-01 7.021023631e-01 -5.854340196e-01
    outer loop
      vertex -3.848407745e+01 -2.221879387e+01 2.177441597e+00
      vertex -3.040162086e+01 -1.936754417e+01 4.930282594e-04
      vertex -2.887519836e+01 -1.667110443e+01 2.177375317e+00
    endloop
  endfacet
endsolid
