solid stdin
  facet normal -4.324918985e-01 7.490980625e-01 5.017997026e-01
    outer loop
      vertex -1.790891457e+01 -1.187907600e+01 -5.674394779e-03
      vertex -1.923943710e+01 -1.110789490e+01 -2.303665638e+00
      vertex -9.618417740e+00 -5.553196430e+00 -2.303665161e+00
    endloop
  endfacet
  facet normal -5.997827053e-01 5.912376642e-01 -5.391647816e-01
    outer loop
      vertex -1.923185349e+01 -1.111527538e+01 2.303566933e+00
      vertex -1.790891457e+01 -1.187907600e+01 -5.674394779e-03
      vertex -9.621019363e+00 -5.566975117e+00 -2.303643703e+00
    endloop
  endfacet
  facet normal -2.202165872e-01 -1.239583716e-01 -9.675427079e-01
    outer loop
      vertex -1.924203873e+01 -1.109712029e+01 2.303559065e+00
      vertex -1.923185349e+01 -1.111527538e+01 2.303566933e+00
      vertex -1.093978691e+01 -7.871941090e+00 5.216037971e-04
    endloop
  endfacet
  facet normal 4.331350029e-01 -7.518739104e-01 -4.970709682e-01
    outer loop
      vertex -1.924203873e+01 -9.570039749e+00 -6.318270229e-03
      vertex -1.924203873e+01 -1.109712029e+01 2.303559065e+00
      vertex -9.631424904e+00 -5.560705662e+00 2.303574324e+00
    endloop
  endfacet
  facet normal 4.292542636e-01 -7.503197193e-01 5.027536750e-01
    outer loop
      vertex -1.923943710e+01 -1.110789490e+01 -2.303665638e+00
      vertex -1.924203873e+01 -9.570039749e+00 -6.318270229e-03
      vertex -1.225885963e+01 -5.571104050e+00 -5.065749865e-04
    endloop
  endfacet
  facet normal -4.324921966e-01 7.490983605e-01 5.017989278e-01
    outer loop
      vertex -2.752993393e+01 -1.743377304e+01 -5.674394779e-03
      vertex -2.886045647e+01 -1.666259384e+01 -2.303665876e+00
      vertex -1.923943710e+01 -1.110789490e+01 -2.303665638e+00
    endloop
  endfacet
  facet normal -5.997823477e-01 5.912380815e-01 -5.391647816e-01
    outer loop
      vertex -2.885287285e+01 -1.666997528e+01 2.303566933e+00
      vertex -2.752993393e+01 -1.743377304e+01 -5.674394779e-03
      vertex -1.924203873e+01 -1.112167358e+01 -2.303643703e+00
    endloop
  endfacet
  facet normal -2.202079296e-01 -1.239880472e-01 -9.675409198e-01
    outer loop
      vertex -2.886305809e+01 -1.665181923e+01 2.303559065e+00
      vertex -2.885287285e+01 -1.666997528e+01 2.303566933e+00
      vertex -2.056080627e+01 -1.342663860e+01 5.215984420e-04
    endloop
  endfacet
  facet normal 4.331350029e-01 -7.518741488e-01 -4.970708489e-01
    outer loop
      vertex -2.886305809e+01 -1.512473774e+01 -6.318270229e-03
      vertex -2.886305809e+01 -1.665181923e+01 2.303559065e+00
      vertex -1.925244522e+01 -1.111540413e+01 2.303574324e+00
    endloop
  endfacet
  facet normal 4.292539954e-01 -7.503197789e-01 5.027536750e-01
    outer loop
      vertex -2.886045647e+01 -1.666259384e+01 -2.303665876e+00
      vertex -2.886305809e+01 -1.512473774e+01 -6.318270229e-03
      vertex -2.187987900e+01 -1.112580204e+01 -5.065781879e-04
    endloop
  endfacet
  facet normal 8.660261035e-01 4.999989271e-01 1.242146936e-06
    outer loop
      vertex -3.781751251e+01 -2.337331581e+01 -2.013909892e-07
      vertex -3.848407745e+01 -2.221879387e+01 2.303644657e+00
      vertex -3.915064240e+01 -2.106427002e+01 0.000000000e+00
    endloop
  endfacet
  facet normal 0.000000000e+00 9.999999404e-01 0.000000000e+00
    outer loop
      vertex -1.790891075e+01 -2.221879387e+01 -2.013909892e-07
      vertex -1.924203873e+01 -2.221879387e+01 2.303644657e+00
      vertex -2.057516479e+01 -2.221879387e+01 0.000000000e+00
    endloop
  endfacet
  facet normal 8.660249114e-01 -5.000009537e-01 3.105364499e-07
    outer loop
      vertex -3.915064621e+01 -1.226391983e+01 -2.013909892e-07
      vertex -3.848408127e+01 -1.110939693e+01 2.303644657e+00
      vertex -3.781751633e+01 -9.954874992e+00 0.000000000e+00
    endloop
  endfacet
  facet normal 0.000000000e+00 9.999999404e-01 0.000000000e+00
    outer loop
      vertex -2.752993011e+01 -2.777349091e+01 -2.013909892e-07
      vertex -2.886305809e+01 -2.777349091e+01 2.303644657e+00
      vertex -3.019618416e+01 -2.777349091e+01 0.000000000e+00
    endloop
  endfacet
  facet normal -8.677349687e-01 -2.730425331e-04 -4.970271289e-01
    outer loop
      vertex -9.610836029e+00 -5.560577869e+00 2.303566933e+00
      vertex -8.515748024e+00 -1.475169086e+01 3.967527747e-01
      vertex -8.287892342e+00 -1.435595322e+01 -1.266855281e-03
    endloop
  endfacet
  facet normal 8.654819131e-01 0.000000000e+00 -5.009400845e-01
    outer loop
      vertex -1.333127499e+00 -2.144911194e+01 3.794830118e-04
      vertex -4.717972857e-08 -2.221859360e+01 2.303644657e+00
      vertex -4.717972857e-08 -1.110919666e+01 2.303644657e+00
    endloop
  endfacet
  facet normal 8.658571243e-01 1.342960168e-03 5.002894998e-01
    outer loop
      vertex -6.773266359e-04 -2.221840286e+01 -2.303644180e+00
      vertex -1.333127499e+00 -2.144911194e+01 3.794830118e-04
      vertex -1.345357776e+00 -1.341133690e+01 -2.977704389e-05
    endloop
  endfacet
  facet normal -8.654465079e-01 0.000000000e+00 5.010013580e-01
    outer loop
      vertex 1.333127499e+00 -2.144911194e+01 4.151671601e-04
      vertex -6.773266359e-04 -2.221840286e+01 -2.303644180e+00
      vertex -6.773266359e-04 -1.110900593e+01 -2.303644180e+00
    endloop
  endfacet
  facet normal -8.650938272e-01 -2.634612145e-03 -5.016031861e-01
    outer loop
      vertex -4.717972857e-08 -2.221859360e+01 2.303644657e+00
      vertex 1.333127499e+00 -2.144911194e+01 4.151671601e-04
      vertex 1.308851480e+00 -1.340442562e+01 2.945134111e-05
    endloop
  endfacet
  facet normal 8.654818535e-01 0.000000000e+00 -5.009401441e-01
    outer loop
      vertex -1.333127737e+00 -3.255850983e+01 3.794830118e-04
      vertex -4.717972857e-08 -3.332799149e+01 2.303644657e+00
      vertex -4.717972857e-08 -2.221859360e+01 2.303644657e+00
    endloop
  endfacet
  facet normal 8.658572435e-01 1.342948992e-03 5.002893806e-01
    outer loop
      vertex -6.773266941e-04 -3.332780075e+01 -2.303644180e+00
      vertex -1.333127737e+00 -3.255850983e+01 3.794830118e-04
      vertex -1.345358014e+00 -2.452073288e+01 -2.977718032e-05
    endloop
  endfacet
  facet normal -8.654465079e-01 0.000000000e+00 5.010014176e-01
    outer loop
      vertex 1.333127737e+00 -3.255850983e+01 4.151671601e-04
      vertex -6.773266941e-04 -3.332780075e+01 -2.303644180e+00
      vertex -6.773266359e-04 -2.221840286e+01 -2.303644180e+00
    endloop
  endfacet
  facet normal -8.650935888e-01 -2.634633565e-03 -5.016035438e-01
    outer loop
      vertex -4.717972857e-08 -3.332799149e+01 2.303644657e+00
      vertex 1.333127737e+00 -3.255850983e+01 4.151671601e-04
      vertex 1.308851480e+00 -2.451382256e+01 2.945147389e-05
    endloop
  endfacet
  facet normal 0.000000000e+00 9.999999404e-01 -1.242146482e-06
    outer loop
      vertex -1.165457064e-07 -4.443758774e+01 -2.303644657e+00
      vertex 1.333127618e+00 -4.443758774e+01 -1.006954946e-07
      vertex 0.000000000e+00 -4.443758774e+01 2.303644657e+00
    endloop
  endfacet
  facet normal 8.655178547e-01 0.000000000e+00 -5.008782148e-01
    outer loop
      vertex -1.333127618e+00 -4.443758774e+01 0.000000000e+00
      vertex 0.000000000e+00 -4.443758774e+01 2.303644657e+00
      vertex -4.717972857e-08 -3.332799149e+01 2.303644657e+00
    endloop
  endfacet
  facet normal 8.655171394e-01 1.203582622e-03 5.008780360e-01
    outer loop
      vertex -1.165457064e-07 -4.443758774e+01 -2.303644657e+00
      vertex -1.333127618e+00 -4.443758774e+01 0.000000000e+00
      vertex -1.345358014e+00 -3.563013077e+01 -2.977718032e-05
    endloop
  endfacet
  facet normal -8.655176759e-01 -5.278018943e-05 5.008783937e-01
    outer loop
      vertex 1.333127618e+00 -4.443758774e+01 -1.006954946e-07
      vertex -1.165457064e-07 -4.443758774e+01 -2.303644657e+00
      vertex -6.773266941e-04 -3.332780075e+01 -2.303644180e+00
    endloop
  endfacet
  facet normal -8.655153513e-01 -2.382066799e-03 -5.008768439e-01
    outer loop
      vertex 0.000000000e+00 -4.443758774e+01 2.303644657e+00
      vertex 1.333127618e+00 -4.443758774e+01 -1.006954946e-07
      vertex 1.308851719e+00 -3.562322235e+01 2.945113920e-05
    endloop
  endfacet
  facet normal -4.350094795e-01 7.510399818e-01 4.966947138e-01
    outer loop
      vertex -6.773266359e-04 -1.110900593e+01 -2.303644180e+00
      vertex -1.345357776e+00 -1.341133690e+01 -2.977704389e-05
      vertex -8.954456329e+00 -1.781861877e+01 -1.006954946e-07
    endloop
  endfacet
  facet normal 4.327413738e-01 7.495332956e-01 -5.009338856e-01
    outer loop
      vertex -4.717972857e-08 -1.110919666e+01 2.303644657e+00
      vertex 1.308851480e+00 -1.340442562e+01 2.945134111e-05
      vertex 8.954456329e+00 -1.781861877e+01 0.000000000e+00
    endloop
  endfacet
  facet normal 8.660253286e-01 5.000002384e-01 0.000000000e+00
    outer loop
      vertex -9.621020317e+00 -2.777349091e+01 -2.303644419e+00
      vertex -8.954456329e+00 -2.892801285e+01 -1.006954946e-07
      vertex -9.621020317e+00 -2.777349091e+01 2.303644419e+00
    endloop
  endfacet
  facet normal -4.338057935e-01 7.489553690e-01 -5.008775592e-01
    outer loop
      vertex -9.621020317e+00 -2.777349091e+01 2.303644419e+00
      vertex -8.954456329e+00 -2.892801285e+01 -1.006954946e-07
      vertex -1.345358014e+00 -2.452073288e+01 -2.977718032e-05
    endloop
  endfacet
  facet normal 4.327706397e-01 -7.495537400e-01 -5.008779764e-01
    outer loop
      vertex -1.028758335e+01 -2.661896896e+01 0.000000000e+00
      vertex -9.621020317e+00 -2.777349091e+01 2.303644419e+00
      vertex -4.717972857e-08 -2.221859360e+01 2.303644657e+00
    endloop
  endfacet
  facet normal 4.327427447e-01 -7.495692372e-01 5.008789301e-01
    outer loop
      vertex -9.621020317e+00 -2.777349091e+01 -2.303644419e+00
      vertex -1.028758335e+01 -2.661896896e+01 0.000000000e+00
      vertex -1.333127499e+00 -2.144911194e+01 3.794830118e-04
    endloop
  endfacet
  facet normal -4.328044057e-01 7.495340705e-01 5.008783340e-01
    outer loop
      vertex -8.954456329e+00 -2.892801285e+01 -1.006954946e-07
      vertex -9.621020317e+00 -2.777349091e+01 -2.303644419e+00
      vertex -6.773266359e-04 -2.221840286e+01 -2.303644180e+00
    endloop
  endfacet
  facet normal -8.660258055e-01 4.999992549e-01 0.000000000e+00
    outer loop
      vertex 9.621020317e+00 -2.777349091e+01 -2.303644419e+00
      vertex 1.028758335e+01 -2.661896896e+01 -1.006954946e-07
      vertex 9.621020317e+00 -2.777349091e+01 2.303644419e+00
    endloop
  endfacet
  facet normal -4.327587783e-01 -7.495604157e-01 5.008781552e-01
    outer loop
      vertex 1.028758335e+01 -2.661896896e+01 -1.006954946e-07
      vertex 9.621020317e+00 -2.777349091e+01 -2.303644419e+00
      vertex -6.773266359e-04 -2.221840286e+01 -2.303644180e+00
    endloop
  endfacet
  facet normal -4.327761233e-01 -7.495499849e-01 -5.008789301e-01
    outer loop
      vertex 9.621020317e+00 -2.777349091e+01 2.303644419e+00
      vertex 1.028758335e+01 -2.661896896e+01 -1.006954946e-07
      vertex 1.333127499e+00 -2.144911194e+01 4.151671601e-04
    endloop
  endfacet
  facet normal 4.327706099e-01 7.495537996e-01 -5.008779764e-01
    outer loop
      vertex 8.954456329e+00 -2.892801285e+01 0.000000000e+00
      vertex 9.621020317e+00 -2.777349091e+01 2.303644419e+00
      vertex -4.717972857e-08 -2.221859360e+01 2.303644657e+00
    endloop
  endfacet
  facet normal 4.327602983e-01 7.495597601e-01 5.008779168e-01
    outer loop
      vertex 9.621020317e+00 -2.777349091e+01 -2.303644419e+00
      vertex 8.954456329e+00 -2.892801285e+01 0.000000000e+00
      vertex 1.308851480e+00 -2.451382256e+01 2.945147389e-05
    endloop
  endfacet
  facet normal 8.660247326e-01 5.000010729e-01 0.000000000e+00
    outer loop
      vertex -9.621020317e+00 -3.888288879e+01 -2.303644657e+00
      vertex -8.954455376e+00 -4.003741074e+01 -1.006954946e-07
      vertex -9.621020317e+00 -3.888288879e+01 2.303644657e+00
    endloop
  endfacet
  facet normal -4.338053167e-01 7.489542961e-01 -5.008795261e-01
    outer loop
      vertex -9.621020317e+00 -3.888288879e+01 2.303644657e+00
      vertex -8.954455376e+00 -4.003741074e+01 -1.006954946e-07
      vertex -1.345358014e+00 -3.563013077e+01 -2.977718032e-05
    endloop
  endfacet
  facet normal 4.327711165e-01 -7.495545745e-01 -5.008764863e-01
    outer loop
      vertex -1.028758430e+01 -3.772836685e+01 0.000000000e+00
      vertex -9.621020317e+00 -3.888288879e+01 2.303644657e+00
      vertex -4.717972857e-08 -3.332799149e+01 2.303644657e+00
    endloop
  endfacet
  facet normal 4.327431917e-01 -7.495700121e-01 5.008772016e-01
    outer loop
      vertex -9.621020317e+00 -3.888288879e+01 -2.303644657e+00
      vertex -1.028758430e+01 -3.772836685e+01 0.000000000e+00
      vertex -1.333127737e+00 -3.255850983e+01 3.794830118e-04
    endloop
  endfacet
  facet normal -4.328047037e-01 7.495343685e-01 5.008774996e-01
    outer loop
      vertex -8.954455376e+00 -4.003741074e+01 -1.006954946e-07
      vertex -9.621020317e+00 -3.888288879e+01 -2.303644657e+00
      vertex -6.773266941e-04 -3.332780075e+01 -2.303644180e+00
    endloop
  endfacet
  facet normal -8.660258651e-01 4.999992549e-01 0.000000000e+00
    outer loop
      vertex 9.621020317e+00 -3.888288879e+01 -2.303644657e+00
      vertex 1.028758430e+01 -3.772836685e+01 -1.006954946e-07
      vertex 9.621020317e+00 -3.888288879e+01 2.303644657e+00
    endloop
  endfacet
  facet normal -4.327588081e-01 -7.495604157e-01 5.008781552e-01
    outer loop
      vertex 1.028758430e+01 -3.772836685e+01 -1.006954946e-07
      vertex 9.621020317e+00 -3.888288879e+01 -2.303644657e+00
      vertex -6.773266941e-04 -3.332780075e+01 -2.303644180e+00
    endloop
  endfacet
  facet normal -4.327765703e-01 -7.495507598e-01 -5.008772016e-01
    outer loop
      vertex 9.621020317e+00 -3.888288879e+01 2.303644657e+00
      vertex 1.028758430e+01 -3.772836685e+01 -1.006954946e-07
      vertex 1.333127737e+00 -3.255850983e+01 4.151671601e-04
    endloop
  endfacet
  facet normal 4.327701628e-01 7.495529652e-01 -5.008795261e-01
    outer loop
      vertex 8.954455376e+00 -4.003741074e+01 0.000000000e+00
      vertex 9.621020317e+00 -3.888288879e+01 2.303644657e+00
      vertex -4.717972857e-08 -3.332799149e+01 2.303644657e+00
    endloop
  endfacet
  facet normal 4.327597022e-01 7.495588064e-01 5.008800030e-01
    outer loop
      vertex 9.621020317e+00 -3.888288879e+01 -2.303644657e+00
      vertex 8.954455376e+00 -4.003741074e+01 0.000000000e+00
      vertex 1.308851719e+00 -3.562322235e+01 2.945113920e-05
    endloop
  endfacet
  facet normal -4.337588549e-01 7.512653470e-01 -4.974471927e-01
    outer loop
      vertex -1.345357776e+00 -1.341133690e+01 -2.977704389e-05
      vertex -4.717972857e-08 -1.110919666e+01 2.303644657e+00
      vertex -9.621019363e+00 -1.666409492e+01 2.303644657e+00
    endloop
  endfacet
  facet normal 4.328730106e-01 -7.508917451e-01 -4.987809956e-01
    outer loop
      vertex -4.717972857e-08 -1.110919666e+01 2.303644657e+00
      vertex -8.287892342e+00 -1.435595322e+01 -1.266855281e-03
      vertex -8.515748024e+00 -1.475169086e+01 3.967527747e-01
    endloop
  endfacet
  facet normal 4.327704310e-01 -7.495534420e-01 -5.008786321e-01
    outer loop
      vertex -4.717972857e-08 -1.110919666e+01 2.303644657e+00
      vertex -8.515748024e+00 -1.475169086e+01 3.967527747e-01
      vertex -9.621019363e+00 -1.666409492e+01 2.303644657e+00
    endloop
  endfacet
  facet normal 4.328735173e-01 -7.496535778e-01 5.006394386e-01
    outer loop
      vertex -1.333127499e+00 -1.033971500e+01 3.794830118e-04
      vertex -6.773266359e-04 -1.110900593e+01 -2.303644180e+00
      vertex -9.621019363e+00 -1.666409492e+01 -2.303644657e+00
    endloop
  endfacet
  facet normal -4.327630401e-01 -7.495676875e-01 5.008637309e-01
    outer loop
      vertex 8.287891388e+00 -1.435505295e+01 8.871089813e-05
      vertex 9.621019363e+00 -1.666409492e+01 -2.303644657e+00
      vertex -6.773266359e-04 -1.110900593e+01 -2.303644180e+00
    endloop
  endfacet
  facet normal -4.327639639e-01 -7.495421171e-01 -5.009011030e-01
    outer loop
      vertex 1.333127499e+00 -1.033971500e+01 4.151671601e-04
      vertex -4.717972857e-08 -1.110919666e+01 2.303644657e+00
      vertex 9.621019363e+00 -1.666409492e+01 2.303644657e+00
    endloop
  endfacet
  facet normal 4.327602684e-01 7.495627999e-01 5.008733869e-01
    outer loop
      vertex 1.308851480e+00 -1.340442562e+01 2.945134111e-05
      vertex -6.773266359e-04 -1.110900593e+01 -2.303644180e+00
      vertex 9.621019363e+00 -1.666409492e+01 -2.303644657e+00
    endloop
  endfacet
  facet normal 4.327398837e-01 7.495278120e-01 -5.009432435e-01
    outer loop
      vertex 1.790891075e+01 -1.187907791e+01 3.972405684e-04
      vertex 1.924185371e+01 -1.110928917e+01 2.303644657e+00
      vertex 9.620833397e+00 -5.554590702e+00 2.303644896e+00
    endloop
  endfacet
  facet normal 4.311073422e-01 7.510538697e-01 5.000643730e-01
    outer loop
      vertex 1.924131775e+01 -1.110981369e+01 -2.303644180e+00
      vertex 1.790891075e+01 -1.187907791e+01 3.972405684e-04
      vertex 1.093408966e+01 -7.875207901e+00 -5.257337762e-05
    endloop
  endfacet
  facet normal -4.327218831e-01 -7.494962215e-01 5.010061860e-01
    outer loop
      vertex 1.924203873e+01 -9.570034027e+00 4.608294112e-04
      vertex 1.924131775e+01 -1.110981369e+01 -2.303644180e+00
      vertex 9.620296478e+00 -5.555115223e+00 -2.303644180e+00
    endloop
  endfacet
  facet normal -4.287358522e-01 -7.511109114e-01 -5.020139217e-01
    outer loop
      vertex 1.924185371e+01 -1.110928917e+01 2.303644657e+00
      vertex 1.924203873e+01 -9.570034027e+00 4.608294112e-04
      vertex 1.224785042e+01 -5.577459812e+00 5.052092820e-05
    endloop
  endfacet
  facet normal 4.327401519e-01 7.495279908e-01 -5.009428263e-01
    outer loop
      vertex 2.752993011e+01 -1.743377686e+01 3.972405684e-04
      vertex 2.886287308e+01 -1.666398811e+01 2.303644896e+00
      vertex 1.924185371e+01 -1.110928917e+01 2.303644657e+00
    endloop
  endfacet
  facet normal 4.311073124e-01 7.510538697e-01 5.000646114e-01
    outer loop
      vertex 2.886233521e+01 -1.666451263e+01 -2.303644180e+00
      vertex 2.752993011e+01 -1.743377686e+01 3.972405684e-04
      vertex 2.055510902e+01 -1.342990589e+01 -5.257324301e-05
    endloop
  endfacet
  facet normal -4.327218533e-01 -7.494958639e-01 5.010066628e-01
    outer loop
      vertex 2.886305809e+01 -1.512473202e+01 4.608294112e-04
      vertex 2.886233521e+01 -1.666451263e+01 -2.303644180e+00
      vertex 1.924131775e+01 -1.110981369e+01 -2.303644180e+00
    endloop
  endfacet
  facet normal -4.287358224e-01 -7.511107326e-01 -5.020142198e-01
    outer loop
      vertex 2.886287308e+01 -1.666398811e+01 2.303644896e+00
      vertex 2.886305809e+01 -1.512473202e+01 4.608294112e-04
      vertex 2.186886978e+01 -1.113215828e+01 5.052106644e-05
    endloop
  endfacet
  facet normal -8.660249114e-01 5.000007153e-01 1.242145231e-06
    outer loop
      vertex 3.915064240e+01 -2.106427002e+01 -2.013909892e-07
      vertex 3.848407745e+01 -2.221879387e+01 2.303644657e+00
      vertex 3.781751251e+01 -2.337331581e+01 0.000000000e+00
    endloop
  endfacet
  facet normal 4.327589273e-01 7.495598793e-01 -5.008789897e-01
    outer loop
      vertex 3.781751251e+01 -2.337331581e+01 0.000000000e+00
      vertex 3.848407745e+01 -2.221879387e+01 2.303644657e+00
      vertex 2.886287308e+01 -1.666398811e+01 2.303644896e+00
    endloop
  endfacet
  facet normal 4.310578108e-01 7.505408525e-01 5.008767843e-01
    outer loop
      vertex 3.848407745e+01 -2.221879387e+01 -2.303644657e+00
      vertex 3.781751251e+01 -2.337331581e+01 0.000000000e+00
      vertex 3.017612839e+01 -1.898460388e+01 -5.257337762e-05
    endloop
  endfacet
  facet normal -4.327097833e-01 -7.495877147e-01 5.008797050e-01
    outer loop
      vertex 3.915064240e+01 -2.106427002e+01 -2.013909892e-07
      vertex 3.848407745e+01 -2.221879387e+01 -2.303644657e+00
      vertex 2.886233521e+01 -1.666451263e+01 -2.303644180e+00
    endloop
  endfacet
  facet normal -4.294085801e-01 -7.514865398e-01 -5.008753538e-01
    outer loop
      vertex 3.848407745e+01 -2.221879387e+01 2.303644657e+00
      vertex 3.915064240e+01 -2.106427002e+01 -2.013909892e-07
      vertex 3.148988914e+01 -1.668685722e+01 5.052086271e-05
    endloop
  endfacet
  facet normal -8.695120215e-01 -1.981629990e-03 4.939077199e-01
    outer loop
      vertex 9.620296478e+00 -5.555115223e+00 -2.303644180e+00
      vertex 1.093408966e+01 -7.875207901e+00 -5.257337762e-05
      vertex 1.095414734e+01 -1.666409492e+01 -2.013909892e-07
    endloop
  endfacet
  facet normal 0.000000000e+00 1.000000000e+00 0.000000000e+00
    outer loop
      vertex 2.057516479e+01 -2.221879387e+01 -2.013909892e-07
      vertex 1.924203873e+01 -2.221879387e+01 2.303644657e+00
      vertex 1.790891075e+01 -2.221879387e+01 0.000000000e+00
    endloop
  endfacet
  facet normal -8.655163050e-01 -1.977876993e-03 -5.008767843e-01
    outer loop
      vertex 1.924203873e+01 -2.221879387e+01 2.303644657e+00
      vertex 2.057516479e+01 -2.221879387e+01 -2.013909892e-07
      vertex 2.055510902e+01 -1.342990589e+01 -5.257324301e-05
    endloop
  endfacet
  facet normal 8.655176759e-01 1.419118053e-05 -5.008782744e-01
    outer loop
      vertex 1.790891075e+01 -2.221879387e+01 0.000000000e+00
      vertex 1.924203873e+01 -2.221879387e+01 2.303644657e+00
      vertex 1.924185371e+01 -1.110928917e+01 2.303644657e+00
    endloop
  endfacet
  facet normal 8.655176759e-01 -1.914816676e-05 5.008783937e-01
    outer loop
      vertex 1.924203873e+01 -2.221879387e+01 -2.303644657e+00
      vertex 1.790891075e+01 -2.221879387e+01 0.000000000e+00
      vertex 1.790891075e+01 -1.187907791e+01 3.972405684e-04
    endloop
  endfacet
  facet normal -8.655179143e-01 -5.614679685e-05 5.008779168e-01
    outer loop
      vertex 2.057516479e+01 -2.221879387e+01 -2.013909892e-07
      vertex 1.924203873e+01 -2.221879387e+01 -2.303644657e+00
      vertex 1.924131775e+01 -1.110981369e+01 -2.303644180e+00
    endloop
  endfacet
  facet normal 4.327445626e-01 -7.495645881e-01 -5.008842349e-01
    outer loop
      vertex 2.882585716e+01 -5.490263462e+00 2.175077438e+00
      vertex 2.630840492e+01 -5.490263462e+00 9.700904047e-05
      vertex 1.924185371e+01 -1.110928917e+01 2.303644657e+00
    endloop
  endfacet
  facet normal 4.327467978e-01 -7.495685220e-01 -5.008764267e-01
    outer loop
      vertex 2.886305809e+01 -5.554697990e+00 2.303644657e+00
      vertex 2.882585716e+01 -5.490263462e+00 2.175077438e+00
      vertex 1.924185371e+01 -1.110928917e+01 2.303644657e+00
    endloop
  endfacet
  facet normal -4.327463210e-01 7.495677471e-01 -5.008780956e-01
    outer loop
      vertex 2.952962303e+01 -6.709219933e+00 0.000000000e+00
      vertex 2.886305809e+01 -5.554697990e+00 2.303644657e+00
      vertex 1.924185371e+01 -1.110928917e+01 2.303644657e+00
    endloop
  endfacet
  facet normal -4.327563047e-01 7.495617867e-01 5.008783937e-01
    outer loop
      vertex 2.886305809e+01 -5.554697990e+00 -2.303644657e+00
      vertex 2.952962303e+01 -6.709219933e+00 0.000000000e+00
      vertex 2.186886978e+01 -1.113215828e+01 5.052106644e-05
    endloop
  endfacet
  facet normal 0.000000000e+00 9.999999404e-01 0.000000000e+00
    outer loop
      vertex 3.019618416e+01 -2.777349091e+01 -2.013909892e-07
      vertex 2.886305809e+01 -2.777349091e+01 2.303644657e+00
      vertex 2.752993011e+01 -2.777349091e+01 0.000000000e+00
    endloop
  endfacet
  facet normal -8.655162454e-01 -1.978558023e-03 -5.008770227e-01
    outer loop
      vertex 2.886305809e+01 -2.777349091e+01 2.303644657e+00
      vertex 3.019618416e+01 -2.777349091e+01 -2.013909892e-07
      vertex 3.017612839e+01 -1.898460388e+01 -5.257337762e-05
    endloop
  endfacet
  facet normal 8.655175567e-01 1.439861626e-05 -5.008785725e-01
    outer loop
      vertex 2.752993011e+01 -2.777349091e+01 0.000000000e+00
      vertex 2.886305809e+01 -2.777349091e+01 2.303644657e+00
      vertex 2.886287308e+01 -1.666398811e+01 2.303644896e+00
    endloop
  endfacet
  facet normal 8.655176759e-01 -1.918214730e-05 5.008784533e-01
    outer loop
      vertex 2.886305809e+01 -2.777349091e+01 -2.303644657e+00
      vertex 2.752993011e+01 -2.777349091e+01 0.000000000e+00
      vertex 2.752993011e+01 -1.743377686e+01 3.972405684e-04
    endloop
  endfacet
  facet normal -8.655179143e-01 -5.686862642e-05 5.008779168e-01
    outer loop
      vertex 3.019618416e+01 -2.777349091e+01 -2.013909892e-07
      vertex 2.886305809e+01 -2.777349091e+01 -2.303644657e+00
      vertex 2.886233521e+01 -1.666451263e+01 -2.303644180e+00
    endloop
  endfacet
  facet normal -8.660259247e-01 -4.999990463e-01 3.105368194e-07
    outer loop
      vertex 3.781751633e+01 -9.954874992e+00 -2.013909892e-07
      vertex 3.848408127e+01 -1.110939693e+01 2.303644657e+00
      vertex 3.915064621e+01 -1.226391983e+01 0.000000000e+00
    endloop
  endfacet
  facet normal 4.327588677e-01 -7.495600581e-01 5.008788109e-01
    outer loop
      vertex 3.781751633e+01 -9.954874992e+00 -2.013909892e-07
      vertex 3.848408127e+01 -1.110939693e+01 -2.303644657e+00
      vertex 2.886233521e+01 -1.666451263e+01 -2.303644180e+00
    endloop
  endfacet
  facet normal 4.327392876e-01 -7.495717406e-01 -5.008782148e-01
    outer loop
      vertex 3.848408127e+01 -1.110939693e+01 2.303644657e+00
      vertex 3.781751633e+01 -9.954874992e+00 -2.013909892e-07
      vertex 2.886305809e+01 -1.512473202e+01 4.608294112e-04
    endloop
  endfacet
  facet normal -4.327460527e-01 7.495670319e-01 -5.008793473e-01
    outer loop
      vertex 3.915064621e+01 -1.226391983e+01 0.000000000e+00
      vertex 3.848408127e+01 -1.110939693e+01 2.303644657e+00
      vertex 2.886287308e+01 -1.666398811e+01 2.303644896e+00
    endloop
  endfacet
  facet normal -4.327561855e-01 7.495616078e-01 5.008786917e-01
    outer loop
      vertex 3.848408127e+01 -1.110939693e+01 -2.303644657e+00
      vertex 3.915064621e+01 -1.226391983e+01 0.000000000e+00
      vertex 3.148988914e+01 -1.668685722e+01 5.052086271e-05
    endloop
  endfacet
  facet normal -8.687594533e-01 -1.439973403e-05 -4.952343106e-01
    outer loop
      vertex 1.093408966e+01 -7.875207901e+00 -5.257337762e-05
      vertex 9.620833397e+00 -5.554590702e+00 2.303644896e+00
      vertex 9.621019363e+00 -1.666409492e+01 2.303644657e+00
    endloop
  endfacet
  facet normal 8.655077815e-01 1.934321153e-05 -5.008955002e-01
    outer loop
      vertex 9.620833397e+00 -5.554590702e+00 2.303644896e+00
      vertex 8.287891388e+00 -6.324379444e+00 3.972405684e-04
      vertex 8.287891388e+00 -1.435505295e+01 8.871089813e-05
    endloop
  endfacet
  facet normal 8.656646609e-01 5.619892181e-05 5.006242990e-01
    outer loop
      vertex 8.287891388e+00 -6.324379444e+00 3.972405684e-04
      vertex 9.620296478e+00 -5.555115223e+00 -2.303644180e+00
      vertex 9.621019363e+00 -1.666409492e+01 -2.303644657e+00
    endloop
  endfacet
  facet normal -4.320442975e-01 -7.499723434e-01 -5.008783340e-01
    outer loop
      vertex -2.886305809e+01 -5.554697990e+00 2.303644657e+00
      vertex -1.924203873e+01 -1.109712029e+01 2.303559065e+00
      vertex -2.673894119e+01 -5.490263462e+00 3.749593496e-01
    endloop
  endfacet
  facet normal -4.342182875e-01 -7.513113022e-01 -4.969766140e-01
    outer loop
      vertex -1.924203873e+01 -1.109712029e+01 2.303559065e+00
      vertex -2.630840874e+01 -5.490263462e+00 -1.332234475e-03
      vertex -2.630993271e+01 -5.490263462e+00 0.000000000e+00
    endloop
  endfacet
  facet normal -4.341995716e-01 -7.514469028e-01 -4.967879355e-01
    outer loop
      vertex -1.924203873e+01 -1.109712029e+01 2.303559065e+00
      vertex -2.630993271e+01 -5.490263462e+00 0.000000000e+00
      vertex -2.673894119e+01 -5.490263462e+00 3.749593496e-01
    endloop
  endfacet
  facet normal -4.324940741e-01 -7.497133017e-01 5.008779764e-01
    outer loop
      vertex -2.882585716e+01 -5.490263462e+00 -2.175077438e+00
      vertex -2.630840874e+01 -5.490263462e+00 -1.332234475e-03
      vertex -1.924203873e+01 -9.570039749e+00 -6.318270229e-03
    endloop
  endfacet
  facet normal 8.660247326e-01 -5.000010133e-01 0.000000000e+00
    outer loop
      vertex -2.882585716e+01 -5.490263462e+00 -2.175077438e+00
      vertex -2.952962303e+01 -6.709219933e+00 -2.013909892e-07
      vertex -2.886305809e+01 -5.554697990e+00 2.303644657e+00
    endloop
  endfacet
  facet normal 8.659801483e-01 -5.000784397e-01 0.000000000e+00
    outer loop
      vertex -2.882585716e+01 -5.490263462e+00 0.000000000e+00
      vertex -2.882585716e+01 -5.490263462e+00 -2.175077438e+00
      vertex -2.886305809e+01 -5.554697990e+00 2.303644657e+00
    endloop
  endfacet
  facet normal 8.660209179e-01 -5.000076890e-01 0.000000000e+00
    outer loop
      vertex -2.882585716e+01 -5.490263462e+00 2.175077438e+00
      vertex -2.882585716e+01 -5.490263462e+00 0.000000000e+00
      vertex -2.886305809e+01 -5.554697990e+00 2.303644657e+00
    endloop
  endfacet
  facet normal -8.660209179e-01 -5.000077486e-01 0.000000000e+00
    outer loop
      vertex 2.886305809e+01 -5.554697990e+00 -2.303644657e+00
      vertex 2.882585716e+01 -5.490263462e+00 0.000000000e+00
      vertex 2.882585716e+01 -5.490263462e+00 2.175077438e+00
    endloop
  endfacet
  facet normal -8.660259247e-01 -4.999992549e-01 -1.940855832e-08
    outer loop
      vertex 2.952962303e+01 -6.709219933e+00 0.000000000e+00
      vertex 2.886305809e+01 -5.554697990e+00 -2.303644657e+00
      vertex 2.882585716e+01 -5.490263462e+00 2.175077438e+00
    endloop
  endfacet
  facet normal -8.660188317e-01 -5.000115037e-01 0.000000000e+00
    outer loop
      vertex 2.886305809e+01 -5.554697990e+00 2.303644657e+00
      vertex 2.952962303e+01 -6.709219933e+00 0.000000000e+00
      vertex 2.882585716e+01 -5.490263462e+00 2.175077438e+00
    endloop
  endfacet
  facet normal 4.327817261e-01 -7.495973706e-01 5.008030534e-01
    outer loop
      vertex 1.924131775e+01 -1.110981369e+01 -2.303644180e+00
      vertex 1.924203873e+01 -9.570034027e+00 4.608294112e-04
      vertex 2.882585716e+01 -5.490263462e+00 -2.175077438e+00
    endloop
  endfacet
  facet normal 4.327580333e-01 -7.495598793e-01 5.008796453e-01
    outer loop
      vertex 2.886305809e+01 -5.554697990e+00 -2.303644657e+00
      vertex 1.924131775e+01 -1.110981369e+01 -2.303644180e+00
      vertex 2.882585716e+01 -5.490263462e+00 -2.175077438e+00
    endloop
  endfacet
  facet normal -3.749731404e-04 -6.467475905e-04 -9.999997616e-01
    outer loop
      vertex -9.610836029e+00 -5.560577869e+00 2.303566933e+00
      vertex -9.621019363e+00 -5.542421818e+00 2.303559065e+00
      vertex -9.711560249e+00 -5.490263462e+00 2.303559780e+00
    endloop
  endfacet
  facet normal 4.323932230e-01 7.493296266e-01 5.015388727e-01
    outer loop
      vertex -9.727479935e+00 -5.490263462e+00 -2.303664923e+00
      vertex -9.618417740e+00 -5.553196430e+00 -2.303665161e+00
      vertex -1.225885963e+01 -5.571104050e+00 -5.065749865e-04
    endloop
  endfacet
  facet normal 4.336124659e-01 7.510821223e-01 -4.978513122e-01
    outer loop
      vertex -9.795727730e+00 -5.490263462e+00 2.266746998e+00
      vertex -1.239887905e+01 -5.490263462e+00 -4.973064642e-04
      vertex -1.225885963e+01 -5.571104050e+00 -5.065749865e-04
    endloop
  endfacet
  facet normal -3.665986878e-04 -6.017194828e-04 -9.999997020e-01
    outer loop
      vertex -9.631424904e+00 -5.560705662e+00 2.303574324e+00
      vertex -9.610836029e+00 -5.560577869e+00 2.303566933e+00
      vertex -9.732624054e+00 -5.490263462e+00 2.303567886e+00
    endloop
  endfacet
  facet normal -4.324926138e-01 7.490974665e-01 5.017998815e-01
    outer loop
      vertex -7.194815636e+00 -5.490263462e+00 -3.087507188e-01
      vertex -8.287895203e+00 -6.324377537e+00 -5.674394779e-03
      vertex -9.618417740e+00 -5.553196430e+00 -2.303665161e+00
    endloop
  endfacet
  facet normal 2.058862883e-04 -3.267338907e-04 -9.999999404e-01
    outer loop
      vertex -9.610836029e+00 -5.560577869e+00 2.303566933e+00
      vertex -9.489305496e+00 -5.490263462e+00 2.303567886e+00
      vertex -9.530478477e+00 -5.490263462e+00 2.303559780e+00
    endloop
  endfacet
  facet normal -4.336316884e-01 7.516172528e-01 -4.970262945e-01
    outer loop
      vertex -6.848621368e+00 -5.490263462e+00 0.000000000e+00
      vertex -9.446823120e+00 -5.490263462e+00 2.266805410e+00
      vertex -8.287895203e+00 -6.324377537e+00 -5.674394779e-03
    endloop
  endfacet
  facet normal -4.336493611e-01 7.516488433e-01 -4.969631732e-01
    outer loop
      vertex -6.848621368e+00 -5.490263462e+00 0.000000000e+00
      vertex -8.287895203e+00 -6.324377537e+00 -5.674394779e-03
      vertex -6.843166828e+00 -5.490263462e+00 -4.758909810e-03
    endloop
  endfacet
  facet normal 8.654549718e-01 -1.869456464e-04 -5.009868145e-01
    outer loop
      vertex -1.332655430e+00 -5.490263462e+00 -6.146292435e-04
      vertex -1.333127499e+00 -1.033971500e+01 3.794830118e-04
      vertex -4.717972857e-08 -1.110919666e+01 2.303644657e+00
    endloop
  endfacet
  facet normal 8.656664491e-01 1.834635441e-05 5.006212592e-01
    outer loop
      vertex -6.773266359e-04 -1.110900593e+01 -2.303644180e+00
      vertex -1.333127499e+00 -1.033971500e+01 3.794830118e-04
      vertex -1.332655430e+00 -5.490263462e+00 -6.146292435e-04
    endloop
  endfacet
  facet normal -8.654541373e-01 5.280474943e-05 5.009882450e-01
    outer loop
      vertex 1.333127499e+00 -1.033971500e+01 4.151671601e-04
      vertex -6.773266359e-04 -1.110900593e+01 -2.303644180e+00
      vertex -3.347858728e-04 -5.490263462e+00 -2.303644419e+00
    endloop
  endfacet
  facet normal -8.655214310e-01 -4.697569966e-05 -5.008719563e-01
    outer loop
      vertex 1.333127499e+00 -1.033971500e+01 4.151671601e-04
      vertex 1.333052278e+00 -5.490263462e+00 9.035029507e-05
      vertex -4.295509370e-08 -5.490263462e+00 2.303644657e+00
    endloop
  endfacet
  facet normal 4.327372611e-01 7.495310307e-01 -5.009409785e-01
    outer loop
      vertex 8.287891388e+00 -6.324379444e+00 3.972405684e-04
      vertex 9.620833397e+00 -5.554590702e+00 2.303644896e+00
      vertex 9.509415627e+00 -5.490263462e+00 2.303644896e+00
    endloop
  endfacet
  facet normal -4.327456057e-01 7.495245934e-01 -5.009433031e-01
    outer loop
      vertex 9.620833397e+00 -5.554590702e+00 2.303644896e+00
      vertex 1.224785042e+01 -5.577459812e+00 5.052092820e-05
      vertex 1.239887810e+01 -5.490263462e+00 4.952493327e-05
    endloop
  endfacet
  facet normal -4.327602684e-01 7.495630980e-01 5.008729696e-01
    outer loop
      vertex 1.224785042e+01 -5.577459812e+00 5.052092820e-05
      vertex 9.620296478e+00 -5.555115223e+00 -2.303644180e+00
      vertex 9.732623100e+00 -5.490263462e+00 -2.303644180e+00
    endloop
  endfacet
  facet normal 4.328736067e-01 7.496340871e-01 5.006687045e-01
    outer loop
      vertex 6.843161106e+00 -5.490263462e+00 3.339643008e-04
      vertex 9.507987022e+00 -5.490263462e+00 -2.303644180e+00
      vertex 9.620296478e+00 -5.555115223e+00 -2.303644180e+00
    endloop
  endfacet
  facet normal -8.660261035e-01 -4.999989271e-01 1.242146936e-06
    outer loop
      vertex 3.781751251e+01 2.337331581e+01 -2.013909892e-07
      vertex 3.848407745e+01 2.221879387e+01 2.303644657e+00
      vertex 3.915064240e+01 2.106427002e+01 0.000000000e+00
    endloop
  endfacet
  facet normal -4.327558875e-01 7.495610714e-01 -5.008798242e-01
    outer loop
      vertex 3.915064240e+01 2.106427002e+01 0.000000000e+00
      vertex 3.848407745e+01 2.221879387e+01 2.303644657e+00
      vertex 2.887336540e+01 1.667004585e+01 2.303575516e+00
    endloop
  endfacet
  facet normal -4.339607060e-01 7.488649487e-01 5.008786917e-01
    outer loop
      vertex 3.848407745e+01 2.221879387e+01 -2.303644657e+00
      vertex 3.915064240e+01 2.106427002e+01 0.000000000e+00
      vertex 3.152923203e+01 1.664738083e+01 5.200547748e-04
    endloop
  endfacet
  facet normal 4.327573180e-01 -7.495605946e-01 5.008790493e-01
    outer loop
      vertex 3.781751251e+01 2.337331581e+01 -2.013909892e-07
      vertex 3.848407745e+01 2.221879387e+01 -2.303644657e+00
      vertex 2.886048126e+01 1.666260719e+01 -2.303678989e+00
    endloop
  endfacet
  facet normal 4.352234602e-01 -7.481336594e-01 -5.008758307e-01
    outer loop
      vertex 3.848407745e+01 2.221879387e+01 2.303644657e+00
      vertex 3.781751251e+01 2.337331581e+01 -2.013909892e-07
      vertex 3.019618416e+01 1.893997765e+01 -5.054797512e-04
    endloop
  endfacet
  facet normal 0.000000000e+00 -9.999999404e-01 0.000000000e+00
    outer loop
      vertex 1.790891075e+01 2.221879387e+01 -2.013909892e-07
      vertex 1.924203873e+01 2.221879387e+01 2.303644657e+00
      vertex 2.057516479e+01 2.221879387e+01 0.000000000e+00
    endloop
  endfacet
  facet normal -8.660249114e-01 5.000009537e-01 3.105364499e-07
    outer loop
      vertex 3.915064621e+01 1.226391983e+01 -2.013909892e-07
      vertex 3.848408127e+01 1.110939693e+01 2.303644657e+00
      vertex 3.781751633e+01 9.954874992e+00 0.000000000e+00
    endloop
  endfacet
  facet normal 0.000000000e+00 -9.999999404e-01 0.000000000e+00
    outer loop
      vertex 2.752993011e+01 2.777349091e+01 -2.013909892e-07
      vertex 2.886305809e+01 2.777349091e+01 2.303644657e+00
      vertex 3.019618416e+01 2.777349091e+01 0.000000000e+00
    endloop
  endfacet
  facet normal 8.678509593e-01 3.012382658e-04 -4.968244433e-01
    outer loop
      vertex 9.610486031e+00 5.560780048e+00 2.303572655e+00
      vertex 8.515695572e+00 1.475166416e+01 3.967663944e-01
      vertex 8.287893295e+00 1.435605431e+01 -1.398030086e-03
    endloop
  endfacet
  facet normal -4.331908524e-01 -7.503085136e-01 -4.993824959e-01
    outer loop
      vertex -1.790891075e+01 1.187907791e+01 -2.348202281e-03
      vertex -1.923807907e+01 1.111168289e+01 2.303632736e+00
      vertex -9.617059708e+00 5.556984425e+00 2.303632736e+00
    endloop
  endfacet
  facet normal -4.350090623e-01 -7.475027442e-01 5.020028353e-01
    outer loop
      vertex -1.924106789e+01 1.110883617e+01 -2.303649187e+00
      vertex -1.790891075e+01 1.187907791e+01 -2.348202281e-03
      vertex -1.095414734e+01 7.833212852e+00 -1.760225714e-04
    endloop
  endfacet
  facet normal 4.326589704e-01 7.493873239e-01 5.012232661e-01
    outer loop
      vertex -1.924203873e+01 9.570034027e+00 -2.124161227e-03
      vertex -1.924106789e+01 1.110883617e+01 -2.303649187e+00
      vertex -9.620049477e+00 5.554137707e+00 -2.303649664e+00
    endloop
  endfacet
  facet normal 4.340159893e-01 7.485815287e-01 -5.012542605e-01
    outer loop
      vertex -1.923807907e+01 1.111168289e+01 2.303632736e+00
      vertex -1.924203873e+01 9.570034027e+00 -2.124161227e-03
      vertex -1.228722572e+01 5.539286613e+00 1.813092094e-04
    endloop
  endfacet
  facet normal -4.331907332e-01 -7.503083944e-01 -4.993828237e-01
    outer loop
      vertex -2.752993011e+01 1.743377686e+01 -2.348202281e-03
      vertex -2.885909843e+01 1.666638184e+01 2.303632736e+00
      vertex -1.923807907e+01 1.111168289e+01 2.303632736e+00
    endloop
  endfacet
  facet normal -4.350092709e-01 -7.475032210e-01 5.020018220e-01
    outer loop
      vertex -2.886208725e+01 1.666353607e+01 -2.303649426e+00
      vertex -2.752993011e+01 1.743377686e+01 -2.348202281e-03
      vertex -2.057516479e+01 1.338791084e+01 -1.760217565e-04
    endloop
  endfacet
  facet normal 4.326589704e-01 7.493868470e-01 5.012240410e-01
    outer loop
      vertex -2.886305809e+01 1.512473297e+01 -2.124161227e-03
      vertex -2.886208725e+01 1.666353607e+01 -2.303649426e+00
      vertex -1.924106789e+01 1.110883617e+01 -2.303649187e+00
    endloop
  endfacet
  facet normal 4.340161085e-01 7.485817671e-01 -5.012536645e-01
    outer loop
      vertex -2.885909843e+01 1.666638184e+01 2.303632736e+00
      vertex -2.886305809e+01 1.512473297e+01 -2.124161227e-03
      vertex -2.190824699e+01 1.109398556e+01 1.813081180e-04
    endloop
  endfacet
  facet normal 8.660249114e-01 -5.000007153e-01 1.242145231e-06
    outer loop
      vertex -3.915064240e+01 2.106427002e+01 -2.013909892e-07
      vertex -3.848407745e+01 2.221879387e+01 2.303644657e+00
      vertex -3.781751251e+01 2.337331581e+01 0.000000000e+00
    endloop
  endfacet
  facet normal 4.327584207e-01 7.495595813e-01 5.008797646e-01
    outer loop
      vertex -3.915064240e+01 2.106427002e+01 -2.013909892e-07
      vertex -3.848407745e+01 2.221879387e+01 -2.303644657e+00
      vertex -2.886208725e+01 1.666353607e+01 -2.303649426e+00
    endloop
  endfacet
  facet normal 4.339010715e-01 7.488995194e-01 -5.008786917e-01
    outer loop
      vertex -3.848407745e+01 2.221879387e+01 2.303644657e+00
      vertex -3.915064240e+01 2.106427002e+01 -2.013909892e-07
      vertex -3.152926636e+01 1.664868355e+01 1.813081180e-04
    endloop
  endfacet
  facet normal -4.324925840e-01 -7.497143149e-01 -5.008777380e-01
    outer loop
      vertex -3.781751251e+01 2.337331581e+01 0.000000000e+00
      vertex -3.848407745e+01 2.221879387e+01 2.303644657e+00
      vertex -2.885909843e+01 1.666638184e+01 2.303632736e+00
    endloop
  endfacet
  facet normal -4.349969625e-01 -7.482645512e-01 5.008770823e-01
    outer loop
      vertex -3.848407745e+01 2.221879387e+01 -2.303644657e+00
      vertex -3.781751251e+01 2.337331581e+01 0.000000000e+00
      vertex -3.019618416e+01 1.894260979e+01 -1.760225714e-04
    endloop
  endfacet
  facet normal 8.653392196e-01 -1.018534203e-05 5.011865497e-01
    outer loop
      vertex -9.620049477e+00 5.554137707e+00 -2.303649664e+00
      vertex -1.095414734e+01 7.833212852e+00 -1.760225714e-04
      vertex -1.095414734e+01 1.666409492e+01 -2.013909892e-07
    endloop
  endfacet
  facet normal 0.000000000e+00 -1.000000000e+00 0.000000000e+00
    outer loop
      vertex -2.057516479e+01 2.221879387e+01 -2.013909892e-07
      vertex -1.924203873e+01 2.221879387e+01 2.303644657e+00
      vertex -1.790891075e+01 2.221879387e+01 0.000000000e+00
    endloop
  endfacet
  facet normal 8.655180335e-01 1.016468377e-05 -5.008776784e-01
    outer loop
      vertex -1.924203873e+01 2.221879387e+01 2.303644657e+00
      vertex -2.057516479e+01 2.221879387e+01 -2.013909892e-07
      vertex -2.057516479e+01 1.338791084e+01 -1.760217565e-04
    endloop
  endfacet
  facet normal -8.655175567e-01 -3.078535665e-04 -5.008783340e-01
    outer loop
      vertex -1.790891075e+01 2.221879387e+01 0.000000000e+00
      vertex -1.924203873e+01 2.221879387e+01 2.303644657e+00
      vertex -1.923807907e+01 1.111168289e+01 2.303632736e+00
    endloop
  endfacet
  facet normal -8.655176759e-01 -1.136268475e-04 5.008783937e-01
    outer loop
      vertex -1.924203873e+01 2.221879387e+01 -2.303644657e+00
      vertex -1.790891075e+01 2.221879387e+01 0.000000000e+00
      vertex -1.790891075e+01 1.187907791e+01 -2.348202281e-03
    endloop
  endfacet
  facet normal 8.655180335e-01 7.555836055e-05 5.008778572e-01
    outer loop
      vertex -2.057516479e+01 2.221879387e+01 -2.013909892e-07
      vertex -1.924203873e+01 2.221879387e+01 -2.303644657e+00
      vertex -1.924106789e+01 1.110883617e+01 -2.303649187e+00
    endloop
  endfacet
  facet normal 4.327583611e-01 -7.495605946e-01 -5.008783937e-01
    outer loop
      vertex -2.952962303e+01 6.709219933e+00 0.000000000e+00
      vertex -2.886305809e+01 5.554697990e+00 2.303644657e+00
      vertex -1.923807907e+01 1.111168289e+01 2.303632736e+00
    endloop
  endfacet
  facet normal 4.316097200e-01 -7.502231002e-01 5.008775592e-01
    outer loop
      vertex -2.886305809e+01 5.554697990e+00 -2.303644657e+00
      vertex -2.952962303e+01 6.709219933e+00 0.000000000e+00
      vertex -2.190824699e+01 1.109398556e+01 1.813081180e-04
    endloop
  endfacet
  facet normal -4.327825904e-01 7.495973110e-01 -5.008025765e-01
    outer loop
      vertex -2.881559372e+01 5.472488403e+00 2.139610291e+00
      vertex -2.633919334e+01 5.472488403e+00 -4.407452943e-04
      vertex -1.923807907e+01 1.111168289e+01 2.303632736e+00
    endloop
  endfacet
  facet normal -4.327579737e-01 7.495563626e-01 -5.008850694e-01
    outer loop
      vertex -2.886305809e+01 5.554697990e+00 2.303644657e+00
      vertex -2.881559372e+01 5.472488403e+00 2.139610291e+00
      vertex -1.923807907e+01 1.111168289e+01 2.303632736e+00
    endloop
  endfacet
  facet normal 0.000000000e+00 -9.999999404e-01 0.000000000e+00
    outer loop
      vertex -3.019618416e+01 2.777349091e+01 -2.013909892e-07
      vertex -2.886305809e+01 2.777349091e+01 2.303644657e+00
      vertex -2.752993011e+01 2.777349091e+01 0.000000000e+00
    endloop
  endfacet
  facet normal 8.655179739e-01 1.030806561e-05 -5.008778572e-01
    outer loop
      vertex -2.886305809e+01 2.777349091e+01 2.303644657e+00
      vertex -3.019618416e+01 2.777349091e+01 -2.013909892e-07
      vertex -3.019618416e+01 1.894260979e+01 -1.760225714e-04
    endloop
  endfacet
  facet normal -8.655174971e-01 -3.080947208e-04 -5.008784533e-01
    outer loop
      vertex -2.752993011e+01 2.777349091e+01 0.000000000e+00
      vertex -2.886305809e+01 2.777349091e+01 2.303644657e+00
      vertex -2.885909843e+01 1.666638184e+01 2.303632736e+00
    endloop
  endfacet
  facet normal -8.655176759e-01 -1.135207276e-04 5.008784533e-01
    outer loop
      vertex -2.886305809e+01 2.777349091e+01 -2.303644657e+00
      vertex -2.752993011e+01 2.777349091e+01 0.000000000e+00
      vertex -2.752993011e+01 1.743377686e+01 -2.348202281e-03
    endloop
  endfacet
  facet normal 8.655179739e-01 7.535942859e-05 5.008780360e-01
    outer loop
      vertex -3.019618416e+01 2.777349091e+01 -2.013909892e-07
      vertex -2.886305809e+01 2.777349091e+01 -2.303644657e+00
      vertex -2.886208725e+01 1.666353607e+01 -2.303649426e+00
    endloop
  endfacet
  facet normal 8.660259247e-01 4.999990463e-01 3.105368194e-07
    outer loop
      vertex -3.781751633e+01 9.954874992e+00 -2.013909892e-07
      vertex -3.848408127e+01 1.110939693e+01 2.303644657e+00
      vertex -3.915064621e+01 1.226391983e+01 0.000000000e+00
    endloop
  endfacet
  facet normal 4.327582717e-01 -7.495607734e-01 -5.008783340e-01
    outer loop
      vertex -3.915064621e+01 1.226391983e+01 0.000000000e+00
      vertex -3.848408127e+01 1.110939693e+01 2.303644657e+00
      vertex -2.885909843e+01 1.666638184e+01 2.303632736e+00
    endloop
  endfacet
  facet normal 4.316095412e-01 -7.502228022e-01 5.008781552e-01
    outer loop
      vertex -3.848408127e+01 1.110939693e+01 -2.303644657e+00
      vertex -3.915064621e+01 1.226391983e+01 0.000000000e+00
      vertex -3.152926636e+01 1.664868355e+01 1.813081180e-04
    endloop
  endfacet
  facet normal -4.326931536e-01 7.495980859e-01 5.008786321e-01
    outer loop
      vertex -3.781751633e+01 9.954874992e+00 -2.013909892e-07
      vertex -3.848408127e+01 1.110939693e+01 -2.303644657e+00
      vertex -2.886208725e+01 1.666353607e+01 -2.303649426e+00
    endloop
  endfacet
  facet normal -4.328477383e-01 7.495090961e-01 -5.008780956e-01
    outer loop
      vertex -3.848408127e+01 1.110939693e+01 2.303644657e+00
      vertex -3.781751633e+01 9.954874992e+00 -2.013909892e-07
      vertex -2.886305809e+01 1.512473297e+01 -2.124161227e-03
    endloop
  endfacet
  facet normal 8.650205731e-01 3.089887032e-04 -5.017364025e-01
    outer loop
      vertex -1.095414734e+01 7.833212852e+00 -1.760225714e-04
      vertex -9.617059708e+00 5.556984425e+00 2.303632736e+00
      vertex -9.621020317e+00 1.666409492e+01 2.303643227e+00
    endloop
  endfacet
  facet normal -8.663980365e-01 1.136190549e-04 -4.993540049e-01
    outer loop
      vertex -9.617059708e+00 5.556984425e+00 2.303632736e+00
      vertex -8.287892342e+00 6.324379444e+00 -2.348202281e-03
      vertex -8.288249016e+00 1.435525703e+01 9.609621338e-05
    endloop
  endfacet
  facet normal -8.654437661e-01 -7.582966646e-05 5.010059476e-01
    outer loop
      vertex -8.287892342e+00 6.324379444e+00 -2.348202281e-03
      vertex -9.620049477e+00 5.554137707e+00 -2.303649664e+00
      vertex -9.621019363e+00 1.666409492e+01 -2.303644657e+00
    endloop
  endfacet
  facet normal -8.654730916e-01 0.000000000e+00 -5.009552836e-01
    outer loop
      vertex 1.333127379e+00 2.144911194e+01 4.727100604e-04
      vertex -6.952802067e-08 2.221856689e+01 2.303644896e+00
      vertex -6.952802067e-08 1.110917091e+01 2.303644896e+00
    endloop
  endfacet
  facet normal -8.653087616e-01 2.628255635e-03 5.012322664e-01
    outer loop
      vertex 7.988536963e-04 2.221833038e+01 -2.303643942e+00
      vertex 1.333127379e+00 2.144911194e+01 4.727100604e-04
      vertex 1.308436751e+00 1.340418625e+01 3.195030513e-05
    endloop
  endfacet
  facet normal 8.654282093e-01 0.000000000e+00 5.010330081e-01
    outer loop
      vertex -1.333127499e+00 2.144911194e+01 4.303879105e-04
      vertex 7.988536963e-04 2.221833038e+01 -2.303643942e+00
      vertex 7.988536963e-04 1.110893536e+01 -2.303643942e+00
    endloop
  endfacet
  facet normal 8.656662107e-01 -1.310974709e-03 -5.006197691e-01
    outer loop
      vertex -6.952802067e-08 2.221856689e+01 2.303644896e+00
      vertex -1.333127499e+00 2.144911194e+01 4.303879105e-04
      vertex -1.345568776e+00 1.341121387e+01 -3.408735938e-05
    endloop
  endfacet
  facet normal -8.654732704e-01 0.000000000e+00 -5.009552240e-01
    outer loop
      vertex 1.333127618e+00 3.255850983e+01 4.727100604e-04
      vertex -6.952802067e-08 3.332796478e+01 2.303644896e+00
      vertex -6.952802067e-08 2.221856689e+01 2.303644896e+00
    endloop
  endfacet
  facet normal -8.653087020e-01 2.628288465e-03 5.012323260e-01
    outer loop
      vertex 7.988537545e-04 3.332773209e+01 -2.303643942e+00
      vertex 1.333127618e+00 3.255850983e+01 4.727100604e-04
      vertex 1.308436751e+00 2.451358223e+01 3.195050522e-05
    endloop
  endfacet
  facet normal 8.654280305e-01 0.000000000e+00 5.010331869e-01
    outer loop
      vertex -1.333127737e+00 3.255850983e+01 4.303879105e-04
      vertex 7.988537545e-04 3.332773209e+01 -2.303643942e+00
      vertex 7.988536963e-04 2.221833038e+01 -2.303643942e+00
    endloop
  endfacet
  facet normal 8.656662703e-01 -1.310907304e-03 -5.006198883e-01
    outer loop
      vertex -6.952802067e-08 3.332796478e+01 2.303644896e+00
      vertex -1.333127737e+00 3.255850983e+01 4.303879105e-04
      vertex -1.345568419e+00 2.452060890e+01 -3.408755947e-05
    endloop
  endfacet
  facet normal 4.326972663e-01 -7.494499683e-01 5.010966063e-01
    outer loop
      vertex 7.988536963e-04 1.110893536e+01 -2.303643942e+00
      vertex 1.308436751e+00 1.340418625e+01 3.195030513e-05
      vertex 8.954456329e+00 1.781861877e+01 0.000000000e+00
    endloop
  endfacet
  facet normal -4.350954294e-01 -7.511394620e-01 -4.964688420e-01
    outer loop
      vertex -6.952802067e-08 1.110917091e+01 2.303644896e+00
      vertex -1.345568776e+00 1.341121387e+01 -3.408735938e-05
      vertex -8.954456329e+00 1.781861877e+01 1.006954946e-07
    endloop
  endfacet
  facet normal -8.660258055e-01 -4.999992549e-01 0.000000000e+00
    outer loop
      vertex 9.621020317e+00 2.777349091e+01 2.303644419e+00
      vertex 1.028758335e+01 2.661896896e+01 1.006954946e-07
      vertex 9.621020317e+00 2.777349091e+01 -2.303644419e+00
    endloop
  endfacet
  facet normal 4.327570498e-01 -7.495610118e-01 -5.008789301e-01
    outer loop
      vertex 9.621020317e+00 2.777349091e+01 2.303644419e+00
      vertex 8.954456329e+00 2.892801285e+01 0.000000000e+00
      vertex 1.308436751e+00 2.451358223e+01 3.195050522e-05
    endloop
  endfacet
  facet normal -4.327720106e-01 7.495526671e-01 -5.008783340e-01
    outer loop
      vertex 1.028758335e+01 2.661896896e+01 1.006954946e-07
      vertex 9.621020317e+00 2.777349091e+01 2.303644419e+00
      vertex -6.952802067e-08 2.221856689e+01 2.303644896e+00
    endloop
  endfacet
  facet normal -4.327388704e-01 7.495714426e-01 5.008789301e-01
    outer loop
      vertex 9.621020317e+00 2.777349091e+01 -2.303644419e+00
      vertex 1.028758335e+01 2.661896896e+01 1.006954946e-07
      vertex 1.333127379e+00 2.144911194e+01 4.727100604e-04
    endloop
  endfacet
  facet normal 4.328127801e-01 -7.495291233e-01 5.008783340e-01
    outer loop
      vertex 8.954456329e+00 2.892801285e+01 0.000000000e+00
      vertex 9.621020317e+00 2.777349091e+01 -2.303644419e+00
      vertex 7.988536963e-04 2.221833038e+01 -2.303643942e+00
    endloop
  endfacet
  facet normal 8.660253286e-01 -5.000002384e-01 0.000000000e+00
    outer loop
      vertex -9.621020317e+00 2.777349091e+01 2.303644419e+00
      vertex -8.954456329e+00 2.892801285e+01 1.006954946e-07
      vertex -9.621020317e+00 2.777349091e+01 -2.303644419e+00
    endloop
  endfacet
  facet normal 4.327589869e-01 7.495604753e-01 5.008780360e-01
    outer loop
      vertex -1.028758335e+01 2.661896896e+01 0.000000000e+00
      vertex -9.621020317e+00 2.777349091e+01 -2.303644419e+00
      vertex 7.988536963e-04 2.221833038e+01 -2.303643942e+00
    endloop
  endfacet
  facet normal 4.327767193e-01 7.495496273e-01 -5.008788705e-01
    outer loop
      vertex -9.621020317e+00 2.777349091e+01 2.303644419e+00
      vertex -1.028758335e+01 2.661896896e+01 0.000000000e+00
      vertex -1.333127499e+00 2.144911194e+01 4.303879105e-04
    endloop
  endfacet
  facet normal -4.327722192e-01 -7.495531440e-01 -5.008775592e-01
    outer loop
      vertex -8.954456329e+00 2.892801285e+01 1.006954946e-07
      vertex -9.621020317e+00 2.777349091e+01 2.303644419e+00
      vertex -6.952802067e-08 2.221856689e+01 2.303644896e+00
    endloop
  endfacet
  facet normal -4.338204563e-01 -7.489461303e-01 5.008788109e-01
    outer loop
      vertex -9.621020317e+00 2.777349091e+01 -2.303644419e+00
      vertex -8.954456329e+00 2.892801285e+01 1.006954946e-07
      vertex -1.345568419e+00 2.452060890e+01 -3.408755947e-05
    endloop
  endfacet
  facet normal -8.660258651e-01 -4.999992549e-01 0.000000000e+00
    outer loop
      vertex 9.621020317e+00 3.888288879e+01 2.303644657e+00
      vertex 1.028758430e+01 3.772836685e+01 1.006954946e-07
      vertex 9.621020317e+00 3.888288879e+01 -2.303644657e+00
    endloop
  endfacet
  facet normal 4.327567220e-01 -7.495598793e-01 -5.008808970e-01
    outer loop
      vertex 9.621020317e+00 3.888288879e+01 2.303644657e+00
      vertex 8.954455376e+00 4.003741074e+01 0.000000000e+00
      vertex 1.308436990e+00 3.562297821e+01 3.195010504e-05
    endloop
  endfacet
  facet normal -4.327726960e-01 7.495537996e-01 -5.008760095e-01
    outer loop
      vertex 1.028758430e+01 3.772836685e+01 1.006954946e-07
      vertex 9.621020317e+00 3.888288879e+01 2.303644657e+00
      vertex -6.952802067e-08 3.332796478e+01 2.303644896e+00
    endloop
  endfacet
  facet normal -4.327393770e-01 7.495722175e-01 5.008772612e-01
    outer loop
      vertex 9.621020317e+00 3.888288879e+01 -2.303644657e+00
      vertex 1.028758430e+01 3.772836685e+01 1.006954946e-07
      vertex 1.333127618e+00 3.255850983e+01 4.727100604e-04
    endloop
  endfacet
  facet normal 4.328121841e-01 -7.495284677e-01 5.008800030e-01
    outer loop
      vertex 8.954455376e+00 4.003741074e+01 0.000000000e+00
      vertex 9.621020317e+00 3.888288879e+01 -2.303644657e+00
      vertex 7.988537545e-04 3.332773209e+01 -2.303643942e+00
    endloop
  endfacet
  facet normal 8.660247326e-01 -5.000010729e-01 0.000000000e+00
    outer loop
      vertex -9.621020317e+00 3.888288879e+01 2.303644657e+00
      vertex -8.954455376e+00 4.003741074e+01 1.006954946e-07
      vertex -9.621020317e+00 3.888288879e+01 -2.303644657e+00
    endloop
  endfacet
  facet normal 4.327587485e-01 7.495604753e-01 5.008780956e-01
    outer loop
      vertex -1.028758430e+01 3.772836685e+01 0.000000000e+00
      vertex -9.621020317e+00 3.888288879e+01 -2.303644657e+00
      vertex 7.988537545e-04 3.332773209e+01 -2.303643942e+00
    endloop
  endfacet
  facet normal 4.327772260e-01 7.495504022e-01 -5.008772016e-01
    outer loop
      vertex -9.621020317e+00 3.888288879e+01 2.303644657e+00
      vertex -1.028758430e+01 3.772836685e+01 0.000000000e+00
      vertex -1.333127737e+00 3.255850983e+01 4.303879105e-04
    endloop
  endfacet
  facet normal -4.327717721e-01 -7.495523095e-01 -5.008790493e-01
    outer loop
      vertex -8.954455376e+00 4.003741074e+01 1.006954946e-07
      vertex -9.621020317e+00 3.888288879e+01 2.303644657e+00
      vertex -6.952802067e-08 3.332796478e+01 2.303644896e+00
    endloop
  endfacet
  facet normal -4.338203967e-01 -7.489460707e-01 5.008788705e-01
    outer loop
      vertex -9.621020317e+00 3.888288879e+01 -2.303644657e+00
      vertex -8.954455376e+00 4.003741074e+01 1.006954946e-07
      vertex -1.345568776e+00 3.563000870e+01 -3.408755947e-05
    endloop
  endfacet
  facet normal -8.685486913e-01 2.431021072e-03 -4.955979884e-01
    outer loop
      vertex 1.308436990e+00 3.562297821e+01 3.195010504e-05
      vertex 1.311257482e+00 3.662990570e+01 2.831183156e-05
      vertex -1.456821366e-07 3.777194977e+01 2.303644657e+00
    endloop
  endfacet
  facet normal 8.629623652e-01 -1.216996578e-03 -5.052668452e-01
    outer loop
      vertex -1.344148993e+00 3.663511658e+01 -3.019754877e-05
      vertex -1.345568776e+00 3.563000870e+01 -3.408755947e-05
      vertex -6.952802067e-08 3.332796478e+01 2.303644896e+00
    endloop
  endfacet
  facet normal 4.327577353e-01 -7.495279908e-01 -5.009275675e-01
    outer loop
      vertex 1.308436751e+00 1.340418625e+01 3.195030513e-05
      vertex -6.952802067e-08 1.110917091e+01 2.303644896e+00
      vertex 9.621019363e+00 1.666409492e+01 2.303644657e+00
    endloop
  endfacet
  facet normal -4.327825010e-01 7.495514154e-01 -5.008712411e-01
    outer loop
      vertex 1.333127379e+00 1.033971596e+01 4.727100604e-04
      vertex 8.515695572e+00 1.475166416e+01 3.967663944e-01
      vertex 9.621019363e+00 1.666409492e+01 2.303644657e+00
    endloop
  endfacet
  facet normal -4.327647388e-01 7.495400906e-01 -5.009034872e-01
    outer loop
      vertex -6.952802067e-08 1.110917091e+01 2.303644896e+00
      vertex 1.333127379e+00 1.033971596e+01 4.727100604e-04
      vertex 9.621019363e+00 1.666409492e+01 2.303644657e+00
    endloop
  endfacet
  facet normal -4.328312278e-01 7.495612502e-01 5.008143187e-01
    outer loop
      vertex 7.988536963e-04 1.110893536e+01 -2.303643942e+00
      vertex 9.621019363e+00 1.666409492e+01 -2.303644657e+00
      vertex 8.287893295e+00 1.435605431e+01 -1.398030086e-03
    endloop
  endfacet
  facet normal 4.327625930e-01 7.496082783e-01 5.008034110e-01
    outer loop
      vertex 7.988536963e-04 1.110893536e+01 -2.303643942e+00
      vertex -1.333127499e+00 1.033971500e+01 4.303879105e-04
      vertex -8.288249016e+00 1.435525703e+01 9.609621338e-05
    endloop
  endfacet
  facet normal 4.327668846e-01 7.495435476e-01 -5.008965731e-01
    outer loop
      vertex -1.333127499e+00 1.033971500e+01 4.303879105e-04
      vertex -6.952802067e-08 1.110917091e+01 2.303644896e+00
      vertex -9.621020317e+00 1.666409492e+01 2.303643227e+00
    endloop
  endfacet
  facet normal -4.337723851e-01 -7.513158321e-01 4.973591268e-01
    outer loop
      vertex -1.345568776e+00 1.341121387e+01 -3.408735938e-05
      vertex 7.988536963e-04 1.110893536e+01 -2.303643942e+00
      vertex -9.621019363e+00 1.666409492e+01 -2.303644657e+00
    endloop
  endfacet
  facet normal -8.695562482e-01 -2.483204589e-04 4.938338399e-01
    outer loop
      vertex 1.308436990e+00 3.562297821e+01 3.195010504e-05
      vertex 7.988537545e-04 3.332773209e+01 -2.303643942e+00
      vertex -5.838397144e-08 3.777146149e+01 -2.302815914e+00
    endloop
  endfacet
  facet normal 8.633815646e-01 6.118239253e-05 5.045515895e-01
    outer loop
      vertex -5.838397144e-08 3.777146149e+01 -2.302815914e+00
      vertex 7.988537545e-04 3.332773209e+01 -2.303643942e+00
      vertex -1.345568776e+00 3.563000870e+01 -3.408755947e-05
    endloop
  endfacet
  facet normal 4.320810735e-01 7.499513030e-01 -5.008782148e-01
    outer loop
      vertex 1.924203873e+01 1.109775162e+01 2.303564310e+00
      vertex 2.676284409e+01 5.472488403e+00 3.688112795e-01
      vertex 2.881559372e+01 5.472488403e+00 2.139610291e+00
    endloop
  endfacet
  facet normal 4.340903163e-01 7.513256669e-01 -4.970668256e-01
    outer loop
      vertex 1.924203873e+01 9.570037842e+00 -5.616851617e-03
      vertex 2.633919334e+01 5.472488403e+00 -1.165025635e-03
      vertex 2.676284409e+01 5.472488403e+00 3.688112795e-01
    endloop
  endfacet
  facet normal 4.340909421e-01 7.513266206e-01 -4.970646203e-01
    outer loop
      vertex 1.924203873e+01 1.109775162e+01 2.303564310e+00
      vertex 1.924203873e+01 9.570037842e+00 -5.616851617e-03
      vertex 2.676284409e+01 5.472488403e+00 3.688112795e-01
    endloop
  endfacet
  facet normal 4.325234592e-01 7.496958971e-01 5.008787513e-01
    outer loop
      vertex 2.881559372e+01 5.472488403e+00 -2.139610291e+00
      vertex 2.633919334e+01 5.472488403e+00 -1.165025635e-03
      vertex 1.924203873e+01 9.570037842e+00 -5.616851617e-03
    endloop
  endfacet
  facet normal -8.660232425e-01 5.000038147e-01 0.000000000e+00
    outer loop
      vertex 2.886305809e+01 5.554697990e+00 -2.303644657e+00
      vertex 2.886305809e+01 5.554697990e+00 2.303644657e+00
      vertex 2.881559372e+01 5.472488403e+00 2.139610291e+00
    endloop
  endfacet
  facet normal -8.660395741e-01 4.999755025e-01 0.000000000e+00
    outer loop
      vertex 2.881559372e+01 5.472488403e+00 -2.139610291e+00
      vertex 2.886305809e+01 5.554697990e+00 -2.303644657e+00
      vertex 2.881559372e+01 5.472488403e+00 2.139610291e+00
    endloop
  endfacet
  facet normal 0.000000000e+00 0.000000000e+00 0.000000000e+00
    outer loop
      vertex 2.881559372e+01 5.472488403e+00 0.000000000e+00
      vertex 2.881559372e+01 5.472488403e+00 -2.139610291e+00
      vertex 2.881559372e+01 5.472488403e+00 2.139610291e+00
    endloop
  endfacet
  facet normal 8.660252690e-01 5.000000596e-01 0.000000000e+00
    outer loop
      vertex -2.952962303e+01 6.709219933e+00 0.000000000e+00
      vertex -2.881559372e+01 5.472488403e+00 -2.139610291e+00
      vertex -2.881559372e+01 5.472488403e+00 0.000000000e+00
    endloop
  endfacet
  facet normal 8.660231233e-01 5.000038743e-01 2.898936202e-07
    outer loop
      vertex -2.886305809e+01 5.554697990e+00 2.303644657e+00
      vertex -2.952962303e+01 6.709219933e+00 0.000000000e+00
      vertex -2.881559372e+01 5.472488403e+00 0.000000000e+00
    endloop
  endfacet
  facet normal 8.660395741e-01 4.999755025e-01 0.000000000e+00
    outer loop
      vertex -2.881559372e+01 5.472488403e+00 2.139610291e+00
      vertex -2.886305809e+01 5.554697990e+00 2.303644657e+00
      vertex -2.881559372e+01 5.472488403e+00 0.000000000e+00
    endloop
  endfacet
  facet normal -4.326697290e-01 7.496119142e-01 5.008780956e-01
    outer loop
      vertex -2.881559372e+01 5.472488403e+00 -2.139610291e+00
      vertex -2.886305809e+01 5.554697990e+00 -2.303644657e+00
      vertex -1.924203873e+01 9.570034027e+00 -2.124161227e-03
    endloop
  endfacet
  facet normal -4.326698482e-01 7.496113777e-01 5.008787513e-01
    outer loop
      vertex -2.633919334e+01 5.472488403e+00 -4.407452943e-04
      vertex -2.881559372e+01 5.472488403e+00 -2.139610291e+00
      vertex -1.924203873e+01 9.570034027e+00 -2.124161227e-03
    endloop
  endfacet
  facet normal 4.324671030e-01 -7.490499616e-01 5.018928051e-01
    outer loop
      vertex 8.287897110e+00 6.324376583e+00 -6.262292154e-03
      vertex 9.618442535e+00 5.553210258e+00 -2.303678989e+00
      vertex 9.478627205e+00 5.472488403e+00 -2.303678274e+00
    endloop
  endfacet
  facet normal -1.974230836e-04 3.428242344e-04 -9.999998808e-01
    outer loop
      vertex 9.457895279e+00 5.472488403e+00 2.303573608e+00
      vertex 9.498540878e+00 5.472488403e+00 2.303565264e+00
      vertex 9.621019363e+00 5.543053150e+00 2.303564310e+00
    endloop
  endfacet
  facet normal -4.338293672e-01 -7.542359233e-01 -4.928694963e-01
    outer loop
      vertex 1.228719330e+01 5.537983418e+00 5.200526211e-04
      vertex 9.631326675e+00 5.560648918e+00 2.303575754e+00
      vertex 9.836961746e+00 5.472488403e+00 2.257484198e+00
    endloop
  endfacet
  facet normal 2.894834324e-04 4.828392121e-04 -9.999998212e-01
    outer loop
      vertex 9.631326675e+00 5.560648918e+00 2.303575754e+00
      vertex 9.621019363e+00 5.543053150e+00 2.303564310e+00
      vertex 9.743497849e+00 5.472488403e+00 2.303565264e+00
    endloop
  endfacet
  facet normal -4.336267412e-01 -7.514602542e-01 4.972679019e-01
    outer loop
      vertex 1.236944580e+01 5.472488403e+00 -2.673015930e-02
      vertex 9.758332253e+00 5.472488403e+00 -2.303678274e+00
      vertex 9.618442535e+00 5.553210258e+00 -2.303678989e+00
    endloop
  endfacet
  facet normal 4.336649179e-01 -7.517332435e-01 -4.968218207e-01
    outer loop
      vertex 9.404557228e+00 5.472488403e+00 2.257414341e+00
      vertex 9.610486031e+00 5.560780048e+00 2.303572655e+00
      vertex 6.812381744e+00 5.472488403e+00 -5.230424926e-03
    endloop
  endfacet
  facet normal 0.000000000e+00 0.000000000e+00 1.000000000e+00
    outer loop
      vertex 6.818373680e+00 5.472488403e+00 0.000000000e+00
      vertex 9.404557228e+00 5.472488403e+00 2.257414341e+00
      vertex 6.812381744e+00 5.472488403e+00 -5.230424926e-03
    endloop
  endfacet
  facet normal 4.329723120e-01 -7.525316477e-01 -4.962168038e-01
    outer loop
      vertex -1.228722572e+01 5.539286613e+00 1.813092094e-04
      vertex -1.240333080e+01 5.472488403e+00 1.785470959e-04
      vertex -9.763410568e+00 5.472488403e+00 2.303632975e+00
    endloop
  endfacet
  facet normal 4.337292314e-01 -7.513905764e-01 4.972835779e-01
    outer loop
      vertex -1.228722572e+01 5.539286613e+00 1.813092094e-04
      vertex -9.620049477e+00 5.554137707e+00 -2.303649664e+00
      vertex -9.761499405e+00 5.472488403e+00 -2.303649664e+00
    endloop
  endfacet
  facet normal -4.330952466e-01 -7.503668666e-01 -4.993775189e-01
    outer loop
      vertex -9.470829010e+00 5.472488403e+00 2.303632975e+00
      vertex -6.814639568e+00 5.472488403e+00 0.000000000e+00
      vertex -8.287892342e+00 6.324379444e+00 -2.348202281e-03
    endloop
  endfacet
  facet normal -4.334338307e-01 -7.501167059e-01 -4.994597733e-01
    outer loop
      vertex -9.617059708e+00 5.556984425e+00 2.303632736e+00
      vertex -9.470829010e+00 5.472488403e+00 2.303632975e+00
      vertex -8.287892342e+00 6.324379444e+00 -2.348202281e-03
    endloop
  endfacet
  facet normal -4.326674044e-01 -7.493968010e-01 5.012018085e-01
    outer loop
      vertex -6.812374115e+00 5.472488403e+00 -1.961264759e-03
      vertex -9.478628159e+00 5.472488403e+00 -2.303649664e+00
      vertex -9.620049477e+00 5.554137707e+00 -2.303649664e+00
    endloop
  endfacet
  facet normal 8.654311895e-01 -2.088205474e-05 5.010277033e-01
    outer loop
      vertex -1.332909942e+00 5.472488403e+00 -1.482151711e-04
      vertex -1.333127499e+00 1.033971500e+01 4.303879105e-04
      vertex 7.988536963e-04 1.110893536e+01 -2.303643942e+00
    endloop
  endfacet
  facet normal -8.656657338e-01 2.103049046e-04 -5.006222725e-01
    outer loop
      vertex -5.395073188e-08 5.472488403e+00 2.303644657e+00
      vertex 1.332600474e+00 5.472488403e+00 -6.610366981e-04
      vertex 1.333127379e+00 1.033971596e+01 4.727100604e-04
    endloop
  endfacet
  facet normal -8.656957150e-01 -2.286148083e-05 5.005705953e-01
    outer loop
      vertex 7.988536963e-04 1.110893536e+01 -2.303643942e+00
      vertex 1.333127379e+00 1.033971596e+01 4.727100604e-04
      vertex 1.332600474e+00 5.472488403e+00 -6.610366981e-04
    endloop
  endfacet
  facet normal 8.654772639e-01 3.178833907e-08 -5.009483695e-01
    outer loop
      vertex -5.395073188e-08 5.472488403e+00 2.303644657e+00
      vertex -6.952802067e-08 1.110917091e+01 2.303644896e+00
      vertex -1.333127499e+00 1.033971500e+01 4.303879105e-04
    endloop
  endfacet
  facet normal 8.548637033e-01 1.353966743e-01 -5.008751154e-01
    outer loop
      vertex 3.169698954e+00 4.213466644e+01 2.303644657e+00
      vertex 1.886015058e+00 4.171757126e+01 -2.039013651e-07
      vertex 1.983073592e+00 4.110476685e+01 -2.039013651e-07
    endloop
  endfacet
  facet normal -8.548606038e-01 -1.353959143e-01 -5.008805394e-01
    outer loop
      vertex 4.453382969e+00 4.255176163e+01 0.000000000e+00
      vertex 3.169698954e+00 4.213466644e+01 2.303644657e+00
      vertex 3.332818747e+00 4.110476685e+01 2.303644657e+00
    endloop
  endfacet
  facet normal -8.548612595e-01 -1.353961229e-01 5.008792877e-01
    outer loop
      vertex 3.169698954e+00 4.213466644e+01 -2.303644657e+00
      vertex 4.453382969e+00 4.255176163e+01 0.000000000e+00
      vertex 4.682563782e+00 4.110476685e+01 0.000000000e+00
    endloop
  endfacet
  facet normal 8.548628688e-01 1.353969723e-01 5.008764267e-01
    outer loop
      vertex 1.886015058e+00 4.171757126e+01 -2.039013651e-07
      vertex 3.169698954e+00 4.213466644e+01 -2.303644657e+00
      vertex 3.332818747e+00 4.110476685e+01 -2.303644657e+00
    endloop
  endfacet
  facet normal 8.548638225e-01 -1.353967190e-01 5.008746982e-01
    outer loop
      vertex 3.169698954e+00 4.007486725e+01 -2.303644657e+00
      vertex 1.886015058e+00 4.049196243e+01 -2.039013651e-07
      vertex 1.983073592e+00 4.110476685e+01 -2.039013651e-07
    endloop
  endfacet
  facet normal -8.548598289e-01 1.353957951e-01 5.008817911e-01
    outer loop
      vertex 4.453382969e+00 3.965777206e+01 0.000000000e+00
      vertex 3.169698954e+00 4.007486725e+01 -2.303644657e+00
      vertex 3.332818747e+00 4.110476685e+01 -2.303644657e+00
    endloop
  endfacet
  facet normal -8.548615575e-01 1.353961676e-01 -5.008789301e-01
    outer loop
      vertex 3.169698954e+00 4.007486725e+01 2.303644657e+00
      vertex 4.453382969e+00 3.965777206e+01 0.000000000e+00
      vertex 4.682563782e+00 4.110476685e+01 0.000000000e+00
    endloop
  endfacet
  facet normal 8.548637033e-01 -1.353967190e-01 -5.008750558e-01
    outer loop
      vertex 1.886015058e+00 4.049196243e+01 -2.039013651e-07
      vertex 3.169698954e+00 4.007486725e+01 2.303644657e+00
      vertex 3.332818747e+00 4.110476685e+01 2.303644657e+00
    endloop
  endfacet
  facet normal 7.711805105e-01 -3.929376304e-01 5.008798838e-01
    outer loop
      vertex 2.696307182e+00 3.914578629e+01 -2.303644657e+00
      vertex 1.604340672e+00 3.993914795e+01 -2.039013651e-07
      vertex 1.886015058e+00 4.049196243e+01 -2.039013651e-07
    endloop
  endfacet
  facet normal -7.711822391e-01 3.929378390e-01 5.008771420e-01
    outer loop
      vertex 3.788273811e+00 3.835242462e+01 0.000000000e+00
      vertex 2.696307182e+00 3.914578629e+01 -2.303644657e+00
      vertex 3.169698954e+00 4.007486725e+01 -2.303644657e+00
    endloop
  endfacet
  facet normal -7.711818218e-01 3.929378092e-01 -5.008776188e-01
    outer loop
      vertex 2.696307182e+00 3.914578629e+01 2.303644657e+00
      vertex 3.788273811e+00 3.835242462e+01 0.000000000e+00
      vertex 4.453382969e+00 3.965777206e+01 0.000000000e+00
    endloop
  endfacet
  facet normal 7.711806297e-01 -3.929373026e-01 -5.008801222e-01
    outer loop
      vertex 1.604340672e+00 3.993914795e+01 -2.039013651e-07
      vertex 2.696307182e+00 3.914578629e+01 2.303644657e+00
      vertex 3.169698954e+00 4.007486725e+01 2.303644657e+00
    endloop
  endfacet
  facet normal 6.120146513e-01 -6.120128036e-01 5.008776188e-01
    outer loop
      vertex 1.958981752e+00 3.840845871e+01 -2.303644657e+00
      vertex 1.165621281e+00 3.950042725e+01 -2.039013367e-07
      vertex 1.604340672e+00 3.993914795e+01 -2.039013651e-07
    endloop
  endfacet
  facet normal -6.120147109e-01 6.120129824e-01 5.008774400e-01
    outer loop
      vertex 2.752342224e+00 3.731649399e+01 0.000000000e+00
      vertex 1.958981752e+00 3.840845871e+01 -2.303644657e+00
      vertex 2.696307182e+00 3.914578629e+01 -2.303644657e+00
    endloop
  endfacet
  facet normal -6.120136380e-01 6.120139956e-01 -5.008773804e-01
    outer loop
      vertex 1.958981752e+00 3.840845871e+01 2.303644657e+00
      vertex 2.752342224e+00 3.731649399e+01 0.000000000e+00
      vertex 3.788273811e+00 3.835242462e+01 0.000000000e+00
    endloop
  endfacet
  facet normal 6.120150089e-01 -6.120134592e-01 -5.008763075e-01
    outer loop
      vertex 1.165621281e+00 3.950042725e+01 -2.039013367e-07
      vertex 1.958981752e+00 3.840845871e+01 2.303644657e+00
      vertex 2.696307182e+00 3.914578629e+01 2.303644657e+00
    endloop
  endfacet
  facet normal 3.929389715e-01 -7.711800337e-01 5.008795857e-01
    outer loop
      vertex 1.029897571e+00 3.793506622e+01 -2.303644657e+00
      vertex 6.128029823e-01 3.921875000e+01 -2.039013793e-07
      vertex 1.165621281e+00 3.950042725e+01 -2.039013367e-07
    endloop
  endfacet
  facet normal -3.929378390e-01 7.711830139e-01 5.008757710e-01
    outer loop
      vertex 1.446992159e+00 3.665138626e+01 0.000000000e+00
      vertex 1.029897571e+00 3.793506622e+01 -2.303644657e+00
      vertex 1.958981752e+00 3.840845871e+01 -2.303644657e+00
    endloop
  endfacet
  facet normal -3.929368556e-01 7.711836100e-01 -5.008757710e-01
    outer loop
      vertex 1.029897571e+00 3.793506622e+01 2.303644657e+00
      vertex 1.446992159e+00 3.665138626e+01 0.000000000e+00
      vertex 2.752342224e+00 3.731649399e+01 0.000000000e+00
    endloop
  endfacet
  facet normal 3.929361701e-01 -7.711798549e-01 -5.008819699e-01
    outer loop
      vertex 6.128029823e-01 3.921875000e+01 -2.039013793e-07
      vertex 1.029897571e+00 3.793506622e+01 2.303644657e+00
      vertex 1.958981752e+00 3.840845871e+01 2.303644657e+00
    endloop
  endfacet
  facet normal 1.353709251e-01 -8.547092080e-01 5.011455417e-01
    outer loop
      vertex -5.838397144e-08 3.777146149e+01 -2.302815914e+00
      vertex -1.456821366e-07 3.912169266e+01 -2.039013651e-07
      vertex 6.128029823e-01 3.921875000e+01 -2.039013793e-07
    endloop
  endfacet
  facet normal -1.353940815e-01 8.548621535e-01 -5.008782744e-01
    outer loop
      vertex 1.446992159e+00 3.665138626e+01 0.000000000e+00
      vertex 1.029897571e+00 3.793506622e+01 2.303644657e+00
      vertex -1.456821366e-07 3.777194977e+01 2.303644657e+00
    endloop
  endfacet
  facet normal 1.353941560e-01 -8.548622727e-01 -5.008781552e-01
    outer loop
      vertex -1.456821366e-07 3.912169266e+01 -2.039013651e-07
      vertex -1.456821366e-07 3.777194977e+01 2.303644657e+00
      vertex 1.029897571e+00 3.793506622e+01 2.303644657e+00
    endloop
  endfacet
  facet normal -1.353955120e-01 -8.548635244e-01 5.008757114e-01
    outer loop
      vertex -1.029897809e+00 3.793506622e+01 -2.303644657e+00
      vertex -6.128029823e-01 3.921875000e+01 -2.039013793e-07
      vertex -1.456821366e-07 3.912169266e+01 -2.039013651e-07
    endloop
  endfacet
  facet normal 1.353965849e-01 8.548638821e-01 5.008748174e-01
    outer loop
      vertex -1.446992517e+00 3.665138626e+01 0.000000000e+00
      vertex -1.029897809e+00 3.793506622e+01 -2.303644657e+00
      vertex -5.838397144e-08 3.777146149e+01 -2.302815914e+00
    endloop
  endfacet
  facet normal -1.353941560e-01 -8.548622131e-01 -5.008781552e-01
    outer loop
      vertex -6.128029823e-01 3.921875000e+01 -2.039013793e-07
      vertex -1.029897809e+00 3.793506622e+01 2.303644657e+00
      vertex -1.456821366e-07 3.777194977e+01 2.303644657e+00
    endloop
  endfacet
  facet normal -3.929390013e-01 -7.711799741e-01 5.008796453e-01
    outer loop
      vertex -1.958981514e+00 3.840845871e+01 -2.303644657e+00
      vertex -1.165621161e+00 3.950042725e+01 -2.039013367e-07
      vertex -6.128029823e-01 3.921875000e+01 -2.039013793e-07
    endloop
  endfacet
  facet normal 3.929378092e-01 7.711830139e-01 5.008758903e-01
    outer loop
      vertex -2.752341986e+00 3.731649399e+01 0.000000000e+00
      vertex -1.958981514e+00 3.840845871e+01 -2.303644657e+00
      vertex -1.029897809e+00 3.793506622e+01 -2.303644657e+00
    endloop
  endfacet
  facet normal 3.929364383e-01 7.711827755e-01 -5.008772612e-01
    outer loop
      vertex -1.958981514e+00 3.840845871e+01 2.303644657e+00
      vertex -2.752341986e+00 3.731649399e+01 0.000000000e+00
      vertex -1.446992517e+00 3.665138626e+01 0.000000000e+00
    endloop
  endfacet
  facet normal -3.929362595e-01 -7.711797357e-01 -5.008821487e-01
    outer loop
      vertex -1.165621161e+00 3.950042725e+01 -2.039013367e-07
      vertex -1.958981514e+00 3.840845871e+01 2.303644657e+00
      vertex -1.029897809e+00 3.793506622e+01 2.303644657e+00
    endloop
  endfacet
  facet normal -6.120139956e-01 -6.120121479e-01 5.008794069e-01
    outer loop
      vertex -2.696307421e+00 3.914578629e+01 -2.303644657e+00
      vertex -1.604340196e+00 3.993914795e+01 -2.039013793e-07
      vertex -1.165621161e+00 3.950042725e+01 -2.039013367e-07
    endloop
  endfacet
  facet normal 6.120121479e-01 6.120104194e-01 5.008836389e-01
    outer loop
      vertex -3.788274765e+00 3.835242462e+01 0.000000000e+00
      vertex -2.696307421e+00 3.914578629e+01 -2.303644657e+00
      vertex -1.958981514e+00 3.840845871e+01 -2.303644657e+00
    endloop
  endfacet
  facet normal 6.120121479e-01 6.120132804e-01 -5.008800626e-01
    outer loop
      vertex -2.696307421e+00 3.914578629e+01 2.303644657e+00
      vertex -3.788274765e+00 3.835242462e+01 0.000000000e+00
      vertex -2.752341986e+00 3.731649399e+01 0.000000000e+00
    endloop
  endfacet
  facet normal -6.120144129e-01 -6.120133996e-01 -5.008772612e-01
    outer loop
      vertex -1.604340196e+00 3.993914795e+01 -2.039013793e-07
      vertex -2.696307421e+00 3.914578629e+01 2.303644657e+00
      vertex -1.958981514e+00 3.840845871e+01 2.303644657e+00
    endloop
  endfacet
  facet normal -7.711831927e-01 -3.929401934e-01 5.008735657e-01
    outer loop
      vertex -3.169699192e+00 4.007487106e+01 -2.303644657e+00
      vertex -1.886015177e+00 4.049196243e+01 -2.039013367e-07
      vertex -1.604340196e+00 3.993914795e+01 -2.039013793e-07
    endloop
  endfacet
  facet normal 7.711828947e-01 3.929368854e-01 5.008768439e-01
    outer loop
      vertex -4.453382969e+00 3.965777969e+01 0.000000000e+00
      vertex -3.169699192e+00 4.007487106e+01 -2.303644657e+00
      vertex -2.696307421e+00 3.914578629e+01 -2.303644657e+00
    endloop
  endfacet
  facet normal 7.711831331e-01 3.929354250e-01 -5.008774996e-01
    outer loop
      vertex -3.169699192e+00 4.007487106e+01 2.303644657e+00
      vertex -4.453382969e+00 3.965777969e+01 0.000000000e+00
      vertex -3.788274765e+00 3.835242462e+01 0.000000000e+00
    endloop
  endfacet
  facet normal -7.711827755e-01 -3.929371238e-01 -5.008767247e-01
    outer loop
      vertex -1.886015177e+00 4.049196243e+01 -2.039013367e-07
      vertex -3.169699192e+00 4.007487106e+01 2.303644657e+00
      vertex -2.696307421e+00 3.914578629e+01 2.303644657e+00
    endloop
  endfacet
  facet normal -8.548606038e-01 -1.353961825e-01 5.008805394e-01
    outer loop
      vertex -3.332818747e+00 4.110476685e+01 -2.303644657e+00
      vertex -1.983073592e+00 4.110476685e+01 -2.039013651e-07
      vertex -1.886015177e+00 4.049196243e+01 -2.039013367e-07
    endloop
  endfacet
  facet normal 8.548629880e-01 1.353974491e-01 5.008761287e-01
    outer loop
      vertex -4.682563782e+00 4.110476685e+01 0.000000000e+00
      vertex -3.332818747e+00 4.110476685e+01 -2.303644657e+00
      vertex -3.169699192e+00 4.007487106e+01 -2.303644657e+00
    endloop
  endfacet
  facet normal 8.548619747e-01 1.353974342e-01 -5.008779168e-01
    outer loop
      vertex -3.332818747e+00 4.110476685e+01 2.303644657e+00
      vertex -4.682563782e+00 4.110476685e+01 0.000000000e+00
      vertex -4.453382969e+00 3.965777969e+01 0.000000000e+00
    endloop
  endfacet
  facet normal -8.548624516e-01 -1.353966594e-01 -5.008771420e-01
    outer loop
      vertex -1.983073592e+00 4.110476685e+01 -2.039013651e-07
      vertex -3.332818747e+00 4.110476685e+01 2.303644657e+00
      vertex -3.169699192e+00 4.007487106e+01 2.303644657e+00
    endloop
  endfacet
  facet normal -8.548637033e-01 1.353964508e-01 5.008750558e-01
    outer loop
      vertex -3.169698715e+00 4.213466644e+01 -2.303644657e+00
      vertex -1.886015058e+00 4.171757126e+01 2.039013793e-07
      vertex -1.983073592e+00 4.110476685e+01 -2.039013651e-07
    endloop
  endfacet
  facet normal 8.548600674e-01 -1.353965402e-01 5.008813739e-01
    outer loop
      vertex -4.453382969e+00 4.255176163e+01 -4.078027587e-07
      vertex -3.169698715e+00 4.213466644e+01 -2.303644657e+00
      vertex -3.332818747e+00 4.110476685e+01 -2.303644657e+00
    endloop
  endfacet
  facet normal 8.548612595e-01 -1.353960931e-01 -5.008792281e-01
    outer loop
      vertex -3.169698954e+00 4.213466644e+01 2.303644657e+00
      vertex -4.453382969e+00 4.255176163e+01 -4.078027587e-07
      vertex -4.682563782e+00 4.110476685e+01 0.000000000e+00
    endloop
  endfacet
  facet normal -8.548628688e-01 1.353969723e-01 -5.008764267e-01
    outer loop
      vertex -1.886015058e+00 4.171757126e+01 2.039013793e-07
      vertex -3.169698954e+00 4.213466644e+01 2.303644657e+00
      vertex -3.332818747e+00 4.110476685e+01 2.303644657e+00
    endloop
  endfacet
  facet normal -7.711813450e-01 3.929353356e-01 5.008804202e-01
    outer loop
      vertex -2.696306467e+00 4.306374741e+01 -2.303644657e+00
      vertex -1.604340672e+00 4.227038956e+01 2.039013651e-07
      vertex -1.886015058e+00 4.171757126e+01 2.039013793e-07
    endloop
  endfacet
  facet normal 7.711815834e-01 -3.929378986e-01 5.008780956e-01
    outer loop
      vertex -3.788273096e+00 4.385710907e+01 -4.078027303e-07
      vertex -2.696306467e+00 4.306374741e+01 -2.303644657e+00
      vertex -3.169698715e+00 4.213466644e+01 -2.303644657e+00
    endloop
  endfacet
  facet normal 7.711810470e-01 -3.929376006e-01 -5.008789897e-01
    outer loop
      vertex -2.696306944e+00 4.306374741e+01 2.303644657e+00
      vertex -3.788273096e+00 4.385710907e+01 -4.078027303e-07
      vertex -4.453382969e+00 4.255176163e+01 -4.078027587e-07
    endloop
  endfacet
  facet normal -7.711831331e-01 3.929386735e-01 -5.008749962e-01
    outer loop
      vertex -1.604340672e+00 4.227038956e+01 2.039013651e-07
      vertex -2.696306944e+00 4.306374741e+01 2.303644657e+00
      vertex -3.169698954e+00 4.213466644e+01 2.303644657e+00
    endloop
  endfacet
  facet normal -6.120116711e-01 6.120161414e-01 5.008771420e-01
    outer loop
      vertex -1.958980918e+00 4.380107498e+01 -2.303644657e+00
      vertex -1.165620685e+00 4.270910645e+01 2.039013225e-07
      vertex -1.604340672e+00 4.227038956e+01 2.039013651e-07
    endloop
  endfacet
  facet normal 6.120145917e-01 -6.120130420e-01 5.008774996e-01
    outer loop
      vertex -2.752341509e+00 4.489303970e+01 -4.078026450e-07
      vertex -1.958980918e+00 4.380107498e+01 -2.303644657e+00
      vertex -2.696306467e+00 4.306374741e+01 -2.303644657e+00
    endloop
  endfacet
  facet normal 6.120136380e-01 -6.120141149e-01 -5.008772612e-01
    outer loop
      vertex -1.958981156e+00 4.380107498e+01 2.303644657e+00
      vertex -2.752341509e+00 4.489303970e+01 -4.078026450e-07
      vertex -3.788273096e+00 4.385710907e+01 -4.078027303e-07
    endloop
  endfacet
  facet normal -6.120145321e-01 6.120131016e-01 -5.008774400e-01
    outer loop
      vertex -1.165620685e+00 4.270910645e+01 2.039013225e-07
      vertex -1.958981156e+00 4.380107498e+01 2.303644657e+00
      vertex -2.696306944e+00 4.306374741e+01 2.303644657e+00
    endloop
  endfacet
  facet normal -3.929398358e-01 7.711803317e-01 5.008782148e-01
    outer loop
      vertex -1.029897928e+00 4.427446747e+01 -2.303644657e+00
      vertex -6.128031015e-01 4.299078369e+01 2.039013793e-07
      vertex -1.165620685e+00 4.270910645e+01 2.039013225e-07
    endloop
  endfacet
  facet normal 3.929374516e-01 -7.711815834e-01 5.008783937e-01
    outer loop
      vertex -1.446992874e+00 4.555815125e+01 -4.078027587e-07
      vertex -1.029897928e+00 4.427446747e+01 -2.303644657e+00
      vertex -1.958980918e+00 4.380107498e+01 -2.303644657e+00
    endloop
  endfacet
  facet normal 3.929390311e-01 -7.711825967e-01 -5.008755922e-01
    outer loop
      vertex -1.029897928e+00 4.427446747e+01 2.303644657e+00
      vertex -1.446992874e+00 4.555815125e+01 -4.078027587e-07
      vertex -2.752341509e+00 4.489303970e+01 -4.078026450e-07
    endloop
  endfacet
  facet normal -3.929373622e-01 7.711805105e-01 -5.008801222e-01
    outer loop
      vertex -1.165620685e+00 4.270910645e+01 2.039013225e-07
      vertex -7.845051289e-01 4.351922607e+01 9.483225942e-01
      vertex -1.029897928e+00 4.427446747e+01 2.303644657e+00
    endloop
  endfacet
  facet normal -3.929369152e-01 7.711809278e-01 -5.008797646e-01
    outer loop
      vertex -1.958981156e+00 4.380107498e+01 2.303644657e+00
      vertex -1.165620685e+00 4.270910645e+01 2.039013225e-07
      vertex -1.029897928e+00 4.427446747e+01 2.303644657e+00
    endloop
  endfacet
  facet normal -1.353947669e-01 8.548616767e-01 5.008790493e-01
    outer loop
      vertex 3.974346896e-08 4.443758774e+01 -2.303644657e+00
      vertex 3.974346896e-08 4.308784103e+01 -2.039013367e-07
      vertex -6.128031015e-01 4.299078369e+01 2.039013793e-07
    endloop
  endfacet
  facet normal 1.353957355e-01 -8.548627496e-01 5.008769631e-01
    outer loop
      vertex -1.029897928e+00 4.427446747e+01 -2.303644657e+00
      vertex -1.446992874e+00 4.555815125e+01 -4.078027587e-07
      vertex 3.974346896e-08 4.578733063e+01 0.000000000e+00
    endloop
  endfacet
  facet normal 1.353963315e-01 -8.548643589e-01 -5.008738637e-01
    outer loop
      vertex -1.455285883e-07 4.443758774e+01 2.303644657e+00
      vertex 3.974346896e-08 4.578733063e+01 0.000000000e+00
      vertex -1.446992874e+00 4.555815125e+01 -4.078027587e-07
    endloop
  endfacet
  facet normal 1.353952289e-01 8.548627496e-01 5.008769631e-01
    outer loop
      vertex 1.029898047e+00 4.427446747e+01 -2.303644657e+00
      vertex 6.128036380e-01 4.299078369e+01 -2.039013793e-07
      vertex 3.974346896e-08 4.308784103e+01 -2.039013367e-07
    endloop
  endfacet
  facet normal -1.353959441e-01 -8.548626900e-01 5.008769631e-01
    outer loop
      vertex 3.974346896e-08 4.443758774e+01 -2.303644657e+00
      vertex 3.974346896e-08 4.578733063e+01 0.000000000e+00
      vertex 1.446992517e+00 4.555815125e+01 0.000000000e+00
    endloop
  endfacet
  facet normal -1.353959292e-01 -8.548626900e-01 -5.008769035e-01
    outer loop
      vertex 1.029898047e+00 4.427446747e+01 2.303644657e+00
      vertex 1.446992517e+00 4.555815125e+01 0.000000000e+00
      vertex 3.974346896e-08 4.578733063e+01 0.000000000e+00
    endloop
  endfacet
  facet normal 1.353974044e-01 8.548631668e-01 -5.008757710e-01
    outer loop
      vertex 6.128036380e-01 4.299078369e+01 -2.039013793e-07
      vertex 1.029898047e+00 4.427446747e+01 2.303644657e+00
      vertex -1.455285883e-07 4.443758774e+01 2.303644657e+00
    endloop
  endfacet
  facet normal 3.929393589e-01 7.711809874e-01 5.008777976e-01
    outer loop
      vertex 1.958982587e+00 4.380107498e+01 -2.303644657e+00
      vertex 1.165622115e+00 4.270910645e+01 -2.039013367e-07
      vertex 6.128036380e-01 4.299078369e+01 -2.039013793e-07
    endloop
  endfacet
  facet normal -3.929371536e-01 -7.711820602e-01 5.008777976e-01
    outer loop
      vertex 2.752342939e+00 4.489303970e+01 0.000000000e+00
      vertex 1.958982587e+00 4.380107498e+01 -2.303644657e+00
      vertex 1.029898047e+00 4.427446747e+01 -2.303644657e+00
    endloop
  endfacet
  facet normal 3.929366171e-01 7.711809874e-01 -5.008798242e-01
    outer loop
      vertex 1.165622115e+00 4.270910645e+01 -2.039013367e-07
      vertex 1.958982587e+00 4.380107498e+01 2.303644657e+00
      vertex 1.029898047e+00 4.427446747e+01 2.303644657e+00
    endloop
  endfacet
  facet normal 6.120114923e-01 6.120143533e-01 5.008794069e-01
    outer loop
      vertex 2.696307898e+00 4.306374741e+01 -2.303644657e+00
      vertex 1.604340911e+00 4.227038956e+01 -2.039013793e-07
      vertex 1.165622115e+00 4.270910645e+01 -2.039013367e-07
    endloop
  endfacet
  facet normal -6.120128036e-01 -6.120114326e-01 5.008814335e-01
    outer loop
      vertex 3.788274765e+00 4.385710907e+01 0.000000000e+00
      vertex 2.696307898e+00 4.306374741e+01 -2.303644657e+00
      vertex 1.958982587e+00 4.380107498e+01 -2.303644657e+00
    endloop
  endfacet
  facet normal -6.120116115e-01 -6.120126843e-01 -5.008815527e-01
    outer loop
      vertex 2.696307898e+00 4.306374741e+01 2.303644657e+00
      vertex 3.788274765e+00 4.385710907e+01 0.000000000e+00
      vertex 2.752342939e+00 4.489303970e+01 0.000000000e+00
    endloop
  endfacet
  facet normal 6.120147109e-01 6.120129228e-01 -5.008774400e-01
    outer loop
      vertex 1.604340911e+00 4.227038956e+01 -2.039013793e-07
      vertex 2.696307898e+00 4.306374741e+01 2.303644657e+00
      vertex 1.958982587e+00 4.380107498e+01 2.303644657e+00
    endloop
  endfacet
  facet normal 7.711786032e-01 3.929339647e-01 5.008856058e-01
    outer loop
      vertex 3.169698954e+00 4.213466644e+01 -2.303644657e+00
      vertex 1.886015058e+00 4.171757126e+01 -2.039013651e-07
      vertex 1.604340911e+00 4.227038956e+01 -2.039013793e-07
    endloop
  endfacet
  facet normal -7.711815238e-01 -3.929378390e-01 5.008780360e-01
    outer loop
      vertex 4.453382969e+00 4.255176163e+01 0.000000000e+00
      vertex 3.169698954e+00 4.213466644e+01 -2.303644657e+00
      vertex 2.696307898e+00 4.306374741e+01 -2.303644657e+00
    endloop
  endfacet
  facet normal -7.711815238e-01 -3.929374218e-01 -5.008784533e-01
    outer loop
      vertex 3.169698954e+00 4.213466644e+01 2.303644657e+00
      vertex 4.453382969e+00 4.255176163e+01 0.000000000e+00
      vertex 3.788274765e+00 4.385710907e+01 0.000000000e+00
    endloop
  endfacet
  facet normal 7.711818218e-01 3.929372430e-01 -5.008781552e-01
    outer loop
      vertex 1.886015058e+00 4.171757126e+01 -2.039013651e-07
      vertex 3.169698954e+00 4.213466644e+01 2.303644657e+00
      vertex 2.696307898e+00 4.306374741e+01 2.303644657e+00
    endloop
  endfacet
  facet normal -1.353973150e-01 8.548679948e-01 5.008675456e-01
    outer loop
      vertex 1.311257482e+00 3.662990570e+01 2.831183156e-05
      vertex -5.838397144e-08 3.777146149e+01 -2.302815914e+00
      vertex 1.029897571e+00 3.793506622e+01 -2.303644657e+00
    endloop
  endfacet
  facet normal 1.353943497e-01 8.548640609e-01 -5.008751154e-01
    outer loop
      vertex -1.456821366e-07 3.777194977e+01 2.303644657e+00
      vertex -1.029897809e+00 3.793506622e+01 2.303644657e+00
      vertex -1.446992517e+00 3.665138626e+01 0.000000000e+00
    endloop
  endfacet
  facet normal -1.353993565e-01 8.548617959e-01 -5.008776784e-01
    outer loop
      vertex -7.845051289e-01 4.351922607e+01 9.483225942e-01
      vertex -6.128031015e-01 4.299078369e+01 2.039013793e-07
      vertex -1.455285883e-07 4.443758774e+01 2.303644657e+00
    endloop
  endfacet
  facet normal 8.944271803e-01 -4.472135901e-01 0.000000000e+00
    outer loop
      vertex -5.810852051e-01 4.375735474e+01 1.299753666e+00
      vertex -7.845051289e-01 4.351922607e+01 9.483225942e-01
      vertex -1.455285883e-07 4.443758774e+01 2.303644657e+00
    endloop
  endfacet
  facet normal 0.000000000e+00 1.000000000e+00 0.000000000e+00
    outer loop
      vertex -7.845051289e-01 4.351922607e+01 9.483225942e-01
      vertex -5.810852051e-01 4.375735474e+01 1.299753666e+00
      vertex -1.455285883e-07 4.443758774e+01 2.303644657e+00
    endloop
  endfacet
  facet normal -3.929383159e-01 -7.711822391e-01 -5.008766651e-01
    outer loop
      vertex 1.958982587e+00 4.380107498e+01 2.303644657e+00
      vertex 2.752342939e+00 4.489303970e+01 0.000000000e+00
      vertex 1.446992517e+00 4.555815125e+01 0.000000000e+00
    endloop
  endfacet
  facet normal -3.929371238e-01 -7.711820006e-01 -5.008778572e-01
    outer loop
      vertex 1.446992517e+00 4.555815125e+01 0.000000000e+00
      vertex 1.029898047e+00 4.427446747e+01 2.303644657e+00
      vertex 1.958982587e+00 4.380107498e+01 2.303644657e+00
    endloop
  endfacet
  facet normal -1.353973299e-01 8.548623323e-01 -5.008772016e-01
    outer loop
      vertex -1.455285883e-07 4.443758774e+01 2.303644657e+00
      vertex -1.029897928e+00 4.427446747e+01 2.303644657e+00
      vertex -7.845051289e-01 4.351922607e+01 9.483225942e-01
    endloop
  endfacet
  facet normal -1.353955567e-01 8.548613191e-01 -5.008793473e-01
    outer loop
      vertex -6.128031015e-01 4.299078369e+01 2.039013793e-07
      vertex 3.974346896e-08 4.308784103e+01 -2.039013367e-07
      vertex -1.455285883e-07 4.443758774e+01 2.303644657e+00
    endloop
  endfacet
  facet normal 1.351064444e-01 8.549656272e-01 -5.007793903e-01
    outer loop
      vertex -1.446992517e+00 3.665138626e+01 0.000000000e+00
      vertex -1.344148993e+00 3.663511658e+01 -3.019754877e-05
      vertex -1.456821366e-07 3.777194977e+01 2.303644657e+00
    endloop
  endfacet
  facet normal -1.351864636e-01 8.549010158e-01 5.008681417e-01
    outer loop
      vertex 1.029897571e+00 3.793506622e+01 -2.303644657e+00
      vertex 1.446992159e+00 3.665138626e+01 0.000000000e+00
      vertex 1.311257482e+00 3.662990570e+01 2.831183156e-05
    endloop
  endfacet
  facet normal 7.711820006e-01 3.929362595e-01 -5.008785129e-01
    outer loop
      vertex 2.696307898e+00 4.306374741e+01 2.303644657e+00
      vertex 1.604340911e+00 4.227038956e+01 -2.039013793e-07
      vertex 1.886015058e+00 4.171757126e+01 -2.039013651e-07
    endloop
  endfacet
  facet normal -7.711825371e-01 -3.929369748e-01 -5.008773208e-01
    outer loop
      vertex 3.788274765e+00 4.385710907e+01 0.000000000e+00
      vertex 2.696307898e+00 4.306374741e+01 2.303644657e+00
      vertex 3.169698954e+00 4.213466644e+01 2.303644657e+00
    endloop
  endfacet
  facet normal -7.711821795e-01 -3.929367661e-01 5.008778572e-01
    outer loop
      vertex 2.696307898e+00 4.306374741e+01 -2.303644657e+00
      vertex 3.788274765e+00 4.385710907e+01 0.000000000e+00
      vertex 4.453382969e+00 4.255176163e+01 0.000000000e+00
    endloop
  endfacet
  facet normal 7.711839080e-01 3.929383755e-01 5.008741021e-01
    outer loop
      vertex 1.604340911e+00 4.227038956e+01 -2.039013793e-07
      vertex 2.696307898e+00 4.306374741e+01 -2.303644657e+00
      vertex 3.169698954e+00 4.213466644e+01 -2.303644657e+00
    endloop
  endfacet
  facet normal 6.120116711e-01 6.120141149e-01 -5.008794665e-01
    outer loop
      vertex 1.958982587e+00 4.380107498e+01 2.303644657e+00
      vertex 1.165622115e+00 4.270910645e+01 -2.039013367e-07
      vertex 1.604340911e+00 4.227038956e+01 -2.039013793e-07
    endloop
  endfacet
  facet normal -6.120147705e-01 -6.120127439e-01 -5.008775592e-01
    outer loop
      vertex 2.752342939e+00 4.489303970e+01 0.000000000e+00
      vertex 1.958982587e+00 4.380107498e+01 2.303644657e+00
      vertex 2.696307898e+00 4.306374741e+01 2.303644657e+00
    endloop
  endfacet
  facet normal -6.120129228e-01 -6.120135784e-01 5.008787513e-01
    outer loop
      vertex 1.958982587e+00 4.380107498e+01 -2.303644657e+00
      vertex 2.752342939e+00 4.489303970e+01 0.000000000e+00
      vertex 3.788274765e+00 4.385710907e+01 0.000000000e+00
    endloop
  endfacet
  facet normal 6.120147705e-01 6.120128036e-01 5.008775592e-01
    outer loop
      vertex 1.165622115e+00 4.270910645e+01 -2.039013367e-07
      vertex 1.958982587e+00 4.380107498e+01 -2.303644657e+00
      vertex 2.696307898e+00 4.306374741e+01 -2.303644657e+00
    endloop
  endfacet
  facet normal 3.929393888e-01 7.711810470e-01 -5.008776188e-01
    outer loop
      vertex 1.029898047e+00 4.427446747e+01 2.303644657e+00
      vertex 6.128036380e-01 4.299078369e+01 -2.039013793e-07
      vertex 1.165622115e+00 4.270910645e+01 -2.039013367e-07
    endloop
  endfacet
  facet normal -3.929382861e-01 -7.711821795e-01 5.008767247e-01
    outer loop
      vertex 1.029898047e+00 4.427446747e+01 -2.303644657e+00
      vertex 1.446992517e+00 4.555815125e+01 0.000000000e+00
      vertex 2.752342939e+00 4.489303970e+01 0.000000000e+00
    endloop
  endfacet
  facet normal 3.929365873e-01 7.711810470e-01 5.008799434e-01
    outer loop
      vertex 6.128036380e-01 4.299078369e+01 -2.039013793e-07
      vertex 1.029898047e+00 4.427446747e+01 -2.303644657e+00
      vertex 1.958982587e+00 4.380107498e+01 -2.303644657e+00
    endloop
  endfacet
  facet normal 1.353951097e-01 8.548617959e-01 -5.008786321e-01
    outer loop
      vertex -1.455285883e-07 4.443758774e+01 2.303644657e+00
      vertex 3.974346896e-08 4.308784103e+01 -2.039013367e-07
      vertex 6.128036380e-01 4.299078369e+01 -2.039013793e-07
    endloop
  endfacet
  facet normal -1.353970319e-01 -8.548607826e-01 -5.008799434e-01
    outer loop
      vertex 3.974346896e-08 4.578733063e+01 0.000000000e+00
      vertex -1.455285883e-07 4.443758774e+01 2.303644657e+00
      vertex 1.029898047e+00 4.427446747e+01 2.303644657e+00
    endloop
  endfacet
  facet normal -1.353972256e-01 -8.548619747e-01 5.008778572e-01
    outer loop
      vertex 1.446992517e+00 4.555815125e+01 0.000000000e+00
      vertex 1.029898047e+00 4.427446747e+01 -2.303644657e+00
      vertex 3.974346896e-08 4.443758774e+01 -2.303644657e+00
    endloop
  endfacet
  facet normal 1.353970766e-01 8.548607230e-01 5.008800626e-01
    outer loop
      vertex 3.974346896e-08 4.308784103e+01 -2.039013367e-07
      vertex 3.974346896e-08 4.443758774e+01 -2.303644657e+00
      vertex 1.029898047e+00 4.427446747e+01 -2.303644657e+00
    endloop
  endfacet
  facet normal 1.353970319e-01 -8.548606634e-01 -5.008799434e-01
    outer loop
      vertex -1.446992874e+00 4.555815125e+01 -4.078027587e-07
      vertex -1.029897928e+00 4.427446747e+01 2.303644657e+00
      vertex -1.455285883e-07 4.443758774e+01 2.303644657e+00
    endloop
  endfacet
  facet normal 1.353972405e-01 -8.548619747e-01 5.008779168e-01
    outer loop
      vertex 3.974346896e-08 4.578733063e+01 0.000000000e+00
      vertex 3.974346896e-08 4.443758774e+01 -2.303644657e+00
      vertex -1.029897928e+00 4.427446747e+01 -2.303644657e+00
    endloop
  endfacet
  facet normal -1.353975832e-01 8.548642993e-01 5.008736849e-01
    outer loop
      vertex -6.128031015e-01 4.299078369e+01 2.039013793e-07
      vertex -1.029897928e+00 4.427446747e+01 -2.303644657e+00
      vertex 3.974346896e-08 4.443758774e+01 -2.303644657e+00
    endloop
  endfacet
  facet normal -3.929410279e-01 7.711830139e-01 -5.008735061e-01
    outer loop
      vertex -1.165620685e+00 4.270910645e+01 2.039013225e-07
      vertex -6.128031015e-01 4.299078369e+01 2.039013793e-07
      vertex -7.845051289e-01 4.351922607e+01 9.483225942e-01
    endloop
  endfacet
  facet normal 3.929369152e-01 -7.711807489e-01 -5.008801222e-01
    outer loop
      vertex -2.752341509e+00 4.489303970e+01 -4.078026450e-07
      vertex -1.958981156e+00 4.380107498e+01 2.303644657e+00
      vertex -1.029897928e+00 4.427446747e+01 2.303644657e+00
    endloop
  endfacet
  facet normal 3.929386735e-01 -7.711817026e-01 5.008772016e-01
    outer loop
      vertex -1.958980918e+00 4.380107498e+01 -2.303644657e+00
      vertex -2.752341509e+00 4.489303970e+01 -4.078026450e-07
      vertex -1.446992874e+00 4.555815125e+01 -4.078027587e-07
    endloop
  endfacet
  facet normal -3.929370046e-01 7.711805701e-01 5.008803606e-01
    outer loop
      vertex -1.165620685e+00 4.270910645e+01 2.039013225e-07
      vertex -1.958980918e+00 4.380107498e+01 -2.303644657e+00
      vertex -1.029897928e+00 4.427446747e+01 -2.303644657e+00
    endloop
  endfacet
  facet normal -6.120101810e-01 6.120147705e-01 -5.008806586e-01
    outer loop
      vertex -2.696306944e+00 4.306374741e+01 2.303644657e+00
      vertex -1.604340672e+00 4.227038956e+01 2.039013651e-07
      vertex -1.165620685e+00 4.270910645e+01 2.039013225e-07
    endloop
  endfacet
  facet normal 6.120129228e-01 -6.120114326e-01 -5.008814335e-01
    outer loop
      vertex -3.788273096e+00 4.385710907e+01 -4.078027303e-07
      vertex -2.696306944e+00 4.306374741e+01 2.303644657e+00
      vertex -1.958981156e+00 4.380107498e+01 2.303644657e+00
    endloop
  endfacet
  facet normal 6.120123863e-01 -6.120128632e-01 5.008803606e-01
    outer loop
      vertex -2.696306467e+00 4.306374741e+01 -2.303644657e+00
      vertex -3.788273096e+00 4.385710907e+01 -4.078027303e-07
      vertex -2.752341509e+00 4.489303970e+01 -4.078026450e-07
    endloop
  endfacet
  facet normal -6.120145917e-01 6.120131612e-01 5.008773208e-01
    outer loop
      vertex -1.604340672e+00 4.227038956e+01 2.039013651e-07
      vertex -2.696306467e+00 4.306374741e+01 -2.303644657e+00
      vertex -1.958980918e+00 4.380107498e+01 -2.303644657e+00
    endloop
  endfacet
  facet normal -7.711796165e-01 3.929344714e-01 -5.008839369e-01
    outer loop
      vertex -3.169698954e+00 4.213466644e+01 2.303644657e+00
      vertex -1.886015058e+00 4.171757126e+01 2.039013793e-07
      vertex -1.604340672e+00 4.227038956e+01 2.039013651e-07
    endloop
  endfacet
  facet normal 7.711820006e-01 -3.929387033e-01 -5.008769035e-01
    outer loop
      vertex -4.453382969e+00 4.255176163e+01 -4.078027587e-07
      vertex -3.169698954e+00 4.213466644e+01 2.303644657e+00
      vertex -2.696306944e+00 4.306374741e+01 2.303644657e+00
    endloop
  endfacet
  facet normal 7.711813450e-01 -3.929378688e-01 5.008783937e-01
    outer loop
      vertex -3.169698715e+00 4.213466644e+01 -2.303644657e+00
      vertex -4.453382969e+00 4.255176163e+01 -4.078027587e-07
      vertex -3.788273096e+00 4.385710907e+01 -4.078027303e-07
    endloop
  endfacet
  facet normal -7.711809874e-01 3.929378390e-01 5.008789897e-01
    outer loop
      vertex -1.886015058e+00 4.171757126e+01 2.039013793e-07
      vertex -3.169698715e+00 4.213466644e+01 -2.303644657e+00
      vertex -2.696306467e+00 4.306374741e+01 -2.303644657e+00
    endloop
  endfacet
  facet normal -8.548617959e-01 1.353965402e-01 -5.008785129e-01
    outer loop
      vertex -3.332818747e+00 4.110476685e+01 2.303644657e+00
      vertex -1.983073592e+00 4.110476685e+01 -2.039013651e-07
      vertex -1.886015058e+00 4.171757126e+01 2.039013793e-07
    endloop
  endfacet
  facet normal 8.548616767e-01 -1.353967488e-01 -5.008783937e-01
    outer loop
      vertex -4.682563782e+00 4.110476685e+01 0.000000000e+00
      vertex -3.332818747e+00 4.110476685e+01 2.303644657e+00
      vertex -3.169698954e+00 4.213466644e+01 2.303644657e+00
    endloop
  endfacet
  facet normal 8.548621535e-01 -1.353967488e-01 5.008777976e-01
    outer loop
      vertex -3.332818747e+00 4.110476685e+01 -2.303644657e+00
      vertex -4.682563782e+00 4.110476685e+01 0.000000000e+00
      vertex -4.453382969e+00 4.255176163e+01 -4.078027587e-07
    endloop
  endfacet
  facet normal -8.548621535e-01 1.353968531e-01 5.008776784e-01
    outer loop
      vertex -1.983073592e+00 4.110476685e+01 -2.039013651e-07
      vertex -3.332818747e+00 4.110476685e+01 -2.303644657e+00
      vertex -3.169698715e+00 4.213466644e+01 -2.303644657e+00
    endloop
  endfacet
  facet normal -8.548606038e-01 -1.353961527e-01 -5.008804202e-01
    outer loop
      vertex -3.169699192e+00 4.007487106e+01 2.303644657e+00
      vertex -1.886015177e+00 4.049196243e+01 -2.039013367e-07
      vertex -1.983073592e+00 4.110476685e+01 -2.039013651e-07
    endloop
  endfacet
  facet normal 8.548618555e-01 1.353965700e-01 -5.008781552e-01
    outer loop
      vertex -4.453382969e+00 3.965777969e+01 0.000000000e+00
      vertex -3.169699192e+00 4.007487106e+01 2.303644657e+00
      vertex -3.332818747e+00 4.110476685e+01 2.303644657e+00
    endloop
  endfacet
  facet normal 8.548611403e-01 1.353967935e-01 5.008793473e-01
    outer loop
      vertex -3.169699192e+00 4.007487106e+01 -2.303644657e+00
      vertex -4.453382969e+00 3.965777969e+01 0.000000000e+00
      vertex -4.682563782e+00 4.110476685e+01 0.000000000e+00
    endloop
  endfacet
  facet normal -8.548623323e-01 -1.353970170e-01 5.008772016e-01
    outer loop
      vertex -1.886015177e+00 4.049196243e+01 -2.039013367e-07
      vertex -3.169699192e+00 4.007487106e+01 -2.303644657e+00
      vertex -3.332818747e+00 4.110476685e+01 -2.303644657e+00
    endloop
  endfacet
  facet normal -7.711798549e-01 -3.929378390e-01 -5.008805394e-01
    outer loop
      vertex -2.696307421e+00 3.914578629e+01 2.303644657e+00
      vertex -1.604340196e+00 3.993914795e+01 -2.039013793e-07
      vertex -1.886015177e+00 4.049196243e+01 -2.039013367e-07
    endloop
  endfacet
  facet normal 7.711827159e-01 3.929371536e-01 -5.008767247e-01
    outer loop
      vertex -3.788274765e+00 3.835242462e+01 0.000000000e+00
      vertex -2.696307421e+00 3.914578629e+01 2.303644657e+00
      vertex -3.169699192e+00 4.007487106e+01 2.303644657e+00
    endloop
  endfacet
  facet normal 7.711831331e-01 3.929356933e-01 5.008774996e-01
    outer loop
      vertex -2.696307421e+00 3.914578629e+01 -2.303644657e+00
      vertex -3.788274765e+00 3.835242462e+01 0.000000000e+00
      vertex -4.453382969e+00 3.965777969e+01 0.000000000e+00
    endloop
  endfacet
  facet normal -7.711808085e-01 -3.929355443e-01 5.008810759e-01
    outer loop
      vertex -1.604340196e+00 3.993914795e+01 -2.039013793e-07
      vertex -2.696307421e+00 3.914578629e+01 -2.303644657e+00
      vertex -3.169699192e+00 4.007487106e+01 -2.303644657e+00
    endloop
  endfacet
  facet normal -6.120156646e-01 -6.120130420e-01 -5.008760095e-01
    outer loop
      vertex -1.958981514e+00 3.840845871e+01 2.303644657e+00
      vertex -1.165621161e+00 3.950042725e+01 -2.039013367e-07
      vertex -1.604340196e+00 3.993914795e+01 -2.039013793e-07
    endloop
  endfacet
  facet normal 6.120142341e-01 6.120125055e-01 -5.008784533e-01
    outer loop
      vertex -2.752341986e+00 3.731649399e+01 0.000000000e+00
      vertex -1.958981514e+00 3.840845871e+01 2.303644657e+00
      vertex -2.696307421e+00 3.914578629e+01 2.303644657e+00
    endloop
  endfacet
  facet normal 6.120133400e-01 6.120144725e-01 5.008771420e-01
    outer loop
      vertex -1.958981514e+00 3.840845871e+01 -2.303644657e+00
      vertex -2.752341986e+00 3.731649399e+01 0.000000000e+00
      vertex -3.788274765e+00 3.835242462e+01 0.000000000e+00
    endloop
  endfacet
  facet normal -6.120149493e-01 -6.120135188e-01 5.008763671e-01
    outer loop
      vertex -1.165621161e+00 3.950042725e+01 -2.039013367e-07
      vertex -1.958981514e+00 3.840845871e+01 -2.303644657e+00
      vertex -2.696307421e+00 3.914578629e+01 -2.303644657e+00
    endloop
  endfacet
  facet normal -3.929395676e-01 -7.711808085e-01 -5.008779168e-01
    outer loop
      vertex -1.029897809e+00 3.793506622e+01 2.303644657e+00
      vertex -6.128029823e-01 3.921875000e+01 -2.039013793e-07
      vertex -1.165621161e+00 3.950042725e+01 -2.039013367e-07
    endloop
  endfacet
  facet normal 3.929380476e-01 7.711827755e-01 -5.008760691e-01
    outer loop
      vertex -1.446992517e+00 3.665138626e+01 0.000000000e+00
      vertex -1.029897809e+00 3.793506622e+01 2.303644657e+00
      vertex -1.958981514e+00 3.840845871e+01 2.303644657e+00
    endloop
  endfacet
  facet normal 3.929370046e-01 7.711833715e-01 5.008759499e-01
    outer loop
      vertex -1.029897809e+00 3.793506622e+01 -2.303644657e+00
      vertex -1.446992517e+00 3.665138626e+01 0.000000000e+00
      vertex -2.752341986e+00 3.731649399e+01 0.000000000e+00
    endloop
  endfacet
  facet normal -3.929367661e-01 -7.711806893e-01 5.008801818e-01
    outer loop
      vertex -6.128029823e-01 3.921875000e+01 -2.039013793e-07
      vertex -1.029897809e+00 3.793506622e+01 -2.303644657e+00
      vertex -1.958981514e+00 3.840845871e+01 -2.303644657e+00
    endloop
  endfacet
  facet normal -1.353955716e-01 -8.548635244e-01 -5.008757114e-01
    outer loop
      vertex -1.456821366e-07 3.777194977e+01 2.303644657e+00
      vertex -1.456821366e-07 3.912169266e+01 -2.039013651e-07
      vertex -6.128029823e-01 3.921875000e+01 -2.039013793e-07
    endloop
  endfacet
  facet normal 1.353843808e-01 8.548592329e-01 5.008860826e-01
    outer loop
      vertex -5.838397144e-08 3.777146149e+01 -2.302815914e+00
      vertex -1.344148993e+00 3.663511658e+01 -3.019754877e-05
      vertex -1.446992517e+00 3.665138626e+01 0.000000000e+00
    endloop
  endfacet
  facet normal -1.361631304e-01 -8.546134233e-01 5.010941625e-01
    outer loop
      vertex -1.456821366e-07 3.912169266e+01 -2.039013651e-07
      vertex -5.838397144e-08 3.777146149e+01 -2.302815914e+00
      vertex -1.029897809e+00 3.793506622e+01 -2.303644657e+00
    endloop
  endfacet
  facet normal 1.353955120e-01 -8.548635840e-01 -5.008754730e-01
    outer loop
      vertex 1.029897571e+00 3.793506622e+01 2.303644657e+00
      vertex 6.128029823e-01 3.921875000e+01 -2.039013793e-07
      vertex -1.456821366e-07 3.912169266e+01 -2.039013651e-07
    endloop
  endfacet
  facet normal -1.353897601e-01 8.548610210e-01 -5.008814335e-01
    outer loop
      vertex -1.456821366e-07 3.777194977e+01 2.303644657e+00
      vertex 1.311257482e+00 3.662990570e+01 2.831183156e-05
      vertex 1.446992159e+00 3.665138626e+01 0.000000000e+00
    endloop
  endfacet
  facet normal 1.361776441e-01 -8.547053337e-01 5.009335279e-01
    outer loop
      vertex 6.128029823e-01 3.921875000e+01 -2.039013793e-07
      vertex 1.029897571e+00 3.793506622e+01 -2.303644657e+00
      vertex -5.838397144e-08 3.777146149e+01 -2.302815914e+00
    endloop
  endfacet
  facet normal 3.929395080e-01 -7.711808085e-01 -5.008779168e-01
    outer loop
      vertex 1.958981752e+00 3.840845871e+01 2.303644657e+00
      vertex 1.165621281e+00 3.950042725e+01 -2.039013367e-07
      vertex 6.128029823e-01 3.921875000e+01 -2.039013793e-07
    endloop
  endfacet
  facet normal -3.929372430e-01 7.711818814e-01 -5.008779168e-01
    outer loop
      vertex 2.752342224e+00 3.731649399e+01 0.000000000e+00
      vertex 1.958981752e+00 3.840845871e+01 2.303644657e+00
      vertex 1.029897571e+00 3.793506622e+01 2.303644657e+00
    endloop
  endfacet
  facet normal -3.929364383e-01 7.711827755e-01 5.008772612e-01
    outer loop
      vertex 1.958981752e+00 3.840845871e+01 -2.303644657e+00
      vertex 2.752342224e+00 3.731649399e+01 0.000000000e+00
      vertex 1.446992159e+00 3.665138626e+01 0.000000000e+00
    endloop
  endfacet
  facet normal 3.929367065e-01 -7.711808681e-01 5.008800626e-01
    outer loop
      vertex 1.165621281e+00 3.950042725e+01 -2.039013367e-07
      vertex 1.958981752e+00 3.840845871e+01 -2.303644657e+00
      vertex 1.029897571e+00 3.793506622e+01 -2.303644657e+00
    endloop
  endfacet
  facet normal 6.120146513e-01 -6.120127439e-01 -5.008776188e-01
    outer loop
      vertex 2.696307182e+00 3.914578629e+01 2.303644657e+00
      vertex 1.604340672e+00 3.993914795e+01 -2.039013651e-07
      vertex 1.165621281e+00 3.950042725e+01 -2.039013367e-07
    endloop
  endfacet
  facet normal -6.120120287e-01 6.120106578e-01 -5.008835196e-01
    outer loop
      vertex 3.788273811e+00 3.835242462e+01 0.000000000e+00
      vertex 2.696307182e+00 3.914578629e+01 2.303644657e+00
      vertex 1.958981752e+00 3.840845871e+01 2.303644657e+00
    endloop
  endfacet
  facet normal -6.120123863e-01 6.120129824e-01 5.008802414e-01
    outer loop
      vertex 2.696307182e+00 3.914578629e+01 -2.303644657e+00
      vertex 3.788273811e+00 3.835242462e+01 0.000000000e+00
      vertex 2.752342224e+00 3.731649399e+01 0.000000000e+00
    endloop
  endfacet
  facet normal 6.120150089e-01 -6.120133996e-01 5.008764267e-01
    outer loop
      vertex 1.604340672e+00 3.993914795e+01 -2.039013651e-07
      vertex 2.696307182e+00 3.914578629e+01 -2.303644657e+00
      vertex 1.958981752e+00 3.840845871e+01 -2.303644657e+00
    endloop
  endfacet
  facet normal 7.711803913e-01 -3.929381073e-01 -5.008797646e-01
    outer loop
      vertex 3.169698954e+00 4.007486725e+01 2.303644657e+00
      vertex 1.886015058e+00 4.049196243e+01 -2.039013651e-07
      vertex 1.604340672e+00 3.993914795e+01 -2.039013651e-07
    endloop
  endfacet
  facet normal -7.711815238e-01 3.929378390e-01 -5.008780360e-01
    outer loop
      vertex 4.453382969e+00 3.965777206e+01 0.000000000e+00
      vertex 3.169698954e+00 4.007486725e+01 2.303644657e+00
      vertex 2.696307182e+00 3.914578629e+01 2.303644657e+00
    endloop
  endfacet
  facet normal -7.711813450e-01 3.929378390e-01 5.008783340e-01
    outer loop
      vertex 3.169698954e+00 4.007486725e+01 -2.303644657e+00
      vertex 4.453382969e+00 3.965777206e+01 0.000000000e+00
      vertex 3.788273811e+00 3.835242462e+01 0.000000000e+00
    endloop
  endfacet
  facet normal 7.711805105e-01 -3.929373324e-01 5.008801818e-01
    outer loop
      vertex 1.886015058e+00 4.049196243e+01 -2.039013651e-07
      vertex 3.169698954e+00 4.007486725e+01 -2.303644657e+00
      vertex 2.696307182e+00 3.914578629e+01 -2.303644657e+00
    endloop
  endfacet
  facet normal 8.548600078e-01 -1.353960782e-01 -5.008815527e-01
    outer loop
      vertex 3.332818747e+00 4.110476685e+01 2.303644657e+00
      vertex 1.983073592e+00 4.110476685e+01 -2.039013651e-07
      vertex 1.886015058e+00 4.049196243e+01 -2.039013651e-07
    endloop
  endfacet
  facet normal -8.548621535e-01 1.353968382e-01 -5.008776188e-01
    outer loop
      vertex 4.682563782e+00 4.110476685e+01 0.000000000e+00
      vertex 3.332818747e+00 4.110476685e+01 2.303644657e+00
      vertex 3.169698954e+00 4.007486725e+01 2.303644657e+00
    endloop
  endfacet
  facet normal -8.548631668e-01 1.353969127e-01 5.008759499e-01
    outer loop
      vertex 3.332818747e+00 4.110476685e+01 -2.303644657e+00
      vertex 4.682563782e+00 4.110476685e+01 0.000000000e+00
      vertex 4.453382969e+00 3.965777206e+01 0.000000000e+00
    endloop
  endfacet
  facet normal 8.548612595e-01 -1.353967041e-01 5.008792281e-01
    outer loop
      vertex 1.983073592e+00 4.110476685e+01 -2.039013651e-07
      vertex 3.332818747e+00 4.110476685e+01 -2.303644657e+00
      vertex 3.169698954e+00 4.007486725e+01 -2.303644657e+00
    endloop
  endfacet
  facet normal 8.548617363e-01 1.353963614e-01 5.008785725e-01
    outer loop
      vertex 3.332818747e+00 4.110476685e+01 -2.303644657e+00
      vertex 1.983073592e+00 4.110476685e+01 -2.039013651e-07
      vertex 1.886015058e+00 4.171757126e+01 -2.039013651e-07
    endloop
  endfacet
  facet normal -8.548616767e-01 -1.353967488e-01 5.008783937e-01
    outer loop
      vertex 4.682563782e+00 4.110476685e+01 0.000000000e+00
      vertex 3.332818747e+00 4.110476685e+01 -2.303644657e+00
      vertex 3.169698954e+00 4.213466644e+01 -2.303644657e+00
    endloop
  endfacet
  facet normal -8.548620939e-01 -1.353967339e-01 -5.008777976e-01
    outer loop
      vertex 3.332818747e+00 4.110476685e+01 2.303644657e+00
      vertex 4.682563782e+00 4.110476685e+01 0.000000000e+00
      vertex 4.453382969e+00 4.255176163e+01 0.000000000e+00
    endloop
  endfacet
  facet normal 8.548617959e-01 1.353964061e-01 -5.008783937e-01
    outer loop
      vertex 1.983073592e+00 4.110476685e+01 -2.039013651e-07
      vertex 3.332818747e+00 4.110476685e+01 2.303644657e+00
      vertex 3.169698954e+00 4.213466644e+01 2.303644657e+00
    endloop
  endfacet
  facet normal -8.654727340e-01 0.000000000e+00 5.009560585e-01
    outer loop
      vertex -7.845051289e-01 4.351922607e+01 9.483225942e-01
      vertex -1.029897928e+00 4.427446747e+01 5.243782997e-01
      vertex -5.810852051e-01 4.375735474e+01 1.299753666e+00
    endloop
  endfacet
  facet normal 8.654707074e-01 0.000000000e+00 -5.009593964e-01
    outer loop
      vertex -5.810852051e-01 4.375735474e+01 1.299753666e+00
      vertex -1.029897928e+00 4.427446747e+01 5.243782997e-01
      vertex -7.845051289e-01 4.351922607e+01 9.483225942e-01
    endloop
  endfacet
  facet normal 8.655672073e-01 9.822297579e-05 -5.007928014e-01
    outer loop
      vertex -1.333127499e+00 1.033971500e+01 4.303879105e-04
      vertex -1.332909942e+00 5.472488403e+00 -1.482151711e-04
      vertex -5.395073188e-08 5.472488403e+00 2.303644657e+00
    endloop
  endfacet
  facet normal -8.656052947e-01 6.219606439e-05 5.007268190e-01
    outer loop
      vertex 1.332600474e+00 5.472488403e+00 -6.610366981e-04
      vertex 3.934922279e-04 5.472488403e+00 -2.303644419e+00
      vertex 7.988536963e-04 1.110893536e+01 -2.303643942e+00
    endloop
  endfacet
  facet normal -8.654731512e-01 1.962618961e-15 -5.009552836e-01
    outer loop
      vertex 1.333127379e+00 1.033971596e+01 4.727100604e-04
      vertex -6.952802067e-08 1.110917091e+01 2.303644896e+00
      vertex -5.395073188e-08 5.472488403e+00 2.303644657e+00
    endloop
  endfacet
  facet normal 8.654750586e-01 -6.226817641e-05 5.009519458e-01
    outer loop
      vertex 7.988536963e-04 1.110893536e+01 -2.303643942e+00
      vertex 3.934922279e-04 5.472488403e+00 -2.303644419e+00
      vertex -1.332909942e+00 5.472488403e+00 -1.482151711e-04
    endloop
  endfacet
  facet normal -4.327385426e-01 -7.492985129e-01 5.012875795e-01
    outer loop
      vertex -9.620049477e+00 5.554137707e+00 -2.303649664e+00
      vertex -8.287892342e+00 6.324379444e+00 -2.348202281e-03
      vertex -6.812374115e+00 5.472488403e+00 -1.961264759e-03
    endloop
  endfacet
  facet normal -4.329910576e-01 -7.501890063e-01 -4.997351468e-01
    outer loop
      vertex -6.814639568e+00 5.472488403e+00 0.000000000e+00
      vertex -6.812374115e+00 5.472488403e+00 -1.961264759e-03
      vertex -8.287892342e+00 6.324379444e+00 -2.348202281e-03
    endloop
  endfacet
  facet normal 4.328893721e-01 -7.524572015e-01 4.964020550e-01
    outer loop
      vertex -9.761499405e+00 5.472488403e+00 -2.303649664e+00
      vertex -1.240333080e+01 5.472488403e+00 1.785470959e-04
      vertex -1.228722572e+01 5.539286613e+00 1.813092094e-04
    endloop
  endfacet
  facet normal 4.338372946e-01 -7.514262199e-01 -4.971357882e-01
    outer loop
      vertex -9.763410568e+00 5.472488403e+00 2.303632975e+00
      vertex -9.617059708e+00 5.556984425e+00 2.303632736e+00
      vertex -1.228722572e+01 5.539286613e+00 1.813092094e-04
    endloop
  endfacet
  facet normal 4.336643517e-01 -7.517324686e-01 -4.968234003e-01
    outer loop
      vertex 9.610486031e+00 5.560780048e+00 2.303572655e+00
      vertex 8.287897110e+00 6.324376583e+00 -6.262292154e-03
      vertex 6.812381744e+00 5.472488403e+00 -5.230424926e-03
    endloop
  endfacet
  facet normal -4.336211681e-01 -7.514693141e-01 4.972592294e-01
    outer loop
      vertex 9.618442535e+00 5.553210258e+00 -2.303678989e+00
      vertex 1.228719330e+01 5.537983418e+00 5.200526211e-04
      vertex 1.236944580e+01 5.472488403e+00 -2.673015930e-02
    endloop
  endfacet
  facet normal 2.859064552e-04 4.811979015e-04 -9.999998808e-01
    outer loop
      vertex 9.743497849e+00 5.472488403e+00 2.303565264e+00
      vertex 9.783699036e+00 5.472488403e+00 2.303576708e+00
      vertex 9.631326675e+00 5.560648918e+00 2.303575754e+00
    endloop
  endfacet
  facet normal -4.364433289e-01 -7.509283423e-01 -4.956046045e-01
    outer loop
      vertex 9.836961746e+00 5.472488403e+00 2.257484198e+00
      vertex 1.240047264e+01 5.472488403e+00 0.000000000e+00
      vertex 1.228719330e+01 5.537983418e+00 5.200526211e-04
    endloop
  endfacet
  facet normal -2.131636720e-04 3.475258709e-04 -9.999999404e-01
    outer loop
      vertex 9.621019363e+00 5.543053150e+00 2.303564310e+00
      vertex 9.610486031e+00 5.560780048e+00 2.303572655e+00
      vertex 9.457895279e+00 5.472488403e+00 2.303573608e+00
    endloop
  endfacet
  facet normal 4.324659705e-01 -7.490503788e-01 5.018931031e-01
    outer loop
      vertex 9.478627205e+00 5.472488403e+00 -2.303678274e+00
      vertex 7.171525002e+00 5.472488403e+00 -3.157177567e-01
      vertex 8.287897110e+00 6.324376583e+00 -6.262292154e-03
    endloop
  endfacet
  facet normal -4.326668978e-01 7.495524883e-01 5.009694099e-01
    outer loop
      vertex -2.886305809e+01 5.554697990e+00 -2.303644657e+00
      vertex -1.924106789e+01 1.110883617e+01 -2.303649187e+00
      vertex -1.924203873e+01 9.570034027e+00 -2.124161227e-03
    endloop
  endfacet
  facet normal 8.660154939e-01 5.000171065e-01 -2.044228040e-06
    outer loop
      vertex -2.952962303e+01 6.709219933e+00 0.000000000e+00
      vertex -2.886305809e+01 5.554697990e+00 -2.303644657e+00
      vertex -2.881559372e+01 5.472488403e+00 -2.139610291e+00
    endloop
  endfacet
  facet normal -8.660236597e-01 5.000029206e-01 0.000000000e+00
    outer loop
      vertex 2.886305809e+01 5.554697990e+00 -2.303644657e+00
      vertex 2.952962303e+01 6.709219933e+00 -2.013909892e-07
      vertex 2.886305809e+01 5.554697990e+00 2.303644657e+00
    endloop
  endfacet
  facet normal -4.326662719e-01 7.495533228e-01 5.009686947e-01
    outer loop
      vertex -9.761499405e+00 5.472488403e+00 -2.303649664e+00
      vertex -9.620049477e+00 5.554137707e+00 -2.303649664e+00
      vertex -9.620100975e+00 5.472488403e+00 -2.181529522e+00
    endloop
  endfacet
  facet normal 4.328232110e-01 7.490649819e-01 -5.015633702e-01
    outer loop
      vertex -9.617276192e+00 5.472488403e+00 2.177257061e+00
      vertex -9.470829010e+00 5.472488403e+00 2.303632975e+00
      vertex -9.617059708e+00 5.556984425e+00 2.303632736e+00
    endloop
  endfacet
  facet normal -4.328586161e-01 7.497342825e-01 -5.005316138e-01
    outer loop
      vertex -9.617059708e+00 5.556984425e+00 2.303632736e+00
      vertex -9.763410568e+00 5.472488403e+00 2.303632975e+00
      vertex -9.617276192e+00 5.472488403e+00 2.177257061e+00
    endloop
  endfacet
  facet normal 4.326555133e-01 7.493898273e-01 5.012226105e-01
    outer loop
      vertex -9.620049477e+00 5.554137707e+00 -2.303649664e+00
      vertex -9.478628159e+00 5.472488403e+00 -2.303649664e+00
      vertex -9.620100975e+00 5.472488403e+00 -2.181529522e+00
    endloop
  endfacet
  facet normal 4.340870380e-01 7.513324022e-01 -4.970594943e-01
    outer loop
      vertex 9.621019363e+00 5.472488403e+00 2.196903706e+00
      vertex 9.715362549e+00 5.472488403e+00 2.279294252e+00
      vertex 9.621019363e+00 5.543053150e+00 2.303564310e+00
    endloop
  endfacet
  facet normal -4.340921342e-01 7.513256669e-01 -4.970653355e-01
    outer loop
      vertex 9.621019363e+00 5.543053150e+00 2.303564310e+00
      vertex 9.526676178e+00 5.472488403e+00 2.279294252e+00
      vertex 9.621019363e+00 5.472488403e+00 2.196903706e+00
    endloop
  endfacet
  facet normal 4.320853949e-01 7.499565482e-01 -5.008665919e-01
    outer loop
      vertex 9.715362549e+00 5.472488403e+00 2.279294252e+00
      vertex 9.743497849e+00 5.472488403e+00 2.303565264e+00
      vertex 9.621019363e+00 5.543053150e+00 2.303564310e+00
    endloop
  endfacet
  facet normal -4.320841730e-01 7.499581575e-01 -5.008651614e-01
    outer loop
      vertex 9.526676178e+00 5.472488403e+00 2.279294252e+00
      vertex 9.621019363e+00 5.543053150e+00 2.303564310e+00
      vertex 9.498540878e+00 5.472488403e+00 2.303565264e+00
    endloop
  endfacet
  facet normal 4.334695637e-01 -7.491495013e-01 -5.008784533e-01
    outer loop
      vertex 9.457895279e+00 5.472488403e+00 2.303573608e+00
      vertex 9.610486031e+00 5.560780048e+00 2.303572655e+00
      vertex 9.404557228e+00 5.472488403e+00 2.257414341e+00
    endloop
  endfacet
  facet normal 4.330213964e-01 -7.494087219e-01 5.008782744e-01
    outer loop
      vertex 6.812381744e+00 5.472488403e+00 -5.230424926e-03
      vertex 8.287897110e+00 6.324376583e+00 -6.262292154e-03
      vertex 7.171525002e+00 5.472488403e+00 -3.157177567e-01
    endloop
  endfacet
  facet normal -4.315030575e-01 -7.503036261e-01 5.008488297e-01
    outer loop
      vertex 1.240047264e+01 5.472488403e+00 0.000000000e+00
      vertex 1.236944580e+01 5.472488403e+00 -2.673015930e-02
      vertex 1.228719330e+01 5.537983418e+00 5.200526211e-04
    endloop
  endfacet
  facet normal 4.325146675e-01 7.495449185e-01 5.011122227e-01
    outer loop
      vertex 9.618442535e+00 5.553210258e+00 -2.303678989e+00
      vertex 9.758332253e+00 5.472488403e+00 -2.303678274e+00
      vertex 9.618577957e+00 5.472488403e+00 -2.183054686e+00
    endloop
  endfacet
  facet normal -4.334536195e-01 -7.491579056e-01 -5.008797050e-01
    outer loop
      vertex 9.783699036e+00 5.472488403e+00 2.303576708e+00
      vertex 9.836961746e+00 5.472488403e+00 2.257484198e+00
      vertex 9.631326675e+00 5.560648918e+00 2.303575754e+00
    endloop
  endfacet
  facet normal -4.324923456e-01 7.491037846e-01 5.017905831e-01
    outer loop
      vertex 9.618442535e+00 5.553210258e+00 -2.303678989e+00
      vertex 9.618577957e+00 5.472488403e+00 -2.183054686e+00
      vertex 9.478627205e+00 5.472488403e+00 -2.303678274e+00
    endloop
  endfacet
  facet normal 4.325219095e-01 7.496953607e-01 5.008810163e-01
    outer loop
      vertex 1.924203873e+01 9.570037842e+00 -5.616851617e-03
      vertex 2.886305809e+01 5.554697990e+00 -2.303644657e+00
      vertex 2.881559372e+01 5.472488403e+00 -2.139610291e+00
    endloop
  endfacet
  facet normal 0.000000000e+00 -1.000000000e+00 0.000000000e+00
    outer loop
      vertex 2.633919334e+01 5.472488403e+00 -1.165025635e-03
      vertex 2.634052849e+01 5.472488403e+00 0.000000000e+00
      vertex 2.676284409e+01 5.472488403e+00 3.688112795e-01
    endloop
  endfacet
  facet normal 4.320804179e-01 7.499484420e-01 -5.008831620e-01
    outer loop
      vertex 2.881559372e+01 5.472488403e+00 2.139610291e+00
      vertex 2.886305809e+01 5.554697990e+00 2.303644657e+00
      vertex 1.924203873e+01 1.109775162e+01 2.303564310e+00
    endloop
  endfacet
  facet normal 8.639016151e-01 -1.222266932e-03 5.036590099e-01
    outer loop
      vertex -1.345568776e+00 3.563000870e+01 -3.408755947e-05
      vertex -1.344148993e+00 3.663511658e+01 -3.019754877e-05
      vertex -5.838397144e-08 3.777146149e+01 -2.302815914e+00
    endloop
  endfacet
  facet normal -8.684763908e-01 2.434497233e-03 4.957245886e-01
    outer loop
      vertex -5.838397144e-08 3.777146149e+01 -2.302815914e+00
      vertex 1.311257482e+00 3.662990570e+01 2.831183156e-05
      vertex 1.308436990e+00 3.562297821e+01 3.195010504e-05
    endloop
  endfacet
  facet normal -4.338210225e-01 -7.489467263e-01 5.008773208e-01
    outer loop
      vertex -9.621019363e+00 1.666409492e+01 -2.303644657e+00
      vertex -8.954456329e+00 1.781861877e+01 1.006954946e-07
      vertex -1.345568776e+00 1.341121387e+01 -3.408735938e-05
    endloop
  endfacet
  facet normal 4.327768087e-01 7.495496273e-01 -5.008788109e-01
    outer loop
      vertex -9.621020317e+00 1.666409492e+01 2.303643227e+00
      vertex -8.288249016e+00 1.435525703e+01 9.609621338e-05
      vertex -1.333127499e+00 1.033971500e+01 4.303879105e-04
    endloop
  endfacet
  facet normal 4.327634275e-01 7.495682836e-01 5.008624792e-01
    outer loop
      vertex -8.288249016e+00 1.435525703e+01 9.609621338e-05
      vertex -9.621019363e+00 1.666409492e+01 -2.303644657e+00
      vertex 7.988536963e-04 1.110893536e+01 -2.303643942e+00
    endloop
  endfacet
  facet normal -4.328280389e-01 7.497261763e-01 5.005702972e-01
    outer loop
      vertex 8.287893295e+00 1.435605431e+01 -1.398030086e-03
      vertex 1.333127379e+00 1.033971596e+01 4.727100604e-04
      vertex 7.988536963e-04 1.110893536e+01 -2.303643942e+00
    endloop
  endfacet
  facet normal -4.337909222e-01 7.509285808e-01 -4.979272783e-01
    outer loop
      vertex 1.333127379e+00 1.033971596e+01 4.727100604e-04
      vertex 8.287893295e+00 1.435605431e+01 -1.398030086e-03
      vertex 8.515695572e+00 1.475166416e+01 3.967663944e-01
    endloop
  endfacet
  facet normal 4.327573478e-01 -7.495611310e-01 -5.008783937e-01
    outer loop
      vertex 9.621019363e+00 1.666409492e+01 2.303644657e+00
      vertex 8.954456329e+00 1.781861877e+01 0.000000000e+00
      vertex 1.308436751e+00 1.340418625e+01 3.195030513e-05
    endloop
  endfacet
  facet normal 8.637232184e-01 -4.023008771e-08 -5.039665103e-01
    outer loop
      vertex -6.952802067e-08 3.332796478e+01 2.303644896e+00
      vertex -1.456821366e-07 3.777194977e+01 2.303644657e+00
      vertex -1.344148993e+00 3.663511658e+01 -3.019754877e-05
    endloop
  endfacet
  facet normal -8.695271015e-01 -2.025075396e-08 -4.938850999e-01
    outer loop
      vertex -1.456821366e-07 3.777194977e+01 2.303644657e+00
      vertex -6.952802067e-08 3.332796478e+01 2.303644896e+00
      vertex 1.308436990e+00 3.562297821e+01 3.195010504e-05
    endloop
  endfacet
  facet normal -4.337724745e-01 -7.513163090e-01 4.973583519e-01
    outer loop
      vertex -1.345568776e+00 3.563000870e+01 -3.408755947e-05
      vertex 7.988537545e-04 3.332773209e+01 -2.303643942e+00
      vertex -9.621020317e+00 3.888288879e+01 -2.303644657e+00
    endloop
  endfacet
  facet normal -4.350953996e-01 -7.511398196e-01 -4.964684844e-01
    outer loop
      vertex -6.952802067e-08 3.332796478e+01 2.303644896e+00
      vertex -1.345568776e+00 3.563000870e+01 -3.408755947e-05
      vertex -8.954455376e+00 4.003741074e+01 1.006954946e-07
    endloop
  endfacet
  facet normal 4.327667356e-01 7.495436072e-01 -5.008965731e-01
    outer loop
      vertex -1.333127737e+00 3.255850983e+01 4.303879105e-04
      vertex -6.952802067e-08 3.332796478e+01 2.303644896e+00
      vertex -9.621020317e+00 3.888288879e+01 2.303644657e+00
    endloop
  endfacet
  facet normal 4.327623546e-01 7.496081591e-01 5.008035898e-01
    outer loop
      vertex 7.988537545e-04 3.332773209e+01 -2.303643942e+00
      vertex -1.333127737e+00 3.255850983e+01 4.303879105e-04
      vertex -1.028758430e+01 3.772836685e+01 0.000000000e+00
    endloop
  endfacet
  facet normal 8.660258651e-01 -4.999992549e-01 0.000000000e+00
    outer loop
      vertex -9.621020317e+00 3.888288879e+01 -2.303644657e+00
      vertex -1.028758430e+01 3.772836685e+01 0.000000000e+00
      vertex -9.621020317e+00 3.888288879e+01 2.303644657e+00
    endloop
  endfacet
  facet normal 4.326975048e-01 -7.494502068e-01 5.010961890e-01
    outer loop
      vertex 7.988537545e-04 3.332773209e+01 -2.303643942e+00
      vertex 1.308436990e+00 3.562297821e+01 3.195010504e-05
      vertex 8.954455376e+00 4.003741074e+01 0.000000000e+00
    endloop
  endfacet
  facet normal -4.328955710e-01 7.496731877e-01 5.005911589e-01
    outer loop
      vertex 1.333127618e+00 3.255850983e+01 4.727100604e-04
      vertex 7.988537545e-04 3.332773209e+01 -2.303643942e+00
      vertex 9.621020317e+00 3.888288879e+01 -2.303644657e+00
    endloop
  endfacet
  facet normal -4.327704012e-01 7.495346665e-01 -5.009066463e-01
    outer loop
      vertex -6.952802067e-08 3.332796478e+01 2.303644896e+00
      vertex 1.333127618e+00 3.255850983e+01 4.727100604e-04
      vertex 1.028758430e+01 3.772836685e+01 1.006954946e-07
    endloop
  endfacet
  facet normal 4.327581525e-01 -7.495289445e-01 -5.009259582e-01
    outer loop
      vertex 1.308436990e+00 3.562297821e+01 3.195010504e-05
      vertex -6.952802067e-08 3.332796478e+01 2.303644896e+00
      vertex 9.621020317e+00 3.888288879e+01 2.303644657e+00
    endloop
  endfacet
  facet normal -8.660247326e-01 -5.000010729e-01 0.000000000e+00
    outer loop
      vertex 9.621020317e+00 3.888288879e+01 -2.303644657e+00
      vertex 8.954455376e+00 4.003741074e+01 0.000000000e+00
      vertex 9.621020317e+00 3.888288879e+01 2.303644657e+00
    endloop
  endfacet
  facet normal -4.337726831e-01 -7.513161898e-01 4.973582327e-01
    outer loop
      vertex -1.345568419e+00 2.452060890e+01 -3.408755947e-05
      vertex 7.988536963e-04 2.221833038e+01 -2.303643942e+00
      vertex -9.621020317e+00 2.777349091e+01 -2.303644419e+00
    endloop
  endfacet
  facet normal -4.350954890e-01 -7.511398196e-01 -4.964683950e-01
    outer loop
      vertex -6.952802067e-08 2.221856689e+01 2.303644896e+00
      vertex -1.345568419e+00 2.452060890e+01 -3.408755947e-05
      vertex -8.954456329e+00 2.892801285e+01 1.006954946e-07
    endloop
  endfacet
  facet normal 4.327667952e-01 7.495436072e-01 -5.008965731e-01
    outer loop
      vertex -1.333127499e+00 2.144911194e+01 4.303879105e-04
      vertex -6.952802067e-08 2.221856689e+01 2.303644896e+00
      vertex -9.621020317e+00 2.777349091e+01 2.303644419e+00
    endloop
  endfacet
  facet normal 4.327626228e-01 7.496086359e-01 5.008028150e-01
    outer loop
      vertex 7.988536963e-04 2.221833038e+01 -2.303643942e+00
      vertex -1.333127499e+00 2.144911194e+01 4.303879105e-04
      vertex -1.028758335e+01 2.661896896e+01 0.000000000e+00
    endloop
  endfacet
  facet normal 8.660258055e-01 -4.999992549e-01 0.000000000e+00
    outer loop
      vertex -9.621020317e+00 2.777349091e+01 -2.303644419e+00
      vertex -1.028758335e+01 2.661896896e+01 0.000000000e+00
      vertex -9.621020317e+00 2.777349091e+01 2.303644419e+00
    endloop
  endfacet
  facet normal 4.326967001e-01 -7.494492531e-01 5.010980368e-01
    outer loop
      vertex 7.988536963e-04 2.221833038e+01 -2.303643942e+00
      vertex 1.308436751e+00 2.451358223e+01 3.195050522e-05
      vertex 8.954456329e+00 2.892801285e+01 0.000000000e+00
    endloop
  endfacet
  facet normal -4.328961074e-01 7.496735454e-01 5.005903244e-01
    outer loop
      vertex 1.333127379e+00 2.144911194e+01 4.727100604e-04
      vertex 7.988536963e-04 2.221833038e+01 -2.303643942e+00
      vertex 9.621020317e+00 2.777349091e+01 -2.303644419e+00
    endloop
  endfacet
  facet normal -4.327708781e-01 7.495355010e-01 -5.009050369e-01
    outer loop
      vertex -6.952802067e-08 2.221856689e+01 2.303644896e+00
      vertex 1.333127379e+00 2.144911194e+01 4.727100604e-04
      vertex 1.028758335e+01 2.661896896e+01 1.006954946e-07
    endloop
  endfacet
  facet normal 4.327580035e-01 -7.495284677e-01 -5.009267926e-01
    outer loop
      vertex 1.308436751e+00 2.451358223e+01 3.195050522e-05
      vertex -6.952802067e-08 2.221856689e+01 2.303644896e+00
      vertex 9.621020317e+00 2.777349091e+01 2.303644419e+00
    endloop
  endfacet
  facet normal -8.660253286e-01 -5.000002384e-01 0.000000000e+00
    outer loop
      vertex 9.621020317e+00 2.777349091e+01 -2.303644419e+00
      vertex 8.954456329e+00 2.892801285e+01 0.000000000e+00
      vertex 9.621020317e+00 2.777349091e+01 2.303644419e+00
    endloop
  endfacet
  facet normal -4.327718914e-01 -7.495527267e-01 -5.008784533e-01
    outer loop
      vertex -8.954456329e+00 1.781861877e+01 1.006954946e-07
      vertex -9.621020317e+00 1.666409492e+01 2.303643227e+00
      vertex -6.952802067e-08 1.110917091e+01 2.303644896e+00
    endloop
  endfacet
  facet normal 4.328125417e-01 -7.495287657e-01 5.008791685e-01
    outer loop
      vertex 8.954456329e+00 1.781861877e+01 0.000000000e+00
      vertex 9.621019363e+00 1.666409492e+01 -2.303644657e+00
      vertex 7.988536963e-04 1.110893536e+01 -2.303643942e+00
    endloop
  endfacet
  facet normal 8.634923100e-01 0.000000000e+00 -5.043618679e-01
    outer loop
      vertex -1.345568419e+00 2.452060890e+01 -3.408755947e-05
      vertex -6.952802067e-08 2.221856689e+01 2.303644896e+00
      vertex -6.952802067e-08 3.332796478e+01 2.303644896e+00
    endloop
  endfacet
  facet normal 8.627597094e-01 -1.364558120e-03 5.056123734e-01
    outer loop
      vertex 7.988536963e-04 2.221833038e+01 -2.303643942e+00
      vertex -1.345568419e+00 2.452060890e+01 -3.408755947e-05
      vertex -1.333127737e+00 3.255850983e+01 4.303879105e-04
    endloop
  endfacet
  facet normal -8.696620464e-01 0.000000000e+00 4.936473668e-01
    outer loop
      vertex 1.308436751e+00 2.451358223e+01 3.195050522e-05
      vertex 7.988536963e-04 2.221833038e+01 -2.303643942e+00
      vertex 7.988537545e-04 3.332773209e+01 -2.303643942e+00
    endloop
  endfacet
  facet normal -8.706761003e-01 2.699159319e-03 -4.918493032e-01
    outer loop
      vertex -6.952802067e-08 2.221856689e+01 2.303644896e+00
      vertex 1.308436751e+00 2.451358223e+01 3.195050522e-05
      vertex 1.333127618e+00 3.255850983e+01 4.727100604e-04
    endloop
  endfacet
  facet normal 8.634923697e-01 0.000000000e+00 -5.043619275e-01
    outer loop
      vertex -1.345568776e+00 1.341121387e+01 -3.408735938e-05
      vertex -6.952802067e-08 1.110917091e+01 2.303644896e+00
      vertex -6.952802067e-08 2.221856689e+01 2.303644896e+00
    endloop
  endfacet
  facet normal 8.627597094e-01 -1.364625175e-03 5.056124330e-01
    outer loop
      vertex 7.988536963e-04 1.110893536e+01 -2.303643942e+00
      vertex -1.345568776e+00 1.341121387e+01 -3.408735938e-05
      vertex -1.333127499e+00 2.144911194e+01 4.303879105e-04
    endloop
  endfacet
  facet normal -8.696622252e-01 0.000000000e+00 4.936472178e-01
    outer loop
      vertex 1.308436751e+00 1.340418625e+01 3.195030513e-05
      vertex 7.988536963e-04 1.110893536e+01 -2.303643942e+00
      vertex 7.988536963e-04 2.221833038e+01 -2.303643942e+00
    endloop
  endfacet
  facet normal -8.706762791e-01 2.699126955e-03 -4.918491542e-01
    outer loop
      vertex -6.952802067e-08 1.110917091e+01 2.303644896e+00
      vertex 1.308436751e+00 1.340418625e+01 3.195030513e-05
      vertex 1.333127379e+00 2.144911194e+01 4.727100604e-04
    endloop
  endfacet
  facet normal -8.656678200e-01 -1.905163954e-04 5.006186962e-01
    outer loop
      vertex -9.621019363e+00 1.666409492e+01 -2.303644657e+00
      vertex -8.288249016e+00 1.435525703e+01 9.609621338e-05
      vertex -8.287892342e+00 6.324379444e+00 -2.348202281e-03
    endloop
  endfacet
  facet normal -8.657004833e-01 -3.082347102e-04 -5.005623698e-01
    outer loop
      vertex -8.288249016e+00 1.435525703e+01 9.609621338e-05
      vertex -9.621020317e+00 1.666409492e+01 2.303643227e+00
      vertex -9.617059708e+00 5.556984425e+00 2.303632736e+00
    endloop
  endfacet
  facet normal 8.655176759e-01 1.018648982e-05 -5.008783937e-01
    outer loop
      vertex -9.621020317e+00 1.666409492e+01 2.303643227e+00
      vertex -1.095414734e+01 1.666409492e+01 -2.013909892e-07
      vertex -1.095414734e+01 7.833212852e+00 -1.760225714e-04
    endloop
  endfacet
  facet normal -4.328589141e-01 7.497324944e-01 -5.005341172e-01
    outer loop
      vertex -2.886305809e+01 1.512473297e+01 -2.124161227e-03
      vertex -2.885909843e+01 1.666638184e+01 2.303632736e+00
      vertex -3.848408127e+01 1.110939693e+01 2.303644657e+00
    endloop
  endfacet
  facet normal -4.326413870e-01 7.495627403e-01 5.009760857e-01
    outer loop
      vertex -2.886208725e+01 1.666353607e+01 -2.303649426e+00
      vertex -2.886305809e+01 1.512473297e+01 -2.124161227e-03
      vertex -3.781751633e+01 9.954874992e+00 -2.013909892e-07
    endloop
  endfacet
  facet normal 4.337274730e-01 -7.513893843e-01 4.972871542e-01
    outer loop
      vertex -3.152926636e+01 1.664868355e+01 1.813081180e-04
      vertex -2.886208725e+01 1.666353607e+01 -2.303649426e+00
      vertex -3.848408127e+01 1.110939693e+01 -2.303644657e+00
    endloop
  endfacet
  facet normal 4.329870045e-01 -7.525755167e-01 -4.961373508e-01
    outer loop
      vertex -2.885909843e+01 1.666638184e+01 2.303632736e+00
      vertex -3.152926636e+01 1.664868355e+01 1.813081180e-04
      vertex -3.915064621e+01 1.226391983e+01 0.000000000e+00
    endloop
  endfacet
  facet normal 8.660248518e-01 5.000009537e-01 -3.105364499e-07
    outer loop
      vertex -3.915064621e+01 1.226391983e+01 0.000000000e+00
      vertex -3.848408127e+01 1.110939693e+01 -2.303644657e+00
      vertex -3.781751633e+01 9.954874992e+00 -2.013909892e-07
    endloop
  endfacet
  facet normal 8.653395176e-01 -1.030690964e-05 5.011861920e-01
    outer loop
      vertex -2.886208725e+01 1.666353607e+01 -2.303649426e+00
      vertex -3.019618416e+01 1.894260979e+01 -1.760225714e-04
      vertex -3.019618416e+01 2.777349091e+01 -2.013909892e-07
    endloop
  endfacet
  facet normal -8.654437661e-01 -7.594620547e-05 5.010060072e-01
    outer loop
      vertex -2.752993011e+01 1.743377686e+01 -2.348202281e-03
      vertex -2.886208725e+01 1.666353607e+01 -2.303649426e+00
      vertex -2.886305809e+01 2.777349091e+01 -2.303644657e+00
    endloop
  endfacet
  facet normal -8.663979173e-01 1.135124767e-04 -4.993542731e-01
    outer loop
      vertex -2.885909843e+01 1.666638184e+01 2.303632736e+00
      vertex -2.752993011e+01 1.743377686e+01 -2.348202281e-03
      vertex -2.752993011e+01 2.777349091e+01 0.000000000e+00
    endloop
  endfacet
  facet normal 8.650207520e-01 3.089272650e-04 -5.017358661e-01
    outer loop
      vertex -3.019618416e+01 1.894260979e+01 -1.760225714e-04
      vertex -2.885909843e+01 1.666638184e+01 2.303632736e+00
      vertex -2.886305809e+01 2.777349091e+01 2.303644657e+00
    endloop
  endfacet
  facet normal 0.000000000e+00 -9.999999404e-01 0.000000000e+00
    outer loop
      vertex -2.752993011e+01 2.777349091e+01 0.000000000e+00
      vertex -2.886305809e+01 2.777349091e+01 -2.303644657e+00
      vertex -3.019618416e+01 2.777349091e+01 -2.013909892e-07
    endloop
  endfacet
  facet normal -4.329549670e-01 7.496941090e-01 -5.005084872e-01
    outer loop
      vertex -2.633919334e+01 5.472488403e+00 -4.407452943e-04
      vertex -1.924203873e+01 9.570034027e+00 -2.124161227e-03
      vertex -1.923807907e+01 1.111168289e+01 2.303632736e+00
    endloop
  endfacet
  facet normal 4.337270558e-01 -7.513884306e-01 4.972888529e-01
    outer loop
      vertex -2.190824699e+01 1.109398556e+01 1.813081180e-04
      vertex -1.924106789e+01 1.110883617e+01 -2.303649187e+00
      vertex -2.886305809e+01 5.554697990e+00 -2.303644657e+00
    endloop
  endfacet
  facet normal 4.329871237e-01 -7.525755167e-01 -4.961373210e-01
    outer loop
      vertex -1.923807907e+01 1.111168289e+01 2.303632736e+00
      vertex -2.190824699e+01 1.109398556e+01 1.813081180e-04
      vertex -2.952962303e+01 6.709219933e+00 0.000000000e+00
    endloop
  endfacet
  facet normal 8.653393984e-01 -1.016354418e-05 5.011863708e-01
    outer loop
      vertex -1.924106789e+01 1.110883617e+01 -2.303649187e+00
      vertex -2.057516479e+01 1.338791084e+01 -1.760217565e-04
      vertex -2.057516479e+01 2.221879387e+01 -2.013909892e-07
    endloop
  endfacet
  facet normal -8.654438853e-01 -7.562882820e-05 5.010058880e-01
    outer loop
      vertex -1.790891075e+01 1.187907791e+01 -2.348202281e-03
      vertex -1.924106789e+01 1.110883617e+01 -2.303649187e+00
      vertex -1.924203873e+01 2.221879387e+01 -2.303644657e+00
    endloop
  endfacet
  facet normal -8.663979173e-01 1.133413680e-04 -4.993542433e-01
    outer loop
      vertex -1.923807907e+01 1.111168289e+01 2.303632736e+00
      vertex -1.790891075e+01 1.187907791e+01 -2.348202281e-03
      vertex -1.790891075e+01 2.221879387e+01 0.000000000e+00
    endloop
  endfacet
  facet normal 8.650206923e-01 3.089441743e-04 -5.017359853e-01
    outer loop
      vertex -2.057516479e+01 1.338791084e+01 -1.760217565e-04
      vertex -1.923807907e+01 1.111168289e+01 2.303632736e+00
      vertex -1.924203873e+01 2.221879387e+01 2.303644657e+00
    endloop
  endfacet
  facet normal 0.000000000e+00 -9.999999404e-01 0.000000000e+00
    outer loop
      vertex -1.790891075e+01 2.221879387e+01 0.000000000e+00
      vertex -1.924203873e+01 2.221879387e+01 -2.303644657e+00
      vertex -2.057516479e+01 2.221879387e+01 -2.013909892e-07
    endloop
  endfacet
  facet normal 8.655176759e-01 7.550098235e-05 5.008785129e-01
    outer loop
      vertex -1.095414734e+01 1.666409492e+01 -2.013909892e-07
      vertex -9.621019363e+00 1.666409492e+01 -2.303644657e+00
      vertex -9.620049477e+00 5.554137707e+00 -2.303649664e+00
    endloop
  endfacet
  facet normal -4.348987937e-01 -7.532671690e-01 4.934081435e-01
    outer loop
      vertex -3.019618416e+01 1.894260979e+01 -1.760225714e-04
      vertex -2.886208725e+01 1.666353607e+01 -2.303649426e+00
      vertex -3.848407745e+01 2.221879387e+01 -2.303644657e+00
    endloop
  endfacet
  facet normal -4.380643666e-01 -7.535024881e-01 -4.902384579e-01
    outer loop
      vertex -2.885909843e+01 1.666638184e+01 2.303632736e+00
      vertex -3.019618416e+01 1.894260979e+01 -1.760225714e-04
      vertex -3.781751251e+01 2.337331581e+01 0.000000000e+00
    endloop
  endfacet
  facet normal 4.311400354e-01 7.473725080e-01 -5.055221319e-01
    outer loop
      vertex -3.152926636e+01 1.664868355e+01 1.813081180e-04
      vertex -2.885909843e+01 1.666638184e+01 2.303632736e+00
      vertex -3.848407745e+01 2.221879387e+01 2.303644657e+00
    endloop
  endfacet
  facet normal 4.325198531e-01 7.465567589e-01 5.055485964e-01
    outer loop
      vertex -2.886208725e+01 1.666353607e+01 -2.303649426e+00
      vertex -3.152926636e+01 1.664868355e+01 1.813081180e-04
      vertex -3.915064240e+01 2.106427002e+01 -2.013909892e-07
    endloop
  endfacet
  facet normal 8.660249114e-01 -5.000008345e-01 -1.242145458e-06
    outer loop
      vertex -3.781751251e+01 2.337331581e+01 0.000000000e+00
      vertex -3.848407745e+01 2.221879387e+01 -2.303644657e+00
      vertex -3.915064240e+01 2.106427002e+01 -2.013909892e-07
    endloop
  endfacet
  facet normal 4.313399196e-01 7.471025586e-01 -5.057504177e-01
    outer loop
      vertex -2.190824699e+01 1.109398556e+01 1.813081180e-04
      vertex -1.923807907e+01 1.111168289e+01 2.303632736e+00
      vertex -2.885909843e+01 1.666638184e+01 2.303632736e+00
    endloop
  endfacet
  facet normal 4.325137436e-01 7.465659380e-01 5.055405498e-01
    outer loop
      vertex -1.924106789e+01 1.110883617e+01 -2.303649187e+00
      vertex -2.190824699e+01 1.109398556e+01 1.813081180e-04
      vertex -2.886305809e+01 1.512473297e+01 -2.124161227e-03
    endloop
  endfacet
  facet normal -4.348989725e-01 -7.532668114e-01 4.934086502e-01
    outer loop
      vertex -2.057516479e+01 1.338791084e+01 -1.760217565e-04
      vertex -1.924106789e+01 1.110883617e+01 -2.303649187e+00
      vertex -2.886208725e+01 1.666353607e+01 -2.303649426e+00
    endloop
  endfacet
  facet normal -4.381812215e-01 -7.534883022e-01 -4.901556373e-01
    outer loop
      vertex -1.923807907e+01 1.111168289e+01 2.303632736e+00
      vertex -2.057516479e+01 1.338791084e+01 -1.760217565e-04
      vertex -2.752993011e+01 1.743377686e+01 -2.348202281e-03
    endloop
  endfacet
  facet normal 4.313400388e-01 7.471027970e-01 -5.057500601e-01
    outer loop
      vertex -1.228722572e+01 5.539286613e+00 1.813092094e-04
      vertex -9.617059708e+00 5.556984425e+00 2.303632736e+00
      vertex -1.923807907e+01 1.111168289e+01 2.303632736e+00
    endloop
  endfacet
  facet normal 4.325138330e-01 7.465659976e-01 5.055401921e-01
    outer loop
      vertex -9.620049477e+00 5.554137707e+00 -2.303649664e+00
      vertex -1.228722572e+01 5.539286613e+00 1.813092094e-04
      vertex -1.924203873e+01 9.570034027e+00 -2.124161227e-03
    endloop
  endfacet
  facet normal -4.348988235e-01 -7.532668710e-01 4.934086502e-01
    outer loop
      vertex -1.095414734e+01 7.833212852e+00 -1.760225714e-04
      vertex -9.620049477e+00 5.554137707e+00 -2.303649664e+00
      vertex -1.924106789e+01 1.110883617e+01 -2.303649187e+00
    endloop
  endfacet
  facet normal -4.381811023e-01 -7.534879446e-01 -4.901562929e-01
    outer loop
      vertex -9.617059708e+00 5.556984425e+00 2.303632736e+00
      vertex -1.095414734e+01 7.833212852e+00 -1.760225714e-04
      vertex -1.790891075e+01 1.187907791e+01 -2.348202281e-03
    endloop
  endfacet
  facet normal 8.678514957e-01 3.013428941e-04 -4.968236685e-01
    outer loop
      vertex 8.287893295e+00 1.435605431e+01 -1.398030086e-03
      vertex 8.287897110e+00 6.324376583e+00 -6.262292154e-03
      vertex 9.610486031e+00 5.560780048e+00 2.303572655e+00
    endloop
  endfacet
  facet normal 0.000000000e+00 -9.999999404e-01 0.000000000e+00
    outer loop
      vertex 3.019618416e+01 2.777349091e+01 0.000000000e+00
      vertex 2.886305809e+01 2.777349091e+01 -2.303644657e+00
      vertex 2.752993011e+01 2.777349091e+01 -2.013909892e-07
    endloop
  endfacet
  facet normal -8.660259247e-01 4.999991059e-01 -3.105368478e-07
    outer loop
      vertex 3.781751633e+01 9.954874992e+00 0.000000000e+00
      vertex 3.848408127e+01 1.110939693e+01 -2.303644657e+00
      vertex 3.915064621e+01 1.226391983e+01 -2.013909892e-07
    endloop
  endfacet
  facet normal 0.000000000e+00 -9.999999404e-01 0.000000000e+00
    outer loop
      vertex 2.057516479e+01 2.221879387e+01 0.000000000e+00
      vertex 1.924203873e+01 2.221879387e+01 -2.303644657e+00
      vertex 1.790891075e+01 2.221879387e+01 -2.013909892e-07
    endloop
  endfacet
  facet normal 4.351148307e-01 -7.536346316e-01 -4.926560223e-01
    outer loop
      vertex 3.019618416e+01 1.893997765e+01 -5.054797512e-04
      vertex 2.887336540e+01 1.667004585e+01 2.303575516e+00
      vertex 3.848407745e+01 2.221879387e+01 2.303644657e+00
    endloop
  endfacet
  facet normal 4.381009638e-01 -7.531927824e-01 4.906811714e-01
    outer loop
      vertex 2.886048126e+01 1.666260719e+01 -2.303678989e+00
      vertex 3.019618416e+01 1.893997765e+01 -5.054797512e-04
      vertex 3.781751251e+01 2.337331581e+01 -2.013909892e-07
    endloop
  endfacet
  facet normal -4.316093922e-01 7.475659847e-01 5.048351288e-01
    outer loop
      vertex 3.152923203e+01 1.664738083e+01 5.200547748e-04
      vertex 2.886048126e+01 1.666260719e+01 -2.303678989e+00
      vertex 3.848407745e+01 2.221879387e+01 -2.303644657e+00
    endloop
  endfacet
  facet normal -4.324902594e-01 7.462090850e-01 -5.060871243e-01
    outer loop
      vertex 2.887336540e+01 1.667004585e+01 2.303575516e+00
      vertex 3.152923203e+01 1.664738083e+01 5.200547748e-04
      vertex 3.915064240e+01 2.106427002e+01 0.000000000e+00
    endloop
  endfacet
  facet normal -8.660249114e-01 -5.000008345e-01 -1.242145458e-06
    outer loop
      vertex 3.915064240e+01 2.106427002e+01 0.000000000e+00
      vertex 3.848407745e+01 2.221879387e+01 -2.303644657e+00
      vertex 3.781751251e+01 2.337331581e+01 -2.013909892e-07
    endloop
  endfacet
  facet normal 8.660264015e-01 -4.999983013e-01 0.000000000e+00
    outer loop
      vertex -9.621020317e+00 1.666409492e+01 2.303643227e+00
      vertex -8.954456329e+00 1.781861877e+01 1.006954946e-07
      vertex -9.621019363e+00 1.666409492e+01 -2.303644657e+00
    endloop
  endfacet
  facet normal -8.660256863e-01 -4.999995828e-01 0.000000000e+00
    outer loop
      vertex 9.621019363e+00 1.666409492e+01 2.303644657e+00
      vertex 9.621019363e+00 1.666409492e+01 -2.303644657e+00
      vertex 8.954456329e+00 1.781861877e+01 0.000000000e+00
    endloop
  endfacet
  facet normal 0.000000000e+00 -1.000000000e+00 0.000000000e+00
    outer loop
      vertex -9.621020317e+00 1.666409492e+01 2.303643227e+00
      vertex -9.621019363e+00 1.666409492e+01 -2.303644657e+00
      vertex -1.095414734e+01 1.666409492e+01 -2.013909892e-07
    endloop
  endfacet
  facet normal 0.000000000e+00 -9.999999404e-01 0.000000000e+00
    outer loop
      vertex 9.621019363e+00 1.666409492e+01 -2.303644657e+00
      vertex 9.621019363e+00 1.666409492e+01 2.303644657e+00
      vertex 1.095414734e+01 1.666409492e+01 0.000000000e+00
    endloop
  endfacet
  facet normal -7.608846645e-04 7.223555713e-06 -9.999997020e-01
    outer loop
      vertex 9.621019363e+00 1.666409492e+01 2.303644657e+00
      vertex 9.610486031e+00 5.560780048e+00 2.303572655e+00
      vertex 9.621019363e+00 5.543053150e+00 2.303564310e+00
    endloop
  endfacet
  facet normal 8.655176759e-01 -8.177598938e-04 -5.008778572e-01
    outer loop
      vertex 9.621019363e+00 1.666409492e+01 2.303644657e+00
      vertex 8.515695572e+00 1.475166416e+01 3.967663944e-01
      vertex 9.610486031e+00 5.560780048e+00 2.303572655e+00
    endloop
  endfacet
  facet normal 8.655177355e-01 -3.030065564e-04 5.008782744e-01
    outer loop
      vertex 8.287897110e+00 6.324376583e+00 -6.262292154e-03
      vertex 8.287893295e+00 1.435605431e+01 -1.398030086e-03
      vertex 9.621019363e+00 1.666409492e+01 -2.303644657e+00
    endloop
  endfacet
  facet normal 8.653212786e-01 -2.021196269e-04 5.012174845e-01
    outer loop
      vertex 9.621019363e+00 1.666409492e+01 -2.303644657e+00
      vertex 9.618442535e+00 5.553210258e+00 -2.303678989e+00
      vertex 8.287897110e+00 6.324376583e+00 -6.262292154e-03
    endloop
  endfacet
  facet normal -8.651387095e-01 1.991219615e-04 5.015325546e-01
    outer loop
      vertex 9.621019363e+00 1.666409492e+01 -2.303644657e+00
      vertex 1.095414734e+01 7.830580711e+00 -5.054807989e-04
      vertex 9.618442535e+00 5.553210258e+00 -2.303678989e+00
    endloop
  endfacet
  facet normal -8.655176163e-01 -2.872505684e-05 5.008782744e-01
    outer loop
      vertex 9.621019363e+00 1.666409492e+01 -2.303644657e+00
      vertex 1.095414734e+01 1.666409492e+01 0.000000000e+00
      vertex 1.095414734e+01 7.830580711e+00 -5.054807989e-04
    endloop
  endfacet
  facet normal -8.655173779e-01 -8.004317060e-04 -5.008782148e-01
    outer loop
      vertex 9.621019363e+00 1.666409492e+01 2.303644657e+00
      vertex 9.631326675e+00 5.560648918e+00 2.303575754e+00
      vertex 1.095414734e+01 1.666409492e+01 0.000000000e+00
    endloop
  endfacet
  facet normal 1.064924989e-03 7.225934496e-06 -9.999994636e-01
    outer loop
      vertex 9.631326675e+00 5.560648918e+00 2.303575754e+00
      vertex 9.621019363e+00 1.666409492e+01 2.303644657e+00
      vertex 9.621019363e+00 5.543053150e+00 2.303564310e+00
    endloop
  endfacet
  facet normal -7.382449694e-04 7.226568414e-06 -9.999997020e-01
    outer loop
      vertex 2.886305809e+01 2.777349091e+01 2.303644657e+00
      vertex 2.885252571e+01 1.667017746e+01 2.303572655e+00
      vertex 2.886305809e+01 1.665244865e+01 2.303564310e+00
    endloop
  endfacet
  facet normal 8.655172586e-01 -8.183836471e-04 -5.008783937e-01
    outer loop
      vertex 2.886305809e+01 2.777349091e+01 2.303644657e+00
      vertex 2.752993011e+01 2.777349091e+01 -2.013909892e-07
      vertex 2.885252571e+01 1.667017746e+01 2.303572655e+00
    endloop
  endfacet
  facet normal 8.678513765e-01 3.015697293e-04 -4.968237877e-01
    outer loop
      vertex 2.752993011e+01 2.777349091e+01 -2.013909892e-07
      vertex 2.752993584e+01 1.743377304e+01 -6.262292154e-03
      vertex 2.885252571e+01 1.667017746e+01 2.303572655e+00
    endloop
  endfacet
  facet normal 8.655175567e-01 -3.027362691e-04 5.008783937e-01
    outer loop
      vertex 2.752993011e+01 2.777349091e+01 -2.013909892e-07
      vertex 2.886305809e+01 2.777349091e+01 -2.303644657e+00
      vertex 2.752993584e+01 1.743377304e+01 -6.262292154e-03
    endloop
  endfacet
  facet normal 8.653213978e-01 -2.022489934e-04 5.012173653e-01
    outer loop
      vertex 2.886305809e+01 2.777349091e+01 -2.303644657e+00
      vertex 2.886048126e+01 1.666260719e+01 -2.303678989e+00
      vertex 2.752993584e+01 1.743377304e+01 -6.262292154e-03
    endloop
  endfacet
  facet normal -8.651388884e-01 1.991220197e-04 5.015321374e-01
    outer loop
      vertex 2.886305809e+01 2.777349091e+01 -2.303644657e+00
      vertex 3.019618416e+01 1.893997765e+01 -5.054797512e-04
      vertex 2.886048126e+01 1.666260719e+01 -2.303678989e+00
    endloop
  endfacet
  facet normal -8.655179739e-01 -2.831294842e-05 5.008779168e-01
    outer loop
      vertex 2.886305809e+01 2.777349091e+01 -2.303644657e+00
      vertex 3.019618416e+01 2.777349091e+01 0.000000000e+00
      vertex 3.019618416e+01 1.893997765e+01 -5.054797512e-04
    endloop
  endfacet
  facet normal -8.672481179e-01 2.860621862e-05 -4.978762567e-01
    outer loop
      vertex 3.019618416e+01 2.777349091e+01 0.000000000e+00
      vertex 2.887336540e+01 1.667004585e+01 2.303575516e+00
      vertex 3.019618416e+01 1.893997765e+01 -5.054797512e-04
    endloop
  endfacet
  facet normal -8.655176759e-01 -8.001058595e-04 -5.008778572e-01
    outer loop
      vertex 3.019618416e+01 2.777349091e+01 0.000000000e+00
      vertex 2.886305809e+01 2.777349091e+01 2.303644657e+00
      vertex 2.887336540e+01 1.667004585e+01 2.303575516e+00
    endloop
  endfacet
  facet normal 1.056085224e-03 7.223903140e-06 -9.999994040e-01
    outer loop
      vertex 2.886305809e+01 2.777349091e+01 2.303644657e+00
      vertex 2.886305809e+01 1.665244865e+01 2.303564310e+00
      vertex 2.887336540e+01 1.667004585e+01 2.303575516e+00
    endloop
  endfacet
  facet normal -4.314948916e-01 -7.502886653e-01 5.008782148e-01
    outer loop
      vertex 3.915064621e+01 1.226391983e+01 -2.013909892e-07
      vertex 3.848408127e+01 1.110939693e+01 -2.303644657e+00
      vertex 3.152923203e+01 1.664738083e+01 5.200547748e-04
    endloop
  endfacet
  facet normal -4.336260855e-01 -7.514623404e-01 4.972653389e-01
    outer loop
      vertex 3.848408127e+01 1.110939693e+01 -2.303644657e+00
      vertex 2.886048126e+01 1.666260719e+01 -2.303678989e+00
      vertex 3.152923203e+01 1.664738083e+01 5.200547748e-04
    endloop
  endfacet
  facet normal 4.325158894e-01 7.495441437e-01 5.011122227e-01
    outer loop
      vertex 3.848408127e+01 1.110939693e+01 -2.303644657e+00
      vertex 2.886305809e+01 1.512473679e+01 -5.616851617e-03
      vertex 2.886048126e+01 1.666260719e+01 -2.303678989e+00
    endloop
  endfacet
  facet normal 4.325232506e-01 7.496964335e-01 5.008780956e-01
    outer loop
      vertex 3.848408127e+01 1.110939693e+01 -2.303644657e+00
      vertex 3.781751633e+01 9.954874992e+00 0.000000000e+00
      vertex 2.886305809e+01 1.512473679e+01 -5.616851617e-03
    endloop
  endfacet
  facet normal 4.340910017e-01 7.513270378e-01 -4.970640540e-01
    outer loop
      vertex 3.781751633e+01 9.954874992e+00 0.000000000e+00
      vertex 2.886305809e+01 1.665244865e+01 2.303564310e+00
      vertex 2.886305809e+01 1.512473679e+01 -5.616851617e-03
    endloop
  endfacet
  facet normal 4.320807755e-01 7.499517798e-01 -5.008776784e-01
    outer loop
      vertex 3.781751633e+01 9.954874992e+00 0.000000000e+00
      vertex 3.848408127e+01 1.110939693e+01 2.303644657e+00
      vertex 2.886305809e+01 1.665244865e+01 2.303564310e+00
    endloop
  endfacet
  facet normal 2.740286291e-04 4.724710307e-04 -9.999998808e-01
    outer loop
      vertex 3.848408127e+01 1.110939693e+01 2.303644657e+00
      vertex 2.887336540e+01 1.667004585e+01 2.303575516e+00
      vertex 2.886305809e+01 1.665244865e+01 2.303564310e+00
    endloop
  endfacet
  facet normal -4.334512949e-01 -7.491599917e-01 -5.008784533e-01
    outer loop
      vertex 3.848408127e+01 1.110939693e+01 2.303644657e+00
      vertex 3.915064621e+01 1.226391983e+01 -2.013909892e-07
      vertex 2.887336540e+01 1.667004585e+01 2.303575516e+00
    endloop
  endfacet
  facet normal -4.338320494e-01 -7.542339563e-01 -4.928698540e-01
    outer loop
      vertex 3.915064621e+01 1.226391983e+01 -2.013909892e-07
      vertex 3.152923203e+01 1.664738083e+01 5.200547748e-04
      vertex 2.887336540e+01 1.667004585e+01 2.303575516e+00
    endloop
  endfacet
  facet normal -7.558553480e-04 7.224766250e-06 -9.999997020e-01
    outer loop
      vertex 1.924203873e+01 2.221879387e+01 2.303644657e+00
      vertex 1.923150444e+01 1.111547756e+01 2.303572655e+00
      vertex 1.924203873e+01 1.109775162e+01 2.303564310e+00
    endloop
  endfacet
  facet normal 8.655174375e-01 -8.176090778e-04 -5.008780956e-01
    outer loop
      vertex 1.924203873e+01 2.221879387e+01 2.303644657e+00
      vertex 1.790891075e+01 2.221879387e+01 -2.013909892e-07
      vertex 1.923150444e+01 1.111547756e+01 2.303572655e+00
    endloop
  endfacet
  facet normal 8.678516150e-01 3.010154469e-04 -4.968233407e-01
    outer loop
      vertex 1.790891075e+01 2.221879387e+01 -2.013909892e-07
      vertex 1.790891647e+01 1.187907505e+01 -6.262292154e-03
      vertex 1.923150444e+01 1.111547756e+01 2.303572655e+00
    endloop
  endfacet
  facet normal 8.655177355e-01 -3.024590551e-04 5.008783340e-01
    outer loop
      vertex 1.790891075e+01 2.221879387e+01 -2.013909892e-07
      vertex 1.924203873e+01 2.221879387e+01 -2.303644657e+00
      vertex 1.790891647e+01 1.187907505e+01 -6.262292154e-03
    endloop
  endfacet
  facet normal 8.653212786e-01 -2.025075810e-04 5.012175441e-01
    outer loop
      vertex 1.924203873e+01 2.221879387e+01 -2.303644657e+00
      vertex 1.923946190e+01 1.110790920e+01 -2.303678989e+00
      vertex 1.790891647e+01 1.187907505e+01 -6.262292154e-03
    endloop
  endfacet
  facet normal -8.651387095e-01 1.993798942e-04 5.015324950e-01
    outer loop
      vertex 1.924203873e+01 2.221879387e+01 -2.303644657e+00
      vertex 2.057516670e+01 1.338527966e+01 -5.054797512e-04
      vertex 1.923946190e+01 1.110790920e+01 -2.303678989e+00
    endloop
  endfacet
  facet normal -8.655179739e-01 -2.932970710e-05 5.008777976e-01
    outer loop
      vertex 1.924203873e+01 2.221879387e+01 -2.303644657e+00
      vertex 2.057516479e+01 2.221879387e+01 0.000000000e+00
      vertex 2.057516670e+01 1.338527966e+01 -5.054797512e-04
    endloop
  endfacet
  facet normal -8.672476411e-01 2.795605178e-05 -4.978769720e-01
    outer loop
      vertex 2.057516479e+01 2.221879387e+01 0.000000000e+00
      vertex 1.925234604e+01 1.111534691e+01 2.303575754e+00
      vertex 2.057516670e+01 1.338527966e+01 -5.054797512e-04
    endloop
  endfacet
  facet normal -8.655177355e-01 -8.004713454e-04 -5.008776188e-01
    outer loop
      vertex 2.057516479e+01 2.221879387e+01 0.000000000e+00
      vertex 1.924203873e+01 2.221879387e+01 2.303644657e+00
      vertex 1.925234604e+01 1.111534691e+01 2.303575754e+00
    endloop
  endfacet
  facet normal 1.079354202e-03 7.224916317e-06 -9.999994636e-01
    outer loop
      vertex 1.924203873e+01 2.221879387e+01 2.303644657e+00
      vertex 1.924203873e+01 1.109775162e+01 2.303564310e+00
      vertex 1.925234604e+01 1.111534691e+01 2.303575754e+00
    endloop
  endfacet
  facet normal -4.314950407e-01 -7.502888441e-01 5.008779764e-01
    outer loop
      vertex 2.952962303e+01 6.709219933e+00 -2.013909892e-07
      vertex 2.886305809e+01 5.554697990e+00 -2.303644657e+00
      vertex 2.190821266e+01 1.109268188e+01 5.200537271e-04
    endloop
  endfacet
  facet normal -4.336263835e-01 -7.514619827e-01 4.972656071e-01
    outer loop
      vertex 2.886305809e+01 5.554697990e+00 -2.303644657e+00
      vertex 1.923946190e+01 1.110790920e+01 -2.303678989e+00
      vertex 2.190821266e+01 1.109268188e+01 5.200537271e-04
    endloop
  endfacet
  facet normal 4.325160980e-01 7.495439649e-01 5.011124611e-01
    outer loop
      vertex 2.886305809e+01 5.554697990e+00 -2.303644657e+00
      vertex 1.924203873e+01 9.570037842e+00 -5.616851617e-03
      vertex 1.923946190e+01 1.110790920e+01 -2.303678989e+00
    endloop
  endfacet
  facet normal 2.875465434e-04 4.826463992e-04 -9.999998212e-01
    outer loop
      vertex 2.886305809e+01 5.554697990e+00 2.303644657e+00
      vertex 1.925234604e+01 1.111534691e+01 2.303575754e+00
      vertex 1.924203873e+01 1.109775162e+01 2.303564310e+00
    endloop
  endfacet
  facet normal -4.334517717e-01 -7.491601110e-01 -5.008778572e-01
    outer loop
      vertex 2.886305809e+01 5.554697990e+00 2.303644657e+00
      vertex 2.952962303e+01 6.709219933e+00 -2.013909892e-07
      vertex 1.925234604e+01 1.111534691e+01 2.303575754e+00
    endloop
  endfacet
  facet normal -4.338321686e-01 -7.542336583e-01 -4.928703606e-01
    outer loop
      vertex 2.952962303e+01 6.709219933e+00 -2.013909892e-07
      vertex 2.190821266e+01 1.109268188e+01 5.200537271e-04
      vertex 1.925234604e+01 1.111534691e+01 2.303575754e+00
    endloop
  endfacet
  facet normal -8.672478199e-01 2.860620043e-05 -4.978767633e-01
    outer loop
      vertex 1.095414734e+01 1.666409492e+01 0.000000000e+00
      vertex 9.631326675e+00 5.560648918e+00 2.303575754e+00
      vertex 1.095414734e+01 7.830580711e+00 -5.054807989e-04
    endloop
  endfacet
  facet normal -4.324955940e-01 7.491044998e-01 5.017870069e-01
    outer loop
      vertex 2.886048126e+01 1.666260719e+01 -2.303678989e+00
      vertex 2.886305809e+01 1.512473679e+01 -5.616851617e-03
      vertex 1.923946190e+01 1.110790920e+01 -2.303678989e+00
    endloop
  endfacet
  facet normal -4.323617220e-01 7.465453744e-01 5.057007670e-01
    outer loop
      vertex 2.886305809e+01 1.512473679e+01 -5.616851617e-03
      vertex 2.190821266e+01 1.109268188e+01 5.200537271e-04
      vertex 1.923946190e+01 1.110790920e+01 -2.303678989e+00
    endloop
  endfacet
  facet normal -4.356535077e-01 7.506974936e-01 -4.966479540e-01
    outer loop
      vertex 2.886305809e+01 1.512473679e+01 -5.616851617e-03
      vertex 2.886305809e+01 1.665244865e+01 2.303564310e+00
      vertex 2.190821266e+01 1.109268188e+01 5.200537271e-04
    endloop
  endfacet
  facet normal -4.310438633e-01 7.481589913e-01 -5.044395328e-01
    outer loop
      vertex 2.886305809e+01 1.665244865e+01 2.303564310e+00
      vertex 1.925234604e+01 1.111534691e+01 2.303575754e+00
      vertex 2.190821266e+01 1.109268188e+01 5.200537271e-04
    endloop
  endfacet
  facet normal -2.001601097e-04 3.501440806e-04 -9.999998808e-01
    outer loop
      vertex 2.886305809e+01 1.665244865e+01 2.303564310e+00
      vertex 2.885252571e+01 1.667017746e+01 2.303572655e+00
      vertex 1.925234604e+01 1.111534691e+01 2.303575754e+00
    endloop
  endfacet
  facet normal 4.360023737e-01 -7.535247207e-01 -4.920390248e-01
    outer loop
      vertex 2.885252571e+01 1.667017746e+01 2.303572655e+00
      vertex 2.057516670e+01 1.338527966e+01 -5.054797512e-04
      vertex 1.925234604e+01 1.111534691e+01 2.303575754e+00
    endloop
  endfacet
  facet normal 4.360794127e-01 -7.498335838e-01 -4.975784719e-01
    outer loop
      vertex 2.885252571e+01 1.667017746e+01 2.303572655e+00
      vertex 2.752993584e+01 1.743377304e+01 -6.262292154e-03
      vertex 2.057516670e+01 1.338527966e+01 -5.054797512e-04
    endloop
  endfacet
  facet normal 4.388017654e-01 -7.531054020e-01 4.901889265e-01
    outer loop
      vertex 2.752993584e+01 1.743377304e+01 -6.262292154e-03
      vertex 1.923946190e+01 1.110790920e+01 -2.303678989e+00
      vertex 2.057516670e+01 1.338527966e+01 -5.054797512e-04
    endloop
  endfacet
  facet normal 4.324645400e-01 -7.490509152e-01 5.018934608e-01
    outer loop
      vertex 2.752993584e+01 1.743377304e+01 -6.262292154e-03
      vertex 2.886048126e+01 1.666260719e+01 -2.303678989e+00
      vertex 1.923946190e+01 1.110790920e+01 -2.303678989e+00
    endloop
  endfacet
  facet normal -4.324955344e-01 7.491039038e-01 5.017877817e-01
    outer loop
      vertex 1.923946190e+01 1.110790920e+01 -2.303678989e+00
      vertex 1.924203873e+01 9.570037842e+00 -5.616851617e-03
      vertex 9.618442535e+00 5.553210258e+00 -2.303678989e+00
    endloop
  endfacet
  facet normal -4.323618412e-01 7.465457320e-01 5.057003498e-01
    outer loop
      vertex 1.924203873e+01 9.570037842e+00 -5.616851617e-03
      vertex 1.228719330e+01 5.537983418e+00 5.200526211e-04
      vertex 9.618442535e+00 5.553210258e+00 -2.303678989e+00
    endloop
  endfacet
  facet normal -4.356533289e-01 7.506975532e-01 -4.966481030e-01
    outer loop
      vertex 1.924203873e+01 9.570037842e+00 -5.616851617e-03
      vertex 1.924203873e+01 1.109775162e+01 2.303564310e+00
      vertex 1.228719330e+01 5.537983418e+00 5.200526211e-04
    endloop
  endfacet
  facet normal -4.310437143e-01 7.481586933e-01 -5.044400692e-01
    outer loop
      vertex 1.924203873e+01 1.109775162e+01 2.303564310e+00
      vertex 9.631326675e+00 5.560648918e+00 2.303575754e+00
      vertex 1.228719330e+01 5.537983418e+00 5.200526211e-04
    endloop
  endfacet
  facet normal -2.001868270e-04 3.501906467e-04 -9.999999404e-01
    outer loop
      vertex 1.924203873e+01 1.109775162e+01 2.303564310e+00
      vertex 1.923150444e+01 1.111547756e+01 2.303572655e+00
      vertex 9.631326675e+00 5.560648918e+00 2.303575754e+00
    endloop
  endfacet
  facet normal 4.360023141e-01 -7.535250783e-01 -4.920385778e-01
    outer loop
      vertex 1.923150444e+01 1.111547756e+01 2.303572655e+00
      vertex 1.095414734e+01 7.830580711e+00 -5.054807989e-04
      vertex 9.631326675e+00 5.560648918e+00 2.303575754e+00
    endloop
  endfacet
  facet normal 4.360794127e-01 -7.498331666e-01 -4.975791276e-01
    outer loop
      vertex 1.923150444e+01 1.111547756e+01 2.303572655e+00
      vertex 1.790891647e+01 1.187907505e+01 -6.262292154e-03
      vertex 1.095414734e+01 7.830580711e+00 -5.054807989e-04
    endloop
  endfacet
  facet normal 4.388017356e-01 -7.531053424e-01 4.901890457e-01
    outer loop
      vertex 1.790891647e+01 1.187907505e+01 -6.262292154e-03
      vertex 9.618442535e+00 5.553210258e+00 -2.303678989e+00
      vertex 1.095414734e+01 7.830580711e+00 -5.054807989e-04
    endloop
  endfacet
  facet normal 4.324650466e-01 -7.490510941e-01 5.018928647e-01
    outer loop
      vertex 1.790891647e+01 1.187907505e+01 -6.262292154e-03
      vertex 1.923946190e+01 1.110790920e+01 -2.303678989e+00
      vertex 9.618442535e+00 5.553210258e+00 -2.303678989e+00
    endloop
  endfacet
  facet normal 4.328214526e-01 7.497065067e-01 5.006055236e-01
    outer loop
      vertex 9.620296478e+00 -5.555115223e+00 -2.303644180e+00
      vertex 8.287891388e+00 -6.324379444e+00 3.972405684e-04
      vertex 6.843161106e+00 -5.490263462e+00 3.339643008e-04
    endloop
  endfacet
  facet normal -4.327601492e-01 7.495658994e-01 5.008687973e-01
    outer loop
      vertex 9.732623100e+00 -5.490263462e+00 -2.303644180e+00
      vertex 1.239887810e+01 -5.490263462e+00 4.952493327e-05
      vertex 1.224785042e+01 -5.577459812e+00 5.052092820e-05
    endloop
  endfacet
  facet normal -4.327295721e-01 7.495494485e-01 -5.009198785e-01
    outer loop
      vertex 1.239887810e+01 -5.490263462e+00 4.952493327e-05
      vertex 9.732254982e+00 -5.490263462e+00 2.303644896e+00
      vertex 9.620833397e+00 -5.554590702e+00 2.303644896e+00
    endloop
  endfacet
  facet normal 4.327559173e-01 7.495161295e-01 -5.009469390e-01
    outer loop
      vertex 9.509415627e+00 -5.490263462e+00 2.303644896e+00
      vertex 6.843161106e+00 -5.490263462e+00 3.339643008e-04
      vertex 8.287891388e+00 -6.324379444e+00 3.972405684e-04
    endloop
  endfacet
  facet normal -8.654786348e-01 0.000000000e+00 -5.009458065e-01
    outer loop
      vertex -4.295509370e-08 -5.490263462e+00 2.303644657e+00
      vertex -4.717972857e-08 -1.110919666e+01 2.303644657e+00
      vertex 1.333127499e+00 -1.033971500e+01 4.151671601e-04
    endloop
  endfacet
  facet normal -8.654839396e-01 2.013912126e-05 5.009366274e-01
    outer loop
      vertex -3.347858728e-04 -5.490263462e+00 -2.303644419e+00
      vertex 1.333052278e+00 -5.490263462e+00 9.035029507e-05
      vertex 1.333127499e+00 -1.033971500e+01 4.151671601e-04
    endloop
  endfacet
  facet normal 8.655911684e-01 -5.275697549e-05 5.007511973e-01
    outer loop
      vertex -1.332655430e+00 -5.490263462e+00 -6.146292435e-04
      vertex -3.347858728e-04 -5.490263462e+00 -2.303644419e+00
      vertex -6.773266359e-04 -1.110900593e+01 -2.303644180e+00
    endloop
  endfacet
  facet normal 8.656524420e-01 0.000000000e+00 -5.006452799e-01
    outer loop
      vertex -4.717972857e-08 -1.110919666e+01 2.303644657e+00
      vertex -4.295509370e-08 -5.490263462e+00 2.303644657e+00
      vertex -1.332655430e+00 -5.490263462e+00 -6.146292435e-04
    endloop
  endfacet
  facet normal -4.336301386e-01 7.516181469e-01 -4.970262349e-01
    outer loop
      vertex -9.446823120e+00 -5.490263462e+00 2.266805410e+00
      vertex -9.610836029e+00 -5.560577869e+00 2.303566933e+00
      vertex -8.287895203e+00 -6.324377537e+00 -5.674394779e-03
    endloop
  endfacet
  facet normal 1.918320777e-04 -3.241782542e-04 -1.000000000e+00
    outer loop
      vertex -9.530478477e+00 -5.490263462e+00 2.303559780e+00
      vertex -9.621019363e+00 -5.542421818e+00 2.303559065e+00
      vertex -9.610836029e+00 -5.560577869e+00 2.303566933e+00
    endloop
  endfacet
  facet normal -4.324996471e-01 7.490890026e-01 5.018063188e-01
    outer loop
      vertex -9.618417740e+00 -5.553196430e+00 -2.303665161e+00
      vertex -9.509415627e+00 -5.490263462e+00 -2.303664923e+00
      vertex -7.194815636e+00 -5.490263462e+00 -3.087507188e-01
    endloop
  endfacet
  facet normal -3.500534222e-04 -6.081808824e-04 -9.999997020e-01
    outer loop
      vertex -9.732624054e+00 -5.490263462e+00 2.303567886e+00
      vertex -9.753170967e+00 -5.490263462e+00 2.303575277e+00
      vertex -9.631424904e+00 -5.560705662e+00 2.303574324e+00
    endloop
  endfacet
  facet normal 4.336047173e-01 7.510889173e-01 -4.978477955e-01
    outer loop
      vertex -1.225885963e+01 -5.571104050e+00 -5.065749865e-04
      vertex -9.631424904e+00 -5.560705662e+00 2.303574324e+00
      vertex -9.795727730e+00 -5.490263462e+00 2.266746998e+00
    endloop
  endfacet
  facet normal 4.323942661e-01 7.493274212e-01 5.015412569e-01
    outer loop
      vertex -1.225885963e+01 -5.571104050e+00 -5.065749865e-04
      vertex -1.236018944e+01 -5.490263462e+00 -3.392662480e-02
      vertex -9.727479935e+00 -5.490263462e+00 -2.303664923e+00
    endloop
  endfacet
  facet normal -4.024467489e-04 -6.530130631e-04 -9.999997020e-01
    outer loop
      vertex -9.711560249e+00 -5.490263462e+00 2.303559780e+00
      vertex -9.732624054e+00 -5.490263462e+00 2.303567886e+00
      vertex -9.610836029e+00 -5.560577869e+00 2.303566933e+00
    endloop
  endfacet
  facet normal 4.327781796e-01 -7.495489120e-01 5.008787513e-01
    outer loop
      vertex 1.924203873e+01 -9.570034027e+00 4.608294112e-04
      vertex 2.630840492e+01 -5.490263462e+00 9.700904047e-05
      vertex 2.882585716e+01 -5.490263462e+00 -2.175077438e+00
    endloop
  endfacet
  facet normal -8.660209179e-01 -5.000076890e-01 0.000000000e+00
    outer loop
      vertex 2.886305809e+01 -5.554697990e+00 -2.303644657e+00
      vertex 2.882585716e+01 -5.490263462e+00 -2.175077438e+00
      vertex 2.882585716e+01 -5.490263462e+00 0.000000000e+00
    endloop
  endfacet
  facet normal 8.660189509e-01 -5.000111461e-01 0.000000000e+00
    outer loop
      vertex -2.882585716e+01 -5.490263462e+00 -2.175077438e+00
      vertex -2.886305809e+01 -5.554697990e+00 -2.303644657e+00
      vertex -2.952962303e+01 -6.709219933e+00 -2.013909892e-07
    endloop
  endfacet
  facet normal 4.327796102e-01 -7.495996356e-01 5.008015037e-01
    outer loop
      vertex 9.620296478e+00 -5.555115223e+00 -2.303644180e+00
      vertex 9.620326996e+00 -5.490263462e+00 -2.206600666e+00
      vertex 9.732623100e+00 -5.490263462e+00 -2.303644180e+00
    endloop
  endfacet
  facet normal -4.327425659e-01 -7.495203018e-01 -5.009521842e-01
    outer loop
      vertex 9.620840073e+00 -5.490263462e+00 2.207392454e+00
      vertex 9.509415627e+00 -5.490263462e+00 2.303644896e+00
      vertex 9.620833397e+00 -5.554590702e+00 2.303644896e+00
    endloop
  endfacet
  facet normal 4.327345490e-01 -7.495563626e-01 -5.009052753e-01
    outer loop
      vertex 9.732254982e+00 -5.490263462e+00 2.303644896e+00
      vertex 9.620840073e+00 -5.490263462e+00 2.207392454e+00
      vertex 9.620833397e+00 -5.554590702e+00 2.303644896e+00
    endloop
  endfacet
  facet normal -4.327768683e-01 -7.494719028e-01 5.009950995e-01
    outer loop
      vertex 9.620296478e+00 -5.555115223e+00 -2.303644180e+00
      vertex 9.507987022e+00 -5.490263462e+00 -2.303644180e+00
      vertex 9.620326996e+00 -5.490263462e+00 -2.206600666e+00
    endloop
  endfacet
  facet normal -4.342064857e-01 -7.514426112e-01 -4.967883825e-01
    outer loop
      vertex -9.621019363e+00 -5.490263462e+00 2.224663734e+00
      vertex -9.690759659e+00 -5.490263462e+00 2.285618067e+00
      vertex -9.621019363e+00 -5.542421818e+00 2.303559065e+00
    endloop
  endfacet
  facet normal 4.341963530e-01 -7.514454126e-01 -4.967930615e-01
    outer loop
      vertex -9.621019363e+00 -5.490263462e+00 2.224663734e+00
      vertex -9.621019363e+00 -5.542421818e+00 2.303559065e+00
      vertex -9.551278114e+00 -5.490263462e+00 2.285618067e+00
    endloop
  endfacet
  facet normal -4.320268035e-01 -7.499657273e-01 -5.009034276e-01
    outer loop
      vertex -9.690759659e+00 -5.490263462e+00 2.285618067e+00
      vertex -9.711560249e+00 -5.490263462e+00 2.303559780e+00
      vertex -9.621019363e+00 -5.542421818e+00 2.303559065e+00
    endloop
  endfacet
  facet normal 4.324653447e-01 -7.490408421e-01 5.019078255e-01
    outer loop
      vertex -9.618417740e+00 -5.553196430e+00 -2.303665161e+00
      vertex -9.618524551e+00 -5.490263462e+00 -2.209651947e+00
      vertex -9.509415627e+00 -5.490263462e+00 -2.303664923e+00
    endloop
  endfacet
  facet normal 4.320359826e-01 -7.499902248e-01 -5.008590221e-01
    outer loop
      vertex -9.551278114e+00 -5.490263462e+00 2.285618067e+00
      vertex -9.621019363e+00 -5.542421818e+00 2.303559065e+00
      vertex -9.530478477e+00 -5.490263462e+00 2.303559780e+00
    endloop
  endfacet
  facet normal -4.334395528e-01 7.491644025e-01 -5.008821487e-01
    outer loop
      vertex -9.489305496e+00 -5.490263462e+00 2.303567886e+00
      vertex -9.610836029e+00 -5.560577869e+00 2.303566933e+00
      vertex -9.446823120e+00 -5.490263462e+00 2.266805410e+00
    endloop
  endfacet
  facet normal -4.329971373e-01 7.494229078e-01 5.008779168e-01
    outer loop
      vertex -6.843166828e+00 -5.490263462e+00 -4.758909810e-03
      vertex -8.287895203e+00 -6.324377537e+00 -5.674394779e-03
      vertex -7.194815636e+00 -5.490263462e+00 -3.087507188e-01
    endloop
  endfacet
  facet normal 4.334643185e-01 7.491537929e-01 -5.008766055e-01
    outer loop
      vertex -9.753170967e+00 -5.490263462e+00 2.303575277e+00
      vertex -9.795727730e+00 -5.490263462e+00 2.266746998e+00
      vertex -9.631424904e+00 -5.560705662e+00 2.303574324e+00
    endloop
  endfacet
  facet normal 4.327833056e-01 7.495420575e-01 5.008847117e-01
    outer loop
      vertex -1.225885963e+01 -5.571104050e+00 -5.065749865e-04
      vertex -1.239887905e+01 -5.490263462e+00 -4.973064642e-04
      vertex -1.236018944e+01 -5.490263462e+00 -3.392662480e-02
    endloop
  endfacet
  facet normal -4.324829578e-01 -7.494896054e-01 5.012224317e-01
    outer loop
      vertex -9.618417740e+00 -5.553196430e+00 -2.303665161e+00
      vertex -9.727479935e+00 -5.490263462e+00 -2.303664923e+00
      vertex -9.618524551e+00 -5.490263462e+00 -2.209651947e+00
    endloop
  endfacet
  facet normal -4.324930012e-01 -7.497107983e-01 5.008826852e-01
    outer loop
      vertex -1.924203873e+01 -9.570039749e+00 -6.318270229e-03
      vertex -2.886305809e+01 -5.554697990e+00 -2.303644657e+00
      vertex -2.882585716e+01 -5.490263462e+00 -2.175077438e+00
    endloop
  endfacet
  facet normal -4.341992736e-01 -7.514469028e-01 -4.967883825e-01
    outer loop
      vertex -1.924203873e+01 -1.109712029e+01 2.303559065e+00
      vertex -1.924203873e+01 -9.570039749e+00 -6.318270229e-03
      vertex -2.630840874e+01 -5.490263462e+00 -1.332234475e-03
    endloop
  endfacet
  facet normal -4.320443571e-01 -7.499707341e-01 -5.008808374e-01
    outer loop
      vertex -2.673894119e+01 -5.490263462e+00 3.749593496e-01
      vertex -2.882585716e+01 -5.490263462e+00 2.175077438e+00
      vertex -2.886305809e+01 -5.554697990e+00 2.303644657e+00
    endloop
  endfacet
  facet normal 8.655176759e-01 -1.916137990e-05 5.008783937e-01
    outer loop
      vertex 9.621019363e+00 -1.666409492e+01 -2.303644657e+00
      vertex 8.287891388e+00 -1.435505295e+01 8.871089813e-05
      vertex 8.287891388e+00 -6.324379444e+00 3.972405684e-04
    endloop
  endfacet
  facet normal 8.655155897e-01 1.434684873e-05 -5.008819103e-01
    outer loop
      vertex 8.287891388e+00 -1.435505295e+01 8.871089813e-05
      vertex 9.621019363e+00 -1.666409492e+01 2.303644657e+00
      vertex 9.620833397e+00 -5.554590702e+00 2.303644896e+00
    endloop
  endfacet
  facet normal -8.655159473e-01 -1.978174550e-03 -5.008773208e-01
    outer loop
      vertex 9.621019363e+00 -1.666409492e+01 2.303644657e+00
      vertex 1.095414734e+01 -1.666409492e+01 -2.013909892e-07
      vertex 1.093408966e+01 -7.875207901e+00 -5.257337762e-05
    endloop
  endfacet
  facet normal -4.327613711e-01 7.495645881e-01 5.008697510e-01
    outer loop
      vertex 3.148988914e+01 -1.668685722e+01 5.052086271e-05
      vertex 2.886233521e+01 -1.666451263e+01 -2.303644180e+00
      vertex 3.848408127e+01 -1.110939693e+01 -2.303644657e+00
    endloop
  endfacet
  facet normal -4.327430427e-01 7.495281696e-01 -5.009400845e-01
    outer loop
      vertex 2.886287308e+01 -1.666398811e+01 2.303644896e+00
      vertex 3.148988914e+01 -1.668685722e+01 5.052086271e-05
      vertex 3.915064621e+01 -1.226391983e+01 0.000000000e+00
    endloop
  endfacet
  facet normal 4.327386916e-01 -7.495545149e-01 -5.009043813e-01
    outer loop
      vertex 2.886305809e+01 -1.512473202e+01 4.608294112e-04
      vertex 2.886287308e+01 -1.666398811e+01 2.303644896e+00
      vertex 3.848408127e+01 -1.110939693e+01 2.303644657e+00
    endloop
  endfacet
  facet normal 4.328013361e-01 -7.495896220e-01 5.007977486e-01
    outer loop
      vertex 2.886233521e+01 -1.666451263e+01 -2.303644180e+00
      vertex 2.886305809e+01 -1.512473202e+01 4.608294112e-04
      vertex 3.781751633e+01 -9.954874992e+00 -2.013909892e-07
    endloop
  endfacet
  facet normal -8.660248518e-01 -5.000009537e-01 -3.105364499e-07
    outer loop
      vertex 3.915064621e+01 -1.226391983e+01 0.000000000e+00
      vertex 3.848408127e+01 -1.110939693e+01 -2.303644657e+00
      vertex 3.781751633e+01 -9.954874992e+00 -2.013909892e-07
    endloop
  endfacet
  facet normal -8.695119023e-01 -1.980917761e-03 4.939079881e-01
    outer loop
      vertex 2.886233521e+01 -1.666451263e+01 -2.303644180e+00
      vertex 3.017612839e+01 -1.898460388e+01 -5.257337762e-05
      vertex 3.019618416e+01 -2.777349091e+01 -2.013909892e-07
    endloop
  endfacet
  facet normal 8.656646609e-01 5.635240450e-05 5.006244183e-01
    outer loop
      vertex 2.752993011e+01 -1.743377686e+01 3.972405684e-04
      vertex 2.886233521e+01 -1.666451263e+01 -2.303644180e+00
      vertex 2.886305809e+01 -2.777349091e+01 -2.303644657e+00
    endloop
  endfacet
  facet normal 8.655076027e-01 1.918547605e-05 -5.008957982e-01
    outer loop
      vertex 2.886287308e+01 -1.666398811e+01 2.303644896e+00
      vertex 2.752993011e+01 -1.743377686e+01 3.972405684e-04
      vertex 2.752993011e+01 -2.777349091e+01 0.000000000e+00
    endloop
  endfacet
  facet normal -8.687595725e-01 -1.393425373e-05 -4.952341914e-01
    outer loop
      vertex 3.017612839e+01 -1.898460388e+01 -5.257337762e-05
      vertex 2.886287308e+01 -1.666398811e+01 2.303644896e+00
      vertex 2.886305809e+01 -2.777349091e+01 2.303644657e+00
    endloop
  endfacet
  facet normal 0.000000000e+00 9.999999404e-01 0.000000000e+00
    outer loop
      vertex 2.752993011e+01 -2.777349091e+01 0.000000000e+00
      vertex 2.886305809e+01 -2.777349091e+01 -2.303644657e+00
      vertex 3.019618416e+01 -2.777349091e+01 -2.013909892e-07
    endloop
  endfacet
  facet normal -4.327614009e-01 7.495645285e-01 5.008698106e-01
    outer loop
      vertex 2.186886978e+01 -1.113215828e+01 5.052106644e-05
      vertex 1.924131775e+01 -1.110981369e+01 -2.303644180e+00
      vertex 2.886305809e+01 -5.554697990e+00 -2.303644657e+00
    endloop
  endfacet
  facet normal -4.327432811e-01 7.495273948e-01 -5.009409785e-01
    outer loop
      vertex 1.924185371e+01 -1.110928917e+01 2.303644657e+00
      vertex 2.186886978e+01 -1.113215828e+01 5.052106644e-05
      vertex 2.952962303e+01 -6.709219933e+00 0.000000000e+00
    endloop
  endfacet
  facet normal 4.327316284e-01 -7.495572567e-01 -5.009062886e-01
    outer loop
      vertex 2.630840492e+01 -5.490263462e+00 9.700904047e-05
      vertex 1.924203873e+01 -9.570034027e+00 4.608294112e-04
      vertex 1.924185371e+01 -1.110928917e+01 2.303644657e+00
    endloop
  endfacet
  facet normal -8.695122600e-01 -1.981602283e-03 4.939073622e-01
    outer loop
      vertex 1.924131775e+01 -1.110981369e+01 -2.303644180e+00
      vertex 2.055510902e+01 -1.342990589e+01 -5.257324301e-05
      vertex 2.057516479e+01 -2.221879387e+01 -2.013909892e-07
    endloop
  endfacet
  facet normal 8.656643629e-01 5.588858403e-05 5.006248355e-01
    outer loop
      vertex 1.790891075e+01 -1.187907791e+01 3.972405684e-04
      vertex 1.924131775e+01 -1.110981369e+01 -2.303644180e+00
      vertex 1.924203873e+01 -2.221879387e+01 -2.303644657e+00
    endloop
  endfacet
  facet normal 8.655074835e-01 1.915149005e-05 -5.008958578e-01
    outer loop
      vertex 1.924185371e+01 -1.110928917e+01 2.303644657e+00
      vertex 1.790891075e+01 -1.187907791e+01 3.972405684e-04
      vertex 1.790891075e+01 -2.221879387e+01 0.000000000e+00
    endloop
  endfacet
  facet normal -8.687595725e-01 -1.450298987e-05 -4.952340722e-01
    outer loop
      vertex 2.055510902e+01 -1.342990589e+01 -5.257324301e-05
      vertex 1.924185371e+01 -1.110928917e+01 2.303644657e+00
      vertex 1.924203873e+01 -2.221879387e+01 2.303644657e+00
    endloop
  endfacet
  facet normal 0.000000000e+00 9.999999404e-01 0.000000000e+00
    outer loop
      vertex 1.790891075e+01 -2.221879387e+01 0.000000000e+00
      vertex 1.924203873e+01 -2.221879387e+01 -2.303644657e+00
      vertex 2.057516479e+01 -2.221879387e+01 -2.013909892e-07
    endloop
  endfacet
  facet normal -8.655177355e-01 -5.632808825e-05 5.008783937e-01
    outer loop
      vertex 1.095414734e+01 -1.666409492e+01 -2.013909892e-07
      vertex 9.621019363e+00 -1.666409492e+01 -2.303644657e+00
      vertex 9.620296478e+00 -5.555115223e+00 -2.303644180e+00
    endloop
  endfacet
  facet normal -4.359551966e-01 -7.550967932e-01 -4.896652102e-01
    outer loop
      vertex 3.148988914e+01 -1.668685722e+01 5.052086271e-05
      vertex 2.886287308e+01 -1.666398811e+01 2.303644896e+00
      vertex 3.848407745e+01 -2.221879387e+01 2.303644657e+00
    endloop
  endfacet
  facet normal -4.333409667e-01 -7.583797574e-01 4.869042635e-01
    outer loop
      vertex 2.886233521e+01 -1.666451263e+01 -2.303644180e+00
      vertex 3.148988914e+01 -1.668685722e+01 5.052086271e-05
      vertex 3.915064240e+01 -2.106427002e+01 -2.013909892e-07
    endloop
  endfacet
  facet normal 4.311267734e-01 7.468450665e-01 5.063123703e-01
    outer loop
      vertex 3.017612839e+01 -1.898460388e+01 -5.257337762e-05
      vertex 2.886233521e+01 -1.666451263e+01 -2.303644180e+00
      vertex 3.848407745e+01 -2.221879387e+01 -2.303644657e+00
    endloop
  endfacet
  facet normal 4.290209115e-01 7.469813824e-01 -5.078974962e-01
    outer loop
      vertex 2.886287308e+01 -1.666398811e+01 2.303644896e+00
      vertex 3.017612839e+01 -1.898460388e+01 -5.257337762e-05
      vertex 3.781751251e+01 -2.337331581e+01 0.000000000e+00
    endloop
  endfacet
  facet normal -8.660249114e-01 5.000008345e-01 -1.242145458e-06
    outer loop
      vertex 3.781751251e+01 -2.337331581e+01 0.000000000e+00
      vertex 3.848407745e+01 -2.221879387e+01 -2.303644657e+00
      vertex 3.915064240e+01 -2.106427002e+01 -2.013909892e-07
    endloop
  endfacet
  facet normal -4.359548986e-01 -7.550959587e-01 -4.896665812e-01
    outer loop
      vertex 2.186886978e+01 -1.113215828e+01 5.052106644e-05
      vertex 1.924185371e+01 -1.110928917e+01 2.303644657e+00
      vertex 2.886287308e+01 -1.666398811e+01 2.303644896e+00
    endloop
  endfacet
  facet normal -4.331131577e-01 -7.586776018e-01 4.866428375e-01
    outer loop
      vertex 1.924131775e+01 -1.110981369e+01 -2.303644180e+00
      vertex 2.186886978e+01 -1.113215828e+01 5.052106644e-05
      vertex 2.886305809e+01 -1.512473202e+01 4.608294112e-04
    endloop
  endfacet
  facet normal 4.311871827e-01 7.468379140e-01 5.062712431e-01
    outer loop
      vertex 2.055510902e+01 -1.342990589e+01 -5.257324301e-05
      vertex 1.924131775e+01 -1.110981369e+01 -2.303644180e+00
      vertex 2.886233521e+01 -1.666451263e+01 -2.303644180e+00
    endloop
  endfacet
  facet normal 4.288458526e-01 7.470003963e-01 -5.080173612e-01
    outer loop
      vertex 1.924185371e+01 -1.110928917e+01 2.303644657e+00
      vertex 2.055510902e+01 -1.342990589e+01 -5.257324301e-05
      vertex 2.752993011e+01 -1.743377686e+01 3.972405684e-04
    endloop
  endfacet
  facet normal -4.359549284e-01 -7.550963163e-01 -4.896661043e-01
    outer loop
      vertex 1.224785042e+01 -5.577459812e+00 5.052092820e-05
      vertex 9.620833397e+00 -5.554590702e+00 2.303644896e+00
      vertex 1.924185371e+01 -1.110928917e+01 2.303644657e+00
    endloop
  endfacet
  facet normal -4.331132174e-01 -7.586775422e-01 4.866428375e-01
    outer loop
      vertex 9.620296478e+00 -5.555115223e+00 -2.303644180e+00
      vertex 1.224785042e+01 -5.577459812e+00 5.052092820e-05
      vertex 1.924203873e+01 -9.570034027e+00 4.608294112e-04
    endloop
  endfacet
  facet normal 4.311869740e-01 7.468377948e-01 5.062715411e-01
    outer loop
      vertex 1.093408966e+01 -7.875207901e+00 -5.257337762e-05
      vertex 9.620296478e+00 -5.555115223e+00 -2.303644180e+00
      vertex 1.924131775e+01 -1.110981369e+01 -2.303644180e+00
    endloop
  endfacet
  facet normal 4.288457334e-01 7.470003963e-01 -5.080172420e-01
    outer loop
      vertex 9.620833397e+00 -5.554590702e+00 2.303644896e+00
      vertex 1.093408966e+01 -7.875207901e+00 -5.257337762e-05
      vertex 1.790891075e+01 -1.187907791e+01 3.972405684e-04
    endloop
  endfacet
  facet normal 4.327601492e-01 7.495589256e-01 5.008793473e-01
    outer loop
      vertex 9.621019363e+00 -1.666409492e+01 -2.303644657e+00
      vertex 8.954456329e+00 -1.781861877e+01 0.000000000e+00
      vertex 1.308851480e+00 -1.340442562e+01 2.945134111e-05
    endloop
  endfacet
  facet normal -4.327771962e-01 -7.495507598e-01 -5.008766651e-01
    outer loop
      vertex 9.621019363e+00 -1.666409492e+01 2.303644657e+00
      vertex 8.287891388e+00 -1.435505295e+01 8.871089813e-05
      vertex 1.333127499e+00 -1.033971500e+01 4.151671601e-04
    endloop
  endfacet
  facet normal -4.327625930e-01 -7.496069670e-01 5.008053780e-01
    outer loop
      vertex -6.773266359e-04 -1.110900593e+01 -2.303644180e+00
      vertex 1.333127499e+00 -1.033971500e+01 4.151671601e-04
      vertex 8.287891388e+00 -1.435505295e+01 8.871089813e-05
    endloop
  endfacet
  facet normal 4.327429235e-01 -7.495694757e-01 5.008783937e-01
    outer loop
      vertex -9.621019363e+00 -1.666409492e+01 -2.303644657e+00
      vertex -8.287892342e+00 -1.435595322e+01 -1.266855281e-03
      vertex -1.333127499e+00 -1.033971500e+01 3.794830118e-04
    endloop
  endfacet
  facet normal 4.329033792e-01 -7.494369149e-01 -5.009379983e-01
    outer loop
      vertex -4.717972857e-08 -1.110919666e+01 2.303644657e+00
      vertex -1.333127499e+00 -1.033971500e+01 3.794830118e-04
      vertex -8.287892342e+00 -1.435595322e+01 -1.266855281e-03
    endloop
  endfacet
  facet normal -4.338057339e-01 7.489548922e-01 -5.008785129e-01
    outer loop
      vertex -9.621019363e+00 -1.666409492e+01 2.303644657e+00
      vertex -8.954456329e+00 -1.781861877e+01 -1.006954946e-07
      vertex -1.345357776e+00 -1.341133690e+01 -2.977704389e-05
    endloop
  endfacet
  facet normal 4.327601790e-01 7.495628595e-01 5.008733273e-01
    outer loop
      vertex 1.308851719e+00 -3.562322235e+01 2.945113920e-05
      vertex -6.773266941e-04 -3.332780075e+01 -2.303644180e+00
      vertex 9.621020317e+00 -3.888288879e+01 -2.303644657e+00
    endloop
  endfacet
  facet normal 4.327414632e-01 7.495341301e-01 -5.009326339e-01
    outer loop
      vertex -4.717972857e-08 -3.332799149e+01 2.303644657e+00
      vertex 1.308851719e+00 -3.562322235e+01 2.945113920e-05
      vertex 8.954455376e+00 -4.003741074e+01 0.000000000e+00
    endloop
  endfacet
  facet normal -4.327644408e-01 -7.495431304e-01 -5.008991361e-01
    outer loop
      vertex 1.333127737e+00 -3.255850983e+01 4.151671601e-04
      vertex -4.717972857e-08 -3.332799149e+01 2.303644657e+00
      vertex 9.621020317e+00 -3.888288879e+01 2.303644657e+00
    endloop
  endfacet
  facet normal -4.327626824e-01 -7.496073842e-01 5.008045435e-01
    outer loop
      vertex -6.773266941e-04 -3.332780075e+01 -2.303644180e+00
      vertex 1.333127737e+00 -3.255850983e+01 4.151671601e-04
      vertex 1.028758430e+01 -3.772836685e+01 -1.006954946e-07
    endloop
  endfacet
  facet normal -8.660247326e-01 5.000010729e-01 0.000000000e+00
    outer loop
      vertex 9.621020317e+00 -3.888288879e+01 2.303644657e+00
      vertex 8.954455376e+00 -4.003741074e+01 0.000000000e+00
      vertex 9.621020317e+00 -3.888288879e+01 -2.303644657e+00
    endloop
  endfacet
  facet normal -4.350092709e-01 7.510398626e-01 4.966953397e-01
    outer loop
      vertex -6.773266941e-04 -3.332780075e+01 -2.303644180e+00
      vertex -1.345358014e+00 -3.563013077e+01 -2.977718032e-05
      vertex -8.954455376e+00 -4.003741074e+01 -1.006954946e-07
    endloop
  endfacet
  facet normal 4.328730702e-01 -7.496529222e-01 5.006409883e-01
    outer loop
      vertex -1.333127737e+00 -3.255850983e+01 3.794830118e-04
      vertex -6.773266941e-04 -3.332780075e+01 -2.303644180e+00
      vertex -9.621020317e+00 -3.888288879e+01 -2.303644657e+00
    endloop
  endfacet
  facet normal 4.327697754e-01 -7.495425940e-01 -5.008953810e-01
    outer loop
      vertex -4.717972857e-08 -3.332799149e+01 2.303644657e+00
      vertex -1.333127737e+00 -3.255850983e+01 3.794830118e-04
      vertex -1.028758430e+01 -3.772836685e+01 0.000000000e+00
    endloop
  endfacet
  facet normal -4.337583482e-01 7.512646317e-01 -4.974487126e-01
    outer loop
      vertex -1.345358014e+00 -3.563013077e+01 -2.977718032e-05
      vertex -4.717972857e-08 -3.332799149e+01 2.303644657e+00
      vertex -9.621020317e+00 -3.888288879e+01 2.303644657e+00
    endloop
  endfacet
  facet normal 8.660258651e-01 4.999992549e-01 0.000000000e+00
    outer loop
      vertex -9.621020317e+00 -3.888288879e+01 2.303644657e+00
      vertex -1.028758430e+01 -3.772836685e+01 0.000000000e+00
      vertex -9.621020317e+00 -3.888288879e+01 -2.303644657e+00
    endloop
  endfacet
  facet normal 4.327597618e-01 7.495621443e-01 5.008749366e-01
    outer loop
      vertex 1.308851480e+00 -2.451382256e+01 2.945147389e-05
      vertex -6.773266359e-04 -2.221840286e+01 -2.303644180e+00
      vertex 9.621020317e+00 -2.777349091e+01 -2.303644419e+00
    endloop
  endfacet
  facet normal 4.327412844e-01 7.495336533e-01 -5.009335279e-01
    outer loop
      vertex -4.717972857e-08 -2.221859360e+01 2.303644657e+00
      vertex 1.308851480e+00 -2.451382256e+01 2.945147389e-05
      vertex 8.954456329e+00 -2.892801285e+01 0.000000000e+00
    endloop
  endfacet
  facet normal -4.327645302e-01 -7.495431304e-01 -5.008991957e-01
    outer loop
      vertex 1.333127499e+00 -2.144911194e+01 4.151671601e-04
      vertex -4.717972857e-08 -2.221859360e+01 2.303644657e+00
      vertex 9.621020317e+00 -2.777349091e+01 2.303644419e+00
    endloop
  endfacet
  facet normal -4.327626824e-01 -7.496073842e-01 5.008045435e-01
    outer loop
      vertex -6.773266359e-04 -2.221840286e+01 -2.303644180e+00
      vertex 1.333127499e+00 -2.144911194e+01 4.151671601e-04
      vertex 1.028758335e+01 -2.661896896e+01 -1.006954946e-07
    endloop
  endfacet
  facet normal -8.660253286e-01 5.000002384e-01 0.000000000e+00
    outer loop
      vertex 9.621020317e+00 -2.777349091e+01 2.303644419e+00
      vertex 8.954456329e+00 -2.892801285e+01 0.000000000e+00
      vertex 9.621020317e+00 -2.777349091e+01 -2.303644419e+00
    endloop
  endfacet
  facet normal -4.350092411e-01 7.510398626e-01 4.966952801e-01
    outer loop
      vertex -6.773266359e-04 -2.221840286e+01 -2.303644180e+00
      vertex -1.345358014e+00 -2.452073288e+01 -2.977718032e-05
      vertex -8.954456329e+00 -2.892801285e+01 -1.006954946e-07
    endloop
  endfacet
  facet normal 4.328737557e-01 -7.496541142e-01 5.006387234e-01
    outer loop
      vertex -1.333127499e+00 -2.144911194e+01 3.794830118e-04
      vertex -6.773266359e-04 -2.221840286e+01 -2.303644180e+00
      vertex -9.621020317e+00 -2.777349091e+01 -2.303644419e+00
    endloop
  endfacet
  facet normal 4.327697754e-01 -7.495425940e-01 -5.008953810e-01
    outer loop
      vertex -4.717972857e-08 -2.221859360e+01 2.303644657e+00
      vertex -1.333127499e+00 -2.144911194e+01 3.794830118e-04
      vertex -1.028758335e+01 -2.661896896e+01 0.000000000e+00
    endloop
  endfacet
  facet normal -4.337586164e-01 7.512649894e-01 -4.974479377e-01
    outer loop
      vertex -1.345358014e+00 -2.452073288e+01 -2.977718032e-05
      vertex -4.717972857e-08 -2.221859360e+01 2.303644657e+00
      vertex -9.621020317e+00 -2.777349091e+01 2.303644419e+00
    endloop
  endfacet
  facet normal 8.660258055e-01 4.999992549e-01 0.000000000e+00
    outer loop
      vertex -9.621020317e+00 -2.777349091e+01 2.303644419e+00
      vertex -1.028758335e+01 -2.661896896e+01 0.000000000e+00
      vertex -9.621020317e+00 -2.777349091e+01 -2.303644419e+00
    endloop
  endfacet
  facet normal 4.327708781e-01 7.495540977e-01 -5.008772016e-01
    outer loop
      vertex 8.954456329e+00 -1.781861877e+01 0.000000000e+00
      vertex 9.621019363e+00 -1.666409492e+01 2.303644657e+00
      vertex -4.717972857e-08 -1.110919666e+01 2.303644657e+00
    endloop
  endfacet
  facet normal -4.328045547e-01 7.495340109e-01 5.008783340e-01
    outer loop
      vertex -8.954456329e+00 -1.781861877e+01 -1.006954946e-07
      vertex -9.621019363e+00 -1.666409492e+01 -2.303644657e+00
      vertex -6.773266359e-04 -1.110900593e+01 -2.303644180e+00
    endloop
  endfacet
  facet normal -8.694599271e-01 0.000000000e+00 -4.940035641e-01
    outer loop
      vertex 1.308851719e+00 -3.562322235e+01 2.945113920e-05
      vertex -4.717972857e-08 -3.332799149e+01 2.303644657e+00
      vertex 0.000000000e+00 -4.443758774e+01 2.303644657e+00
    endloop
  endfacet
  facet normal -8.703778386e-01 -2.398783108e-03 4.923784435e-01
    outer loop
      vertex -6.773266941e-04 -3.332780075e+01 -2.303644180e+00
      vertex 1.308851719e+00 -3.562322235e+01 2.945113920e-05
      vertex 1.333127618e+00 -4.443758774e+01 -1.006954946e-07
    endloop
  endfacet
  facet normal 8.636082411e-01 5.262421109e-05 5.041636229e-01
    outer loop
      vertex -1.345358014e+00 -3.563013077e+01 -2.977718032e-05
      vertex -6.773266941e-04 -3.332780075e+01 -2.303644180e+00
      vertex -1.165457064e-07 -4.443758774e+01 -2.303644657e+00
    endloop
  endfacet
  facet normal 8.630043864e-01 1.196701429e-03 -5.051949620e-01
    outer loop
      vertex -4.717972857e-08 -3.332799149e+01 2.303644657e+00
      vertex -1.345358014e+00 -3.563013077e+01 -2.977718032e-05
      vertex -1.333127618e+00 -4.443758774e+01 0.000000000e+00
    endloop
  endfacet
  facet normal 0.000000000e+00 1.000000000e+00 0.000000000e+00
    outer loop
      vertex 0.000000000e+00 -4.443758774e+01 2.303644657e+00
      vertex -1.333127618e+00 -4.443758774e+01 0.000000000e+00
      vertex -1.165457064e-07 -4.443758774e+01 -2.303644657e+00
    endloop
  endfacet
  facet normal -8.694599271e-01 0.000000000e+00 -4.940035343e-01
    outer loop
      vertex 1.308851480e+00 -2.451382256e+01 2.945147389e-05
      vertex -4.717972857e-08 -2.221859360e+01 2.303644657e+00
      vertex -4.717972857e-08 -3.332799149e+01 2.303644657e+00
    endloop
  endfacet
  facet normal -8.704647422e-01 -2.603176050e-03 4.922238886e-01
    outer loop
      vertex -6.773266359e-04 -2.221840286e+01 -2.303644180e+00
      vertex 1.308851480e+00 -2.451382256e+01 2.945147389e-05
      vertex 1.333127737e+00 -3.255850983e+01 4.151671601e-04
    endloop
  endfacet
  facet normal 8.636311293e-01 0.000000000e+00 5.041242838e-01
    outer loop
      vertex -1.345358014e+00 -2.452073288e+01 -2.977718032e-05
      vertex -6.773266359e-04 -2.221840286e+01 -2.303644180e+00
      vertex -6.773266941e-04 -3.332780075e+01 -2.303644180e+00
    endloop
  endfacet
  facet normal 8.629646897e-01 1.287369640e-03 -5.052626133e-01
    outer loop
      vertex -4.717972857e-08 -2.221859360e+01 2.303644657e+00
      vertex -1.345358014e+00 -2.452073288e+01 -2.977718032e-05
      vertex -1.333127737e+00 -3.255850983e+01 3.794830118e-04
    endloop
  endfacet
  facet normal -8.694598079e-01 0.000000000e+00 -4.940035939e-01
    outer loop
      vertex 1.308851480e+00 -1.340442562e+01 2.945134111e-05
      vertex -4.717972857e-08 -1.110919666e+01 2.303644657e+00
      vertex -4.717972857e-08 -2.221859360e+01 2.303644657e+00
    endloop
  endfacet
  facet normal -8.704647422e-01 -2.603142755e-03 4.922239184e-01
    outer loop
      vertex -6.773266359e-04 -1.110900593e+01 -2.303644180e+00
      vertex 1.308851480e+00 -1.340442562e+01 2.945134111e-05
      vertex 1.333127499e+00 -2.144911194e+01 4.151671601e-04
    endloop
  endfacet
  facet normal 8.636312485e-01 0.000000000e+00 5.041241050e-01
    outer loop
      vertex -1.345357776e+00 -1.341133690e+01 -2.977704389e-05
      vertex -6.773266359e-04 -1.110900593e+01 -2.303644180e+00
      vertex -6.773266359e-04 -2.221840286e+01 -2.303644180e+00
    endloop
  endfacet
  facet normal 8.629648089e-01 1.287359046e-03 -5.052623749e-01
    outer loop
      vertex -4.717972857e-08 -1.110919666e+01 2.303644657e+00
      vertex -1.345357776e+00 -1.341133690e+01 -2.977704389e-05
      vertex -1.333127499e+00 -2.144911194e+01 3.794830118e-04
    endloop
  endfacet
  facet normal -8.677353859e-01 -2.730171254e-04 -4.970263243e-01
    outer loop
      vertex -8.287892342e+00 -1.435595322e+01 -1.266855281e-03
      vertex -8.287895203e+00 -6.324377537e+00 -5.674394779e-03
      vertex -9.610836029e+00 -5.560577869e+00 2.303566933e+00
    endloop
  endfacet
  facet normal 0.000000000e+00 9.999999404e-01 0.000000000e+00
    outer loop
      vertex -3.019618416e+01 -2.777349091e+01 0.000000000e+00
      vertex -2.886305809e+01 -2.777349091e+01 -2.303644657e+00
      vertex -2.752993011e+01 -2.777349091e+01 -2.013909892e-07
    endloop
  endfacet
  facet normal 8.660259247e-01 -4.999991059e-01 -3.105368478e-07
    outer loop
      vertex -3.781751633e+01 -9.954874992e+00 0.000000000e+00
      vertex -3.848408127e+01 -1.110939693e+01 -2.303644657e+00
      vertex -3.915064621e+01 -1.226391983e+01 -2.013909892e-07
    endloop
  endfacet
  facet normal 0.000000000e+00 9.999999404e-01 0.000000000e+00
    outer loop
      vertex -2.057516479e+01 -2.221879387e+01 0.000000000e+00
      vertex -1.924203873e+01 -2.221879387e+01 -2.303644657e+00
      vertex -1.790891075e+01 -2.221879387e+01 -2.013909892e-07
    endloop
  endfacet
  facet normal 8.660249114e-01 5.000008345e-01 -1.242145458e-06
    outer loop
      vertex -3.915064240e+01 -2.106427002e+01 0.000000000e+00
      vertex -3.848407745e+01 -2.221879387e+01 -2.303644657e+00
      vertex -3.781751251e+01 -2.337331581e+01 -2.013909892e-07
    endloop
  endfacet
  facet normal 4.350443482e-01 -7.535187602e-01 4.928954840e-01
    outer loop
      vertex -2.187987900e+01 -1.112580204e+01 -5.065781879e-04
      vertex -1.923943710e+01 -1.110789490e+01 -2.303665638e+00
      vertex -2.886045647e+01 -1.666259384e+01 -2.303665876e+00
    endloop
  endfacet
  facet normal 4.333044589e-01 -7.559486628e-01 -4.907025099e-01
    outer loop
      vertex -1.925244522e+01 -1.111540413e+01 2.303574324e+00
      vertex -2.187987900e+01 -1.112580204e+01 -5.065781879e-04
      vertex -2.886305809e+01 -1.512473774e+01 -6.318270229e-03
    endloop
  endfacet
  facet normal -4.306701422e-01 7.475977540e-01 -5.055894852e-01
    outer loop
      vertex -2.056080627e+01 -1.342663860e+01 5.215984420e-04
      vertex -1.925244522e+01 -1.111540413e+01 2.303574324e+00
      vertex -2.886305809e+01 -1.665181923e+01 2.303559065e+00
    endloop
  endfacet
  facet normal -9.849922359e-02 7.311682701e-01 6.750488281e-01
    outer loop
      vertex -1.924203873e+01 -1.112167358e+01 -2.303643703e+00
      vertex -2.056080627e+01 -1.342663860e+01 5.215984420e-04
      vertex -2.885287285e+01 -1.666997528e+01 2.303566933e+00
    endloop
  endfacet
  facet normal 3.063592911e-01 -5.635045841e-02 9.502466917e-01
    outer loop
      vertex -1.923943710e+01 -1.110789490e+01 -2.303665638e+00
      vertex -1.924203873e+01 -1.112167358e+01 -2.303643703e+00
      vertex -2.752993393e+01 -1.743377304e+01 -5.674394779e-03
    endloop
  endfacet
  facet normal 4.350443184e-01 -7.535189390e-01 4.928950965e-01
    outer loop
      vertex -1.225885963e+01 -5.571104050e+00 -5.065749865e-04
      vertex -9.618417740e+00 -5.553196430e+00 -2.303665161e+00
      vertex -1.923943710e+01 -1.110789490e+01 -2.303665638e+00
    endloop
  endfacet
  facet normal 4.333044291e-01 -7.559488416e-01 -4.907021224e-01
    outer loop
      vertex -9.631424904e+00 -5.560705662e+00 2.303574324e+00
      vertex -1.225885963e+01 -5.571104050e+00 -5.065749865e-04
      vertex -1.924203873e+01 -9.570039749e+00 -6.318270229e-03
    endloop
  endfacet
  facet normal -4.306698740e-01 7.475973964e-01 -5.055903792e-01
    outer loop
      vertex -1.093978691e+01 -7.871941090e+00 5.216037971e-04
      vertex -9.631424904e+00 -5.560705662e+00 2.303574324e+00
      vertex -1.924203873e+01 -1.109712029e+01 2.303559065e+00
    endloop
  endfacet
  facet normal -9.849885851e-02 7.311689854e-01 6.750481129e-01
    outer loop
      vertex -9.621019363e+00 -5.566975117e+00 -2.303643703e+00
      vertex -1.093978691e+01 -7.871941090e+00 5.216037971e-04
      vertex -1.923185349e+01 -1.111527538e+01 2.303566933e+00
    endloop
  endfacet
  facet normal 3.064360023e-01 -5.635775253e-02 9.502213597e-01
    outer loop
      vertex -9.618417740e+00 -5.553196430e+00 -2.303665161e+00
      vertex -9.621019363e+00 -5.566975117e+00 -2.303643703e+00
      vertex -1.790891457e+01 -1.187907600e+01 -5.674394779e-03
    endloop
  endfacet
  facet normal 0.000000000e+00 9.999999404e-01 0.000000000e+00
    outer loop
      vertex 1.095414734e+01 -1.666409492e+01 -2.013909892e-07
      vertex 9.621019363e+00 -1.666409492e+01 2.303644657e+00
      vertex 9.621019363e+00 -1.666409492e+01 -2.303644657e+00
    endloop
  endfacet
  facet normal -8.660256863e-01 4.999995828e-01 0.000000000e+00
    outer loop
      vertex 9.621019363e+00 -1.666409492e+01 -2.303644657e+00
      vertex 9.621019363e+00 -1.666409492e+01 2.303644657e+00
      vertex 8.954456329e+00 -1.781861877e+01 0.000000000e+00
    endloop
  endfacet
  facet normal 8.660256863e-01 4.999995828e-01 0.000000000e+00
    outer loop
      vertex -9.621019363e+00 -1.666409492e+01 -2.303644657e+00
      vertex -8.954456329e+00 -1.781861877e+01 -1.006954946e-07
      vertex -9.621019363e+00 -1.666409492e+01 2.303644657e+00
    endloop
  endfacet
  facet normal 0.000000000e+00 9.999999404e-01 0.000000000e+00
    outer loop
      vertex -9.621019363e+00 -1.666409492e+01 -2.303644657e+00
      vertex -9.621019363e+00 -1.666409492e+01 2.303644657e+00
      vertex -1.095414734e+01 -1.666409492e+01 0.000000000e+00
    endloop
  endfacet
  facet normal 8.655177355e-01 0.000000000e+00 5.008783937e-01
    outer loop
      vertex -9.621019363e+00 -1.666409492e+01 -2.303644657e+00
      vertex -1.095414734e+01 -1.666409492e+01 0.000000000e+00
      vertex -9.621019363e+00 -5.566975117e+00 -2.303643703e+00
    endloop
  endfacet
  facet normal 8.655174375e-01 8.079226827e-04 -5.008782148e-01
    outer loop
      vertex -9.621019363e+00 -1.666409492e+01 2.303644657e+00
      vertex -9.631424904e+00 -5.560705662e+00 2.303574324e+00
      vertex -1.095414734e+01 -1.666409492e+01 0.000000000e+00
    endloop
  endfacet
  facet normal -3.560804762e-04 -6.670805760e-06 -9.999998808e-01
    outer loop
      vertex -9.621019363e+00 -1.666409492e+01 2.303644657e+00
      vertex -9.610836029e+00 -5.560577869e+00 2.303566933e+00
      vertex -9.631424904e+00 -5.560705662e+00 2.303574324e+00
    endloop
  endfacet
  facet normal -8.655175567e-01 7.902944344e-04 -5.008780360e-01
    outer loop
      vertex -9.621019363e+00 -1.666409492e+01 2.303644657e+00
      vertex -8.515748024e+00 -1.475169086e+01 3.967527747e-01
      vertex -9.610836029e+00 -5.560577869e+00 2.303566933e+00
    endloop
  endfacet
  facet normal -8.655176759e-01 2.746669343e-04 5.008783937e-01
    outer loop
      vertex -9.621019363e+00 -1.666409492e+01 -2.303644657e+00
      vertex -8.287895203e+00 -6.324377537e+00 -5.674394779e-03
      vertex -8.287892342e+00 -1.435595322e+01 -1.266855281e-03
    endloop
  endfacet
  facet normal -8.653791547e-01 2.035045036e-04 5.011175275e-01
    outer loop
      vertex -9.621019363e+00 -1.666409492e+01 -2.303644657e+00
      vertex -9.618417740e+00 -5.553196430e+00 -2.303665161e+00
      vertex -8.287895203e+00 -6.324377537e+00 -5.674394779e-03
    endloop
  endfacet
  facet normal 8.244757541e-03 -8.568397192e-08 9.999660254e-01
    outer loop
      vertex -9.621019363e+00 -1.666409492e+01 -2.303644657e+00
      vertex -9.621019363e+00 -5.566975117e+00 -2.303643703e+00
      vertex -9.618417740e+00 -5.553196430e+00 -2.303665161e+00
    endloop
  endfacet
  facet normal 8.655179739e-01 0.000000000e+00 5.008779764e-01
    outer loop
      vertex -2.886305809e+01 -2.777349091e+01 -2.303644657e+00
      vertex -3.019618416e+01 -2.777349091e+01 0.000000000e+00
      vertex -2.886305809e+01 -1.667637253e+01 -2.303643703e+00
    endloop
  endfacet
  facet normal 8.685247302e-01 -1.447601710e-03 4.956437945e-01
    outer loop
      vertex -3.019618416e+01 -2.777349091e+01 0.000000000e+00
      vertex -3.018182564e+01 -1.898133850e+01 5.216037971e-04
      vertex -2.886305809e+01 -1.667637253e+01 -2.303643703e+00
    endloop
  endfacet
  facet normal 8.700858951e-01 -1.391407568e-03 -4.928980768e-01
    outer loop
      vertex -3.019618416e+01 -2.777349091e+01 0.000000000e+00
      vertex -2.887346458e+01 -1.667010307e+01 2.303574324e+00
      vertex -3.018182564e+01 -1.898133850e+01 5.216037971e-04
    endloop
  endfacet
  facet normal 8.655177355e-01 8.076026570e-04 -5.008777380e-01
    outer loop
      vertex -3.019618416e+01 -2.777349091e+01 0.000000000e+00
      vertex -2.886305809e+01 -2.777349091e+01 2.303644657e+00
      vertex -2.887346458e+01 -1.667010307e+01 2.303574324e+00
    endloop
  endfacet
  facet normal -3.393466759e-04 -6.670961284e-06 -9.999999404e-01
    outer loop
      vertex -2.886305809e+01 -2.777349091e+01 2.303644657e+00
      vertex -2.885287285e+01 -1.666997528e+01 2.303566933e+00
      vertex -2.887346458e+01 -1.667010307e+01 2.303574324e+00
    endloop
  endfacet
  facet normal -8.655174375e-01 7.904875092e-04 -5.008782744e-01
    outer loop
      vertex -2.886305809e+01 -2.777349091e+01 2.303644657e+00
      vertex -2.752993011e+01 -2.777349091e+01 -2.013909892e-07
      vertex -2.885287285e+01 -1.666997528e+01 2.303566933e+00
    endloop
  endfacet
  facet normal -8.677356839e-01 -2.727820538e-04 -4.970259666e-01
    outer loop
      vertex -2.752993011e+01 -2.777349091e+01 -2.013909892e-07
      vertex -2.752993393e+01 -1.743377304e+01 -5.674394779e-03
      vertex -2.885287285e+01 -1.666997528e+01 2.303566933e+00
    endloop
  endfacet
  facet normal -8.655176163e-01 2.744587255e-04 5.008784533e-01
    outer loop
      vertex -2.752993011e+01 -2.777349091e+01 -2.013909892e-07
      vertex -2.886305809e+01 -2.777349091e+01 -2.303644657e+00
      vertex -2.752993393e+01 -1.743377304e+01 -5.674394779e-03
    endloop
  endfacet
  facet normal -8.653792143e-01 2.032459306e-04 5.011174679e-01
    outer loop
      vertex -2.886305809e+01 -2.777349091e+01 -2.303644657e+00
      vertex -2.886045647e+01 -1.666259384e+01 -2.303665876e+00
      vertex -2.752993393e+01 -1.743377304e+01 -5.674394779e-03
    endloop
  endfacet
  facet normal 8.376617916e-03 -8.467584678e-08 9.999648929e-01
    outer loop
      vertex -2.886305809e+01 -2.777349091e+01 -2.303644657e+00
      vertex -2.886305809e+01 -1.667637253e+01 -2.303643703e+00
      vertex -2.886045647e+01 -1.666259384e+01 -2.303665876e+00
    endloop
  endfacet
  facet normal -3.514025593e-04 -6.012610393e-04 -9.999997020e-01
    outer loop
      vertex -3.848408127e+01 -1.110939693e+01 2.303644657e+00
      vertex -2.887346458e+01 -1.667010307e+01 2.303574324e+00
      vertex -2.885287285e+01 -1.666997528e+01 2.303566933e+00
    endloop
  endfacet
  facet normal 4.334580898e-01 7.491562963e-01 -5.008780956e-01
    outer loop
      vertex -3.848408127e+01 -1.110939693e+01 2.303644657e+00
      vertex -3.915064621e+01 -1.226391983e+01 -2.013909892e-07
      vertex -2.887346458e+01 -1.667010307e+01 2.303574324e+00
    endloop
  endfacet
  facet normal 4.336070418e-01 7.510871887e-01 -4.978483915e-01
    outer loop
      vertex -3.915064621e+01 -1.226391983e+01 -2.013909892e-07
      vertex -3.150089836e+01 -1.668050003e+01 -5.065760924e-04
      vertex -2.887346458e+01 -1.667010307e+01 2.303574324e+00
    endloop
  endfacet
  facet normal 4.327833652e-01 7.495460510e-01 5.008783937e-01
    outer loop
      vertex -3.915064621e+01 -1.226391983e+01 -2.013909892e-07
      vertex -3.848408127e+01 -1.110939693e+01 -2.303644657e+00
      vertex -3.150089836e+01 -1.668050003e+01 -5.065760924e-04
    endloop
  endfacet
  facet normal 4.323927164e-01 7.493298054e-01 5.015389919e-01
    outer loop
      vertex -3.848408127e+01 -1.110939693e+01 -2.303644657e+00
      vertex -2.886045647e+01 -1.666259384e+01 -2.303665876e+00
      vertex -3.150089836e+01 -1.668050003e+01 -5.065760924e-04
    endloop
  endfacet
  facet normal -4.324826002e-01 -7.494892478e-01 5.012230277e-01
    outer loop
      vertex -3.848408127e+01 -1.110939693e+01 -2.303644657e+00
      vertex -2.886305809e+01 -1.512473774e+01 -6.318270229e-03
      vertex -2.886045647e+01 -1.666259384e+01 -2.303665876e+00
    endloop
  endfacet
  facet normal -4.324938953e-01 -7.497134209e-01 5.008780360e-01
    outer loop
      vertex -3.848408127e+01 -1.110939693e+01 -2.303644657e+00
      vertex -3.781751633e+01 -9.954874992e+00 0.000000000e+00
      vertex -2.886305809e+01 -1.512473774e+01 -6.318270229e-03
    endloop
  endfacet
  facet normal -4.341991544e-01 -7.514467835e-01 -4.967885315e-01
    outer loop
      vertex -3.781751633e+01 -9.954874992e+00 0.000000000e+00
      vertex -2.886305809e+01 -1.665181923e+01 2.303559065e+00
      vertex -2.886305809e+01 -1.512473774e+01 -6.318270229e-03
    endloop
  endfacet
  facet normal -4.320438802e-01 -7.499727011e-01 -5.008782148e-01
    outer loop
      vertex -3.781751633e+01 -9.954874992e+00 0.000000000e+00
      vertex -3.848408127e+01 -1.110939693e+01 2.303644657e+00
      vertex -2.886305809e+01 -1.665181923e+01 2.303559065e+00
    endloop
  endfacet
  facet normal -3.995638399e-04 -6.476748385e-04 -9.999996424e-01
    outer loop
      vertex -3.848408127e+01 -1.110939693e+01 2.303644657e+00
      vertex -2.885287285e+01 -1.666997528e+01 2.303566933e+00
      vertex -2.886305809e+01 -1.665181923e+01 2.303559065e+00
    endloop
  endfacet
  facet normal 8.655180931e-01 0.000000000e+00 5.008778572e-01
    outer loop
      vertex -1.924203873e+01 -2.221879387e+01 -2.303644657e+00
      vertex -2.057516479e+01 -2.221879387e+01 0.000000000e+00
      vertex -1.924203873e+01 -1.112167358e+01 -2.303643703e+00
    endloop
  endfacet
  facet normal 8.685247302e-01 -1.447601127e-03 4.956437945e-01
    outer loop
      vertex -2.057516479e+01 -2.221879387e+01 0.000000000e+00
      vertex -2.056080627e+01 -1.342663860e+01 5.215984420e-04
      vertex -1.924203873e+01 -1.112167358e+01 -2.303643703e+00
    endloop
  endfacet
  facet normal 8.700859547e-01 -1.391734928e-03 -4.928980768e-01
    outer loop
      vertex -2.057516479e+01 -2.221879387e+01 0.000000000e+00
      vertex -1.925244522e+01 -1.111540413e+01 2.303574324e+00
      vertex -2.056080627e+01 -1.342663860e+01 5.215984420e-04
    endloop
  endfacet
  facet normal 8.655177355e-01 8.080187836e-04 -5.008776784e-01
    outer loop
      vertex -2.057516479e+01 -2.221879387e+01 0.000000000e+00
      vertex -1.924203873e+01 -2.221879387e+01 2.303644657e+00
      vertex -1.925244522e+01 -1.111540413e+01 2.303574324e+00
    endloop
  endfacet
  facet normal -3.585635277e-04 -6.670705261e-06 -9.999999404e-01
    outer loop
      vertex -1.924203873e+01 -2.221879387e+01 2.303644657e+00
      vertex -1.923185349e+01 -1.111527538e+01 2.303566933e+00
      vertex -1.925244522e+01 -1.111540413e+01 2.303574324e+00
    endloop
  endfacet
  facet normal -8.655174971e-01 7.902293000e-04 -5.008782148e-01
    outer loop
      vertex -1.924203873e+01 -2.221879387e+01 2.303644657e+00
      vertex -1.790891075e+01 -2.221879387e+01 -2.013909892e-07
      vertex -1.923185349e+01 -1.111527538e+01 2.303566933e+00
    endloop
  endfacet
  facet normal -8.677356839e-01 -2.730592678e-04 -4.970259666e-01
    outer loop
      vertex -1.790891075e+01 -2.221879387e+01 -2.013909892e-07
      vertex -1.790891457e+01 -1.187907600e+01 -5.674394779e-03
      vertex -1.923185349e+01 -1.111527538e+01 2.303566933e+00
    endloop
  endfacet
  facet normal -8.655176759e-01 2.741815115e-04 5.008783340e-01
    outer loop
      vertex -1.790891075e+01 -2.221879387e+01 -2.013909892e-07
      vertex -1.924203873e+01 -2.221879387e+01 -2.303644657e+00
      vertex -1.790891457e+01 -1.187907600e+01 -5.674394779e-03
    endloop
  endfacet
  facet normal -8.653792739e-01 2.035044745e-04 5.011174679e-01
    outer loop
      vertex -1.924203873e+01 -2.221879387e+01 -2.303644657e+00
      vertex -1.923943710e+01 -1.110789490e+01 -2.303665638e+00
      vertex -1.790891457e+01 -1.187907600e+01 -5.674394779e-03
    endloop
  endfacet
  facet normal 8.508732542e-03 -8.467571888e-08 9.999638200e-01
    outer loop
      vertex -1.924203873e+01 -2.221879387e+01 -2.303644657e+00
      vertex -1.924203873e+01 -1.112167358e+01 -2.303643703e+00
      vertex -1.923943710e+01 -1.110789490e+01 -2.303665638e+00
    endloop
  endfacet
  facet normal -3.464053734e-04 -6.012704107e-04 -9.999997616e-01
    outer loop
      vertex -2.886305809e+01 -5.554697990e+00 2.303644657e+00
      vertex -1.925244522e+01 -1.111540413e+01 2.303574324e+00
      vertex -1.923185349e+01 -1.111527538e+01 2.303566933e+00
    endloop
  endfacet
  facet normal 4.334583282e-01 7.491559982e-01 -5.008783937e-01
    outer loop
      vertex -2.886305809e+01 -5.554697990e+00 2.303644657e+00
      vertex -2.952962303e+01 -6.709219933e+00 -2.013909892e-07
      vertex -1.925244522e+01 -1.111540413e+01 2.303574324e+00
    endloop
  endfacet
  facet normal 4.336071908e-01 7.510867715e-01 -4.978488386e-01
    outer loop
      vertex -2.952962303e+01 -6.709219933e+00 -2.013909892e-07
      vertex -2.187987900e+01 -1.112580204e+01 -5.065781879e-04
      vertex -1.925244522e+01 -1.111540413e+01 2.303574324e+00
    endloop
  endfacet
  facet normal 4.327836037e-01 7.495461106e-01 5.008780956e-01
    outer loop
      vertex -2.952962303e+01 -6.709219933e+00 -2.013909892e-07
      vertex -2.886305809e+01 -5.554697990e+00 -2.303644657e+00
      vertex -2.187987900e+01 -1.112580204e+01 -5.065781879e-04
    endloop
  endfacet
  facet normal 4.323928356e-01 7.493293285e-01 5.015395880e-01
    outer loop
      vertex -2.886305809e+01 -5.554697990e+00 -2.303644657e+00
      vertex -1.923943710e+01 -1.110789490e+01 -2.303665638e+00
      vertex -2.187987900e+01 -1.112580204e+01 -5.065781879e-04
    endloop
  endfacet
  facet normal -4.324830174e-01 -7.494894862e-01 5.012225509e-01
    outer loop
      vertex -2.886305809e+01 -5.554697990e+00 -2.303644657e+00
      vertex -1.924203873e+01 -9.570039749e+00 -6.318270229e-03
      vertex -1.923943710e+01 -1.110789490e+01 -2.303665638e+00
    endloop
  endfacet
  facet normal -4.044522939e-04 -6.476271665e-04 -9.999997020e-01
    outer loop
      vertex -2.886305809e+01 -5.554697990e+00 2.303644657e+00
      vertex -1.923185349e+01 -1.111527538e+01 2.303566933e+00
      vertex -1.924203873e+01 -1.109712029e+01 2.303559065e+00
    endloop
  endfacet
  facet normal 8.685248494e-01 -1.448092284e-03 4.956435561e-01
    outer loop
      vertex -1.095414734e+01 -1.666409492e+01 0.000000000e+00
      vertex -1.093978691e+01 -7.871941090e+00 5.216037971e-04
      vertex -9.621019363e+00 -5.566975117e+00 -2.303643703e+00
    endloop
  endfacet
  facet normal 8.700859547e-01 -1.391735044e-03 -4.928980470e-01
    outer loop
      vertex -1.095414734e+01 -1.666409492e+01 0.000000000e+00
      vertex -9.631424904e+00 -5.560705662e+00 2.303574324e+00
      vertex -1.093978691e+01 -7.871941090e+00 5.216037971e-04
    endloop
  endfacet
  facet normal -4.315693974e-01 7.474934459e-01 -5.049765110e-01
    outer loop
      vertex -3.848407745e+01 -2.221879387e+01 2.303644657e+00
      vertex -3.018182564e+01 -1.898133850e+01 5.216037971e-04
      vertex -2.887346458e+01 -1.667010307e+01 2.303574324e+00
    endloop
  endfacet
  facet normal -4.315176308e-01 7.502768040e-01 -5.008763075e-01
    outer loop
      vertex -3.848407745e+01 -2.221879387e+01 2.303644657e+00
      vertex -3.781751251e+01 -2.337331581e+01 -2.013909892e-07
      vertex -3.018182564e+01 -1.898133850e+01 5.216037971e-04
    endloop
  endfacet
  facet normal -4.310021400e-01 7.492598891e-01 5.028387308e-01
    outer loop
      vertex -3.781751251e+01 -2.337331581e+01 -2.013909892e-07
      vertex -2.886305809e+01 -1.667637253e+01 -2.303643703e+00
      vertex -3.018182564e+01 -1.898133850e+01 5.216037971e-04
    endloop
  endfacet
  facet normal -4.320406020e-01 7.499735355e-01 5.008798242e-01
    outer loop
      vertex -3.781751251e+01 -2.337331581e+01 -2.013909892e-07
      vertex -3.848407745e+01 -2.221879387e+01 -2.303644657e+00
      vertex -2.886305809e+01 -1.667637253e+01 -2.303643703e+00
    endloop
  endfacet
  facet normal -1.030003885e-03 1.805754611e-03 9.999978542e-01
    outer loop
      vertex -3.848407745e+01 -2.221879387e+01 -2.303644657e+00
      vertex -2.886045647e+01 -1.666259384e+01 -2.303665876e+00
      vertex -2.886305809e+01 -1.667637253e+01 -2.303643703e+00
    endloop
  endfacet
  facet normal 4.327595234e-01 -7.495595813e-01 5.008788705e-01
    outer loop
      vertex -3.848407745e+01 -2.221879387e+01 -2.303644657e+00
      vertex -3.915064240e+01 -2.106427002e+01 0.000000000e+00
      vertex -2.886045647e+01 -1.666259384e+01 -2.303665876e+00
    endloop
  endfacet
  facet normal 4.332280159e-01 -7.559329867e-01 4.907939732e-01
    outer loop
      vertex -3.915064240e+01 -2.106427002e+01 0.000000000e+00
      vertex -3.150089836e+01 -1.668050003e+01 -5.065760924e-04
      vertex -2.886045647e+01 -1.666259384e+01 -2.303665876e+00
    endloop
  endfacet
  facet normal 4.303164482e-01 -7.509661317e-01 -5.008769035e-01
    outer loop
      vertex -3.915064240e+01 -2.106427002e+01 0.000000000e+00
      vertex -3.848407745e+01 -2.221879387e+01 2.303644657e+00
      vertex -3.150089836e+01 -1.668050003e+01 -5.065760924e-04
    endloop
  endfacet
  facet normal 4.350842834e-01 -7.535948157e-01 -4.927437305e-01
    outer loop
      vertex -3.848407745e+01 -2.221879387e+01 2.303644657e+00
      vertex -2.887346458e+01 -1.667010307e+01 2.303574324e+00
      vertex -3.150089836e+01 -1.668050003e+01 -5.065760924e-04
    endloop
  endfacet
endsolid
